<?xml version="1.0" encoding="utf-8"?>
<COLLADA xmlns="http://www.collada.org/2005/11/COLLADASchema" version="1.4.1" xmlns:xsi="http://www.w3.org/2001/XMLSchema-instance">
  <asset>
    <contributor>
      <author>Blender User</author>
      <authoring_tool>Blender 4.1.1 commit date:2024-04-15, commit time:15:11, hash:e1743a0317bc</authoring_tool>
    </contributor>
    <created>2025-08-14T19:28:24</created>
    <modified>2025-08-14T19:28:24</modified>
    <unit name="meter" meter="1"/>
    <up_axis>Z_UP</up_axis>
  </asset>
  <library_effects>
    <effect id="Ratrod_Body-effect">
      <profile_COMMON>
        <newparam sid="RatRod_D_png-surface">
          <surface type="2D">
            <init_from>RatRod_D_png</init_from>
          </surface>
        </newparam>
        <newparam sid="RatRod_D_png-sampler">
          <sampler2D>
            <source>RatRod_D_png-surface</source>
          </sampler2D>
        </newparam>
        <technique sid="common">
          <lambert>
            <emission>
              <color sid="emission">0 0 0 1</color>
            </emission>
            <diffuse>
              <texture texture="RatRod_D_png-sampler" texcoord="UVMap"/>
            </diffuse>
            <index_of_refraction>
              <float sid="ior">1.45</float>
            </index_of_refraction>
          </lambert>
        </technique>
      </profile_COMMON>
    </effect>
  </library_effects>
  <library_images>
    <image id="RatRod_D_png" name="RatRod_D_png">
      <init_from>/D:/arkol/Documents/Projects/Art/PlanetaryDefender/Examples/BigVehicle/RatRod/RatRod_D.png</init_from>
    </image>
  </library_images>
  <library_materials>
    <material id="Ratrod_Body-material" name="Ratrod_Body">
      <instance_effect url="#Ratrod_Body-effect"/>
    </material>
  </library_materials>
  <library_geometries>
    <geometry id="Wheel_LOD2-mesh" name="Wheel_LOD2">
      <mesh>
        <source id="Wheel_LOD2-mesh-positions">
          <float_array id="Wheel_LOD2-mesh-positions-array" count="276">0.5960437 -0.1849734 -0.1077883 0.5738187 -0.1877055 0.1765382 -0.5776982 0.1719257 0.1721828 -0.5915684 0.2062811 -0.01664334 0.4196851 -0.1758225 -0.4379056 -0.5754996 0.1733424 -0.1793619 -0.4787049 0.210888 -0.3426173 0.2141146 0.1801238 -0.5654782 -0.0894711 0.1819716 -0.1556429 -0.09617125 0.2046874 -0.5862712 0.1585545 0.1808318 -0.1059424 0.4688643 0.1733424 -0.3788625 0.06668573 0.1806914 0.1768578 0.5280448 0.1737048 0.291118 0.1404852 0.1745669 0.5900994 -0.1768089 0.1815338 0.05363398 -0.41748 0.1770153 0.4404896 -0.3220171 0.2552644 -0.3670288 -0.3196175 0.192207 -0.506514 0.416032 0.2450369 -0.3156255 0.2646892 0.224931 -0.5048835 0.4469156 0.255522 0.05581271 0.590757 0.2080734 0.01467752 0.5296344 0.2204273 0.2146461 0.5556575 0.1916329 -0.2238624 0.3452104 0.2559536 0.3329164 0.3919857 0.1908819 0.4520369 0.1009824 0.2252084 0.5557492 -0.1902207 0.2029111 0.5640857 -0.5315333 0.2387571 0.1007204 -0.4398036 0.2254482 0.360937 0.04252105 0.2555115 -0.4441977 0.04339897 0.2568607 0.4344271 -0.3200346 0.2561568 0.3112784 -0.3160712 0.2509903 -0.116559 -0.1264588 0.2525756 -0.3083817 0.2701897 0.2530004 -0.1980583 0.07052439 0.2534238 -0.3207178 0.3289254 0.2502158 0.06623595 0.2074452 0.2555003 0.2530606 0.06199198 0.2507901 0.3247221 -0.1728366 0.2531554 0.2868555 -0.3087543 0.2501165 0.1173904 -0.2658025 0.2596359 0.08063036 -0.2468716 0.2595999 -0.1319554 1.4571e-7 0.2590267 -0.2899646 0.2468717 0.2595999 -0.131955 0.2410967 0.2590268 0.1610953 -0.08371901 0.2591874 0.275987 -0.5982563 -0.1738162 -0.103603 0.08943474 -0.181921 -0.1555801 -0.04922419 -0.171221 -0.6013931 0.1282063 -0.2079457 -0.575867 -0.09877896 -0.1821691 -0.1478328 -0.277318 -0.1845111 -0.5340344 0.1767026 -0.1814579 0.05360168 0 -0.1821165 0.1777245 -0.5534642 -0.2066776 0.2073641 -0.4688647 -0.1733441 0.3788616 -0.1768977 -0.1816002 0.05366098 -0.5354677 -0.2364082 -0.1263978 -0.1954707 -0.2378708 -0.5082461 -0.4601207 -0.2015556 -0.3806633 0.3284531 -0.2265456 -0.4532751 0.1707957 -0.2574965 -0.4234873 0.5043625 -0.2277179 -0.2422574 0.1153989 -0.243683 0.5089856 0.4329658 -0.2052986 0.4056848 0.2242732 -0.1840699 0.5643442 -0.06182253 -0.1858415 0.5977953 -0.1492618 -0.2562053 0.4463454 -0.2988258 -0.2019643 0.5132184 -0.4472554 -0.2469049 0.2510426 0.4317339 -0.2550521 0.2051782 -0.4191425 -0.2550652 -0.008921265 -0.1460474 -0.2552334 -0.3784437 0.4719811 -0.2560729 0.02064979 -0.3266852 -0.2544058 -0.03145444 0.2616747 -0.2521231 -0.2140421 0.3343371 -0.245805 0.0670005 0.173056 -0.2537885 0.2860363 -0.2997052 -0.2512343 0.1369153 -0.2576761 -0.251703 -0.2073646 0.03864413 -0.2525849 -0.3285514 -0.1282183 -0.2521579 -0.3016148 0.3129489 -0.2617725 0.05864644 -0.1288535 -0.2521188 0.3124815 -0.2768856 -0.2592726 0.07474851 -0.1543728 -0.2589458 -0.2475487 0.1562049 -0.2595317 -0.2337763 0.2575946 -0.2594788 0.1158303 -0.009172022 -0.2589087 0.2915415</float_array>
          <technique_common>
            <accessor source="#Wheel_LOD2-mesh-positions-array" count="92" stride="3">
              <param name="X" type="float"/>
              <param name="Y" type="float"/>
              <param name="Z" type="float"/>
            </accessor>
          </technique_common>
        </source>
        <source id="Wheel_LOD2-mesh-normals">
          <float_array id="Wheel_LOD2-mesh-normals-array" count="309">-0.8881385 0.3473793 -0.300895 -0.6676919 0.5841393 -0.4614856 -0.6504834 -0.5473041 -0.526621 0.8784731 -0.4534719 -0.1504935 0.8210844 0.5705209 0.01806569 0.8424147 -0.4778109 0.2490667 0.6990373 0.4219668 -0.5773135 0.8155675 0.484029 -0.3171209 0.341466 -0.4456937 0.8275013 0.2219939 0.3331576 0.9163649 -0.102284 -0.4707207 0.8763332 -0.4271572 0.8992769 0.09401065 -0.8178484 0.573986 -0.04079264 -0.8973439 0.3325077 0.2901941 -0.1639251 0.9665938 -0.1970409 -0.4635217 0.4815146 -0.7438356 0.1564789 0.9876569 0.006950378 0.3560881 0.8878312 -0.2914738 0.01010805 0.9839112 -0.1783719 0.3283323 0.772841 -0.5430604 0.6202241 0.7518014 0.223868 0.8313075 0.311042 0.4606308 0.07778662 0.8193553 0.5679845 0.5563866 0.4905713 0.6706519 0.1832966 0.9650808 0.1871401 -0.2487925 0.5700297 0.7830508 -0.08447229 0.9898861 0.113974 -0.5098763 0.7743749 0.3746596 -0.01126521 0.9909762 0.1335645 -0.1202073 0.565818 -0.8157207 0.3030892 0.952829 -0.01593655 0.01104497 0.9995797 -0.02680182 0.512763 -0.02799159 -0.8580738 0.0222612 0.9997498 0.002211034 -0.01634079 0.9998342 0.008039236 -0.00987029 0.9999513 -1.49871e-4 0.1165401 0.9930135 0.01851111 -0.1340424 0.9864139 -0.09497511 -0.1666116 0.9852368 0.03935843 0.1356412 0.9897666 -0.04431235 -0.8025216 0.08433187 0.590633 -0.006663799 0.9869329 -0.160994 0.1617947 0.9829097 0.08781355 7.73728e-4 0.9999852 0.005412459 -0.1744276 0.870562 -0.4601051 0.1722256 0.8254972 -0.5374876 -0.4696474 0.835514 -0.2852156 -0.3610528 0.901657 0.2380244 -0.01283478 0.8227669 0.5682341 0.2155023 0.9068819 0.3621104 -0.5887295 0.7552451 0.2881016 0.5146248 0.8089546 0.2841719 0.3834147 0.9139426 -0.133049 0.6097944 0.7656334 -0.2048323 0.6013987 -0.5652154 0.5646692 -0.4134826 -0.5477322 0.7273387 0.1947284 -0.5688446 -0.7990599 -0.07920551 -0.3552644 -0.9314042 0.2970927 0.3549991 -0.8864038 -0.7088706 -0.4113958 0.5729362 -0.633565 0.3442866 0.6928652 -0.4326508 -0.3926853 -0.8115489 -0.7981247 -0.5413194 0.2645189 -0.9291435 -0.3421807 -0.140017 -0.477236 -0.8694742 -0.1275166 -0.1545696 -0.8819018 -0.4453737 0.6575695 -0.3558993 -0.6640316 0.5603504 -0.7747676 -0.2928183 0.3258646 -0.8135292 -0.4816456 0.2245914 -0.9691671 0.10136 0.2479557 -0.9686532 0.01513737 0.0793308 -0.9215006 0.3801886 -0.07093089 -0.9703302 0.2311458 -0.2866117 -0.93721 0.1987243 -0.07973057 -0.9967916 -0.007048904 0.05668073 -0.9854612 -0.1601672 0.07195621 -0.9958425 0.0558592 -0.03709942 -0.9981094 -0.04900485 -0.01208746 -0.9990666 -0.04147249 9.44459e-4 -0.9999524 -0.009716391 -0.00901103 -0.9999228 0.008563756 -0.02664017 -0.9996158 -0.00766611 0.1808668 -0.9825622 0.04311448 -0.01160341 -0.9998749 0.01074963 0.002853751 -0.9999222 -0.0121538 0.01162326 -0.9999305 -0.001983225 0.5446818 -0.8361939 0.06404328 -0.09586143 -0.9852789 -0.1415492 0.08484327 -0.9848446 -0.1512708 -0.1433734 -0.9885466 0.04711568 0.02204507 -0.9288868 0.369707 -0.2071287 -0.955061 -0.212029 -0.0171833 -0.9209651 -0.3892662 0.01906591 -0.8236778 -0.5667376 0.4015762 -0.9073996 -0.1239469 -0.3377753 -0.9335848 -0.1196969 0.2423002 -0.9220994 0.3017008 0.3162336 -0.8176711 0.4810512 -0.21713 -0.9109491 0.3507511 -0.02941155 0.9809425 0.1920593 -0.3408972 -0.8081831 0.4802388 -0.4619788 -0.8859868 -0.04003649 0.5864068 -0.7958428 -0.1508686</float_array>
          <technique_common>
            <accessor source="#Wheel_LOD2-mesh-normals-array" count="103" stride="3">
              <param name="X" type="float"/>
              <param name="Y" type="float"/>
              <param name="Z" type="float"/>
            </accessor>
          </technique_common>
        </source>
        <source id="Wheel_LOD2-mesh-map-0">
          <float_array id="Wheel_LOD2-mesh-map-0-array" count="1080">0.0321328 0.9610469 0.03672134 0.9853671 0.03559607 0.9910814 0.03336673 0.6798393 0.03539741 0.6947579 0.03417944 0.7165995 0.0321328 0.640882 0.03489631 0.6639105 0.03336673 0.6798393 0.03323465 0.7861924 0.0321328 0.7974833 0.03399139 0.823521 0.04482799 0.9218856 0.03555977 0.9406387 0.0321328 0.915095 0.05469769 0.5242045 0.03424096 0.5279473 0.04567146 0.5106979 0.05666589 0.7011004 0.04849863 0.6439626 0.05676531 0.5777482 0.03489631 0.6639105 0.0321328 0.640882 0.04054796 0.6091383 0.04044282 0.7235776 0.0321328 0.7327783 0.03539741 0.6947579 0.04164248 0.801687 0.03402793 0.7606399 0.05273866 0.750346 0.05273866 0.750346 0.03402793 0.7606399 0.04044282 0.7235776 0.04044282 0.7235776 0.03402793 0.7606399 0.0321328 0.7327783 0.04164248 0.801687 0.03628617 0.8393799 0.0321328 0.7974833 0.04849863 0.6439626 0.03539741 0.6947579 0.03489631 0.6639105 0.05618649 0.9899844 0.04482799 0.9218856 0.06011039 0.8788362 0.04482799 0.9218856 0.0321328 0.915095 0.04140412 0.8844555 0.03539741 0.6947579 0.05666589 0.7011004 0.04044282 0.7235776 0.04164248 0.801687 0.05273866 0.750346 0.06125366 0.8090057 0.04164248 0.801687 0.06125366 0.8090057 0.03628617 0.8393799 0.03677934 0.5591925 0.05469769 0.5242045 0.05676531 0.5777482 0.03628617 0.8393799 0.06011039 0.8788362 0.04140412 0.8844555 0.0756126 0.965691 0.05618649 0.9899844 0.06011039 0.8788362 0.0756126 0.5106979 0.05676531 0.5777482 0.05469769 0.5242045 0.0756126 0.5945504 0.05676531 0.5777482 0.0756126 0.5466448 0.0756126 0.7090931 0.05273866 0.750346 0.05666589 0.7011004 0.0756126 0.8550761 0.06125366 0.8090057 0.0756126 0.7984655 0.0756126 0.965691 0.06011039 0.8788362 0.0756126 0.9070317 0.0756126 0.9070317 0.06011039 0.8788362 0.0756126 0.8550761 0.3341829 0.9223634 0.3439523 0.9235116 0.3459532 0.9504606 0.3341829 0.9223634 0.3151484 0.9048001 0.3439523 0.9235116 0.2671044 0.9427115 0.2627053 0.9358598 0.2948828 0.9142333 0.2948828 0.9142333 0.2849692 0.9084987 0.3151484 0.9048001 0.2821034 0.9797896 0.288257 0.9934495 0.2646818 0.9725396 0.3459532 0.9504606 0.3439523 0.9235116 0.3534467 0.9504519 0.09560018 0.782399 0.07836693 0.793082 0.07836693 0.7679379 0.0956003 0.9336958 0.07836705 0.8976665 0.09560024 0.8781755 0.0956003 0.9336958 0.07836705 0.9370828 0.07836705 0.8976665 0.09560024 0.8781755 0.07836693 0.8578971 0.09560018 0.8288394 0.09560018 0.8288394 0.07836693 0.8578971 0.07836693 0.8291106 0.03669154 0.7522289 0.0321328 0.7327783 0.03402793 0.7606399 0.03323465 0.7861924 0.03669154 0.7522289 0.03402793 0.7606399 0.03568369 0.8568712 0.03399139 0.823521 0.03628617 0.8393799 0.03717279 0.588519 0.0321328 0.5653496 0.0321328 0.5998144 0.0321328 0.8848173 0.03568369 0.8568712 0.0321328 0.8745396 0.03669154 0.7522289 0.03417944 0.7165995 0.0321328 0.7327783 0.03321182 0.5345512 0.03559601 0.5106979 0.03424096 0.5279473 0.03728872 0.9097872 0.0321328 0.8848173 0.0321328 0.915095 0.0321328 0.5653496 0.03321182 0.5345512 0.03677934 0.5591925 0.03568369 0.8568712 0.03628617 0.8393799 0.0321328 0.8745396 0.03728872 0.9097872 0.0321328 0.9509233 0.04319393 0.9557311 0.0321328 0.5653496 0.03717279 0.588519 0.04377955 0.5421428 0.0321328 0.6310395 0.042557 0.6589176 0.04219418 0.6203584 0.1125022 0.8469354 0.1436197 0.8126098 0.1451079 0.8420318 0.03417944 0.7165995 0.0493803 0.7343487 0.05251652 0.6903747 0.042557 0.6589176 0.03336673 0.6798393 0.05251652 0.6903747 0.0473352 0.7973563 0.05685973 0.8393883 0.0493803 0.7343487 0.0473352 0.7973563 0.03399139 0.823521 0.05685973 0.8393883 0.05040448 0.8969115 0.06672513 0.939107 0.05685973 0.8393883 0.0321328 0.8848173 0.03728872 0.9097872 0.03568369 0.8568712 0.0321328 0.9509233 0.03555977 0.9406387 0.0321328 0.9610469 0.05535966 0.6004782 0.04377955 0.5421428 0.03717279 0.588519 0.05535966 0.6004782 0.03717279 0.588519 0.04219418 0.6203584 0.042557 0.6589176 0.05535966 0.6004782 0.04219418 0.6203584 0.04319393 0.9557311 0.05040448 0.8969115 0.03728872 0.9097872 0.0756126 0.5106979 0.06672513 0.5432348 0.0756126 0.5349364 0.0756126 0.573587 0.05535966 0.6004782 0.0756126 0.6347353 0.06672513 0.939107 0.0756126 0.9851275 0.0756126 0.9451681 0.0756126 0.6347353 0.05251652 0.6903747 0.0756126 0.7090931 0.05685973 0.8393883 0.0756126 0.8484135 0.0756126 0.775358 0.0756126 0.7090931 0.0493803 0.7343487 0.0756126 0.775358 0.0756126 0.5349364 0.06672513 0.5432348 0.0756126 0.573587 0.06672513 0.939107 0.0756126 0.9451681 0.0756126 0.9070315 0.05685973 0.8393883 0.0756126 0.9070315 0.0756126 0.8484135 0.001723766 0.8943844 0.004478573 0.8942273 0.002744078 0.8608044 0.004478573 0.8942273 0.001723766 0.8943844 0.003294467 0.9342193 0.3159838 0.9140431 0.2839903 0.9090558 0.2756625 0.9255658 0.3490754 0.932631 0.3159838 0.9140431 0.3445627 0.9492508 0.294209 0.9946362 0.3183058 0.9860998 0.2764705 0.9762029 0.3334338 0.9872753 0.3445627 0.9492508 0.3183058 0.9860998 0.2619996 0.9376741 0.2647109 0.9717496 0.2756625 0.9255658 0.09560018 0.7824322 0.07836693 0.7844985 0.09560018 0.8294028 0.07836705 0.9946537 0.0956003 0.9982525 0.0956003 0.9658342 0.09560018 0.8758479 0.07836699 0.8769487 0.0956003 0.9164894 0.07836699 0.8769487 0.09560018 0.8758479 0.09560018 0.8294028 0.0321328 0.6310395 0.0321328 0.5998144 0.0321328 0.640882 0.0321328 0.5653496 0.03677934 0.5591925 0.0321328 0.5998144 0.03417944 0.7165995 0.03539741 0.6947579 0.0321328 0.7327783 0.0756126 0.7609254 0.06125366 0.8090057 0.05273866 0.750346 0.03336673 0.6798393 0.03489631 0.6639105 0.03539741 0.6947579 0.03559601 0.5106979 0.0321328 0.5106979 0.03424096 0.5279473 0.03323465 0.7861924 0.03402793 0.7606399 0.0321328 0.7974833 0.0321328 0.8848173 0.0321328 0.8745396 0.0321328 0.915095 0.03399139 0.823521 0.0321328 0.7974833 0.03628617 0.8393799 0.03321182 0.5345512 0.03424096 0.5279473 0.03677934 0.5591925 0.04054796 0.6091383 0.0321328 0.640882 0.0321328 0.5998144 0.03677934 0.5591925 0.04054796 0.6091383 0.0321328 0.5998144 0.03555977 0.9406387 0.03672134 0.9853671 0.0321328 0.9610469 0.05469769 0.5242045 0.03677934 0.5591925 0.03424096 0.5279473 0.04849863 0.6439626 0.03489631 0.6639105 0.04054796 0.6091383 0.03402793 0.7606399 0.04164248 0.801687 0.0321328 0.7974833 0.03628617 0.8393799 0.04140412 0.8844555 0.0321328 0.8745396 0.04140412 0.8844555 0.0321328 0.915095 0.0321328 0.8745396 0.03555977 0.9406387 0.04482799 0.9218856 0.05618649 0.9899844 0.04054796 0.6091383 0.03677934 0.5591925 0.05676531 0.5777482 0.03672134 0.9853671 0.03555977 0.9406387 0.05618649 0.9899844 0.04054796 0.6091383 0.05676531 0.5777482 0.04849863 0.6439626 0.03539741 0.6947579 0.04849863 0.6439626 0.05666589 0.7011004 0.05273866 0.750346 0.04044282 0.7235776 0.05666589 0.7011004 0.03628617 0.8393799 0.06125366 0.8090057 0.06011039 0.8788362 0.04140412 0.8844555 0.06011039 0.8788362 0.04482799 0.9218856 0.0756126 0.5106979 0.0756126 0.5466448 0.05676531 0.5777482 0.0756126 0.6425296 0.05666589 0.7011004 0.05676531 0.5777482 0.0756126 0.5945504 0.0756126 0.6425296 0.05676531 0.5777482 0.0756126 0.6425296 0.0756126 0.7090931 0.05666589 0.7011004 0.2646818 0.9725396 0.2671044 0.9427115 0.2821034 0.9797896 0.0756126 0.8550761 0.06011039 0.8788362 0.06125366 0.8090057 0.0756126 0.7090931 0.0756126 0.7609254 0.05273866 0.750346 0.3341829 0.9223634 0.2948828 0.9142333 0.3151484 0.9048001 0.2948828 0.9142333 0.2627053 0.9358598 0.2849692 0.9084987 0.2821034 0.9797896 0.3153196 0.9969105 0.288257 0.9934495 0.0321328 0.915095 0.0321328 0.9509233 0.03728872 0.9097872 0.3273507 0.9823759 0.3412277 0.9799193 0.3153196 0.9969105 0.3459532 0.9504606 0.3534467 0.9504519 0.3412277 0.9799193 0.3273507 0.9823759 0.3459532 0.9504606 0.3412277 0.9799193 0.09560018 0.8288394 0.07836693 0.8291106 0.07836693 0.793082 0.09560018 0.782399 0.09560018 0.8288394 0.07836693 0.793082 0.0956003 0.9336958 0.0956003 0.9910719 0.07836705 0.9767381 0.0956003 0.9336958 0.07836705 0.9767381 0.07836705 0.9370828 0.09560024 0.8781755 0.07836705 0.8976665 0.07836693 0.8578971 0.03559607 0.9910814 0.0321328 0.9509233 0.0321328 0.9610469 0.1189103 0.8524866 0.1448917 0.8135237 0.1205936 0.8055133 0.06672513 0.9985682 0.04319393 0.9557311 0.05416268 0.9985682 0.0321328 0.6310395 0.03717279 0.588519 0.0321328 0.5998144 0.03336673 0.6798393 0.0321328 0.6310395 0.0321328 0.640882 0.0956003 0.9658342 0.07836705 0.9191421 0.07836705 0.9442727 0.04319393 0.9557311 0.0321328 0.9509233 0.03559607 0.9910814 0.03559601 0.5106979 0.03321182 0.5345512 0.04377955 0.5421428 0.03717279 0.588519 0.0321328 0.6310395 0.04219418 0.6203584 0.03321182 0.5345512 0.0321328 0.5653496 0.04377955 0.5421428 0.03336673 0.6798393 0.03417944 0.7165995 0.05251652 0.6903747 0.03669154 0.7522289 0.03323465 0.7861924 0.0473352 0.7973563 0.03323465 0.7861924 0.03399139 0.823521 0.0473352 0.7973563 0.03417944 0.7165995 0.03669154 0.7522289 0.0493803 0.7343487 0.05685973 0.8393883 0.03399139 0.823521 0.03568369 0.8568712 0.04377955 0.5421428 0.05535966 0.6004782 0.06672513 0.5432348 0.0321328 0.6310395 0.03336673 0.6798393 0.042557 0.6589176 0.06672513 0.939107 0.05040448 0.8969115 0.04319393 0.9557311 0.05040448 0.8969115 0.03568369 0.8568712 0.03728872 0.9097872 0.03559607 0.9910814 0.05416268 0.9985682 0.04319393 0.9557311 0.0473352 0.7973563 0.0493803 0.7343487 0.03669154 0.7522289 0.05040448 0.8969115 0.05685973 0.8393883 0.03568369 0.8568712 0.05251652 0.6903747 0.05535966 0.6004782 0.042557 0.6589176 0.06672513 0.939107 0.06672513 0.9985682 0.0756126 0.9851275 0.06672513 0.5432348 0.05535966 0.6004782 0.0756126 0.573587 0.0756126 0.6347353 0.05535966 0.6004782 0.05251652 0.6903747 0.0493803 0.7343487 0.05685973 0.8393883 0.0756126 0.775358 0.05251652 0.6903747 0.0493803 0.7343487 0.0756126 0.7090931 0.05685973 0.8393883 0.06672513 0.939107 0.0756126 0.9070315 0.3159838 0.9140431 0.3490754 0.932631 0.3292337 0.9095928 0.3159838 0.9140431 0.3069161 0.9030832 0.2839903 0.9090558 0.3159838 0.9140431 0.3292337 0.9095928 0.3069161 0.9030832 0.2839903 0.9090558 0.2619996 0.9376741 0.2756625 0.9255658 0.2764705 0.9762029 0.2647109 0.9717496 0.294209 0.9946362 0.294209 0.9946362 0.3334338 0.9872753 0.3183058 0.9860998 0.3525366 0.9596931 0.3490754 0.932631 0.3445627 0.9492508 0.3445627 0.9492508 0.3334338 0.9872753 0.3525366 0.9596931 0.07836693 0.7844985 0.07836693 0.8302457 0.09560018 0.8294028 0.07836705 0.9704994 0.07836705 0.9946537 0.0956003 0.9658342 0.07836705 0.9442727 0.07836705 0.9704994 0.0956003 0.9658342 0.07836693 0.8302457 0.07836699 0.8769487 0.09560018 0.8294028 0.07836699 0.8769487 0.07836705 0.9191421 0.0956003 0.9164894 0.1125022 0.8469354 0.1117544 0.8119545 0.1436197 0.8126098 0.0756126 0.7609254 0.0756126 0.7984655 0.06125366 0.8090057 0.2646818 0.9725396 0.2627053 0.9358598 0.2671044 0.9427115 0.2821034 0.9797896 0.3273507 0.9823759 0.3153196 0.9969105 0.0321328 0.915095 0.03555977 0.9406387 0.0321328 0.9509233 0.1205936 0.8055133 0.1027616 0.8289981 0.1189103 0.8524866 0.1189103 0.8524866 0.1453238 0.841737 0.1448917 0.8135237 0.06672513 0.9985682 0.06672513 0.939107 0.04319393 0.9557311 0.0956003 0.9658342 0.0956003 0.9164894 0.07836705 0.9191421</float_array>
          <technique_common>
            <accessor source="#Wheel_LOD2-mesh-map-0-array" count="540" stride="2">
              <param name="S" type="float"/>
              <param name="T" type="float"/>
            </accessor>
          </technique_common>
        </source>
        <source id="Wheel_LOD2-mesh-colors-Attribute" name="Attribute">
          <float_array id="Wheel_LOD2-mesh-colors-Attribute-array" count="2160">1 1 1 1 1 1 1 1 1 1 1 1 1 1 1 1 1 1 1 1 1 1 1 1 1 1 1 1 1 1 1 1 1 1 1 1 1 1 1 1 1 1 1 1 1 1 1 1 1 1 1 1 1 1 1 1 1 1 1 1 1 1 1 1 1 1 1 1 1 1 1 1 1 1 1 1 1 1 1 1 1 1 1 1 1 1 1 1 1 1 1 1 1 1 1 1 1 1 1 1 1 1 1 1 1 1 1 1 1 1 1 1 1 1 1 1 1 1 1 1 1 1 1 1 1 1 1 1 1 1 1 1 1 1 1 1 1 1 1 1 1 1 1 1 1 1 1 1 1 1 1 1 1 1 1 1 1 1 1 1 1 1 1 1 1 1 1 1 1 1 1 1 1 1 1 1 1 1 1 1 1 1 1 1 1 1 1 1 1 1 1 1 1 1 1 1 1 1 1 1 1 1 1 1 1 1 1 1 1 1 1 1 1 1 1 1 1 1 1 1 1 1 1 1 1 1 1 1 1 1 1 1 1 1 1 1 1 1 1 1 1 1 1 1 1 1 1 1 1 1 1 1 1 1 1 1 1 1 1 1 1 1 1 1 1 1 1 1 1 1 1 1 1 1 1 1 1 1 1 1 1 1 1 1 1 1 1 1 1 1 1 1 1 1 1 1 1 1 1 1 1 1 1 1 1 1 1 1 1 1 1 1 1 1 1 1 1 1 1 1 1 1 1 1 1 1 1 1 1 1 1 1 1 1 1 1 1 1 1 1 1 1 1 1 1 1 1 1 1 1 1 1 1 1 1 1 1 1 1 1 1 1 1 1 1 1 1 1 1 1 1 1 1 1 1 1 1 1 1 1 1 1 1 1 1 1 1 1 1 1 1 1 1 1 1 1 1 1 1 1 1 1 1 1 1 1 1 1 1 1 1 1 1 1 1 1 1 1 1 1 1 1 1 1 1 1 1 1 1 1 1 1 1 1 1 1 1 1 1 1 1 1 1 1 1 1 1 1 1 1 1 1 1 1 1 1 1 1 1 1 1 1 1 1 1 1 1 1 1 1 1 1 1 1 1 1 1 1 1 1 1 1 1 1 1 1 1 1 1 1 1 1 1 1 1 1 1 1 1 1 1 1 1 1 1 1 1 1 1 1 1 1 1 1 1 1 1 1 1 1 1 1 1 1 1 1 1 1 1 1 1 1 1 1 1 1 1 1 1 1 1 1 1 1 1 1 1 1 1 1 1 1 1 1 1 1 1 1 1 1 1 1 1 1 1 1 1 1 1 1 1 1 1 1 1 1 1 1 1 1 1 1 1 1 1 1 1 1 1 1 1 1 1 1 1 1 1 1 1 1 1 1 1 1 1 1 1 1 1 1 1 1 1 1 1 1 1 1 1 1 1 1 1 1 1 1 1 1 1 1 1 1 1 1 1 1 1 1 1 1 1 1 1 1 1 1 1 1 1 1 1 1 1 1 1 1 1 1 1 1 1 1 1 1 1 1 1 1 1 1 1 1 1 1 1 1 1 1 1 1 1 1 1 1 1 1 1 1 1 1 1 1 1 1 1 1 1 1 1 1 1 1 1 1 1 1 1 1 1 1 1 1 1 1 1 1 1 1 1 1 1 1 1 1 1 1 1 1 1 1 1 1 1 1 1 1 1 1 1 1 1 1 1 1 1 1 1 1 1 1 1 1 1 1 1 1 1 1 1 1 1 1 1 1 1 1 1 1 1 1 1 1 1 1 1 1 1 1 1 1 1 1 1 1 1 1 1 1 1 1 1 1 1 1 1 1 1 1 1 1 1 1 1 1 1 1 1 1 1 1 1 1 1 1 1 1 1 1 1 1 1 1 1 1 1 1 1 1 1 1 1 1 1 1 1 1 1 1 1 1 1 1 1 1 1 1 1 1 1 1 1 1 1 1 1 1 1 1 1 1 1 1 1 1 1 1 1 1 1 1 1 1 1 1 1 1 1 1 1 1 1 1 1 1 1 1 1 1 1 1 1 1 1 1 1 1 1 1 1 1 1 1 1 1 1 1 1 1 1 1 1 1 1 1 1 1 1 1 1 1 1 1 1 1 1 1 1 1 1 1 1 1 1 1 1 1 1 1 1 1 1 1 1 1 1 1 1 1 1 1 1 1 1 1 1 1 1 1 1 1 1 1 1 1 1 1 1 1 1 1 1 1 1 1 1 1 1 1 1 1 1 1 1 1 1 1 1 1 1 1 1 1 1 1 1 1 1 1 1 1 1 1 1 1 1 1 1 1 1 1 1 1 1 1 1 1 1 1 1 1 1 1 1 1 1 1 1 1 1 1 1 1 1 1 1 1 1 1 1 1 1 1 1 1 1 1 1 1 1 1 1 1 1 1 1 1 1 1 1 1 1 1 1 1 1 1 1 1 1 1 1 1 1 1 1 1 1 1 1 1 1 1 1 1 1 1 1 1 1 1 1 1 1 1 1 1 1 1 1 1 1 1 1 1 1 1 1 1 1 1 1 1 1 1 1 1 1 1 1 1 1 1 1 1 1 1 1 1 1 1 1 1 1 1 1 1 1 1 1 1 1 1 1 1 1 1 1 1 1 1 1 1 1 1 1 1 1 1 1 1 1 1 1 1 1 1 1 1 1 1 1 1 1 1 1 1 1 1 1 1 1 1 1 1 1 1 1 1 1 1 1 1 1 1 1 1 1 1 1 1 1 1 1 1 1 1 1 1 1 1 1 1 1 1 1 1 1 1 1 1 1 1 1 1 1 1 1 1 1 1 1 1 1 1 1 1 1 1 1 1 1 1 1 1 1 1 1 1 1 1 1 1 1 1 1 1 1 1 1 1 1 1 1 1 1 1 1 1 1 1 1 1 1 1 1 1 1 1 1 1 1 1 1 1 1 1 1 1 1 1 1 1 1 1 1 1 1 1 1 1 1 1 1 1 1 1 1 1 1 1 1 1 1 1 1 1 1 1 1 1 1 1 1 1 1 1 1 1 1 1 1 1 1 1 1 1 1 1 1 1 1 1 1 1 1 1 1 1 1 1 1 1 1 1 1 1 1 1 1 1 1 1 1 1 1 1 1 1 1 1 1 1 1 1 1 1 1 1 1 1 1 1 1 1 1 1 1 1 1 1 1 1 1 1 1 1 1 1 1 1 1 1 1 1 1 1 1 1 1 1 1 1 1 1 1 1 1 1 1 1 1 1 1 1 1 1 1 1 1 1 1 1 1 1 1 1 1 1 1 1 1 1 1 1 1 1 1 1 1 1 1 1 1 1 1 1 1 1 1 1 1 1 1 1 1 1 1 1 1 1 1 1 1 1 1 1 1 1 1 1 1 1 1 1 1 1 1 1 1 1 1 1 1 1 1 1 1 1 1 1 1 1 1 1 1 1 1 1 1 1 1 1 1 1 1 1 1 1 1 1 1 1 1 1 1 1 1 1 1 1 1 1 1 1 1 1 1 1 1 1 1 1 1 1 1 1 1 1 1 1 1 1 1 1 1 1 1 1 1 1 1 1 1 1 1 1 1 1 1 1 1 1 1 1 1 1 1 1 1 1 1 1 1 1 1 1 1 1 1 1 1 1 1 1 1 1 1 1 1 1 1 1 1 1 1 1 1 1 1 1 1 1 1 1 1 1 1 1 1 1 1 1 1 1 1 1 1 1 1 1 1 1 1 1 1 1 1 1 1 1 1 1 1 1 1 1 1 1 1 1 1 1 1 1 1 1 1 1 1 1 1 1 1 1 1 1 1 1 1 1 1 1 1 1 1 1 1 1 1 1 1 1 1 1 1 1 1 1 1 1 1 1 1 1 1 1 1 1 1 1 1 1 1 1 1 1 1 1 1 1 1 1 1 1 1 1 1 1 1 1 1 1 1 1 1 1 1 1 1 1 1 1 1 1 1 1 1 1 1 1 1 1 1 1 1 1 1 1 1 1 1 1 1 1 1 1 1 1 1 1 1 1 1 1 1 1 1 1 1 1 1 1 1 1 1 1 1 1 1 1 1 1 1 1 1 1 1 1 1 1 1 1 1 1 1 1 1 1 1 1 1 1 1 1 1 1 1 1 1 1 1 1 1 1 1 1 1 1 1 1 1 1 1 1 1 1 1 1 1 1 1 1 1 1 1 1 1 1 1 1 1 1 1 1 1 1 1 1 1 1 1 1 1 1 1 1 1 1 1 1 1 1 1 1 1 1 1 1 1 1 1 1 1 1 1 1 1 1 1 1 1 1 1 1 1 1 1 1 1 1 1 1 1 1 1 1 1 1 1 1 1 1 1 1 1 1 1 1 1 1 1 1 1 1 1 1 1 1 1 1 1 1 1 1 1 1 1 1 1 1 1 1 1 1 1 1 1 1 1 1 1 1 1 1 1 1 1 1 1 1 1 1 1 1 1 1 1 1 1 1 1 1 1 1 1 1 1 1 1 1 1 1 1 1 1 1 1 1 1 1 1 1 1 1 1 1 1 1 1 1 1 1 1 1 1 1 1 1 1 1 1 1 1 1 1 1 1 1 1 1 1 1 1 1 1 1 1 1 1 1 1 1 1 1 1 1 1 1 1 1 1 1 1 1 1 1 1 1 1 1 1 1 1 1 1 1 1 1 1 1 1 1 1 1 1 1 1 1 1 1 1 1 1 1 1 1 1 1 1 1 1 1 1 1 1 1 1 1 1 1 1 1 1 1 1 1 1 1 1 1 1 1 1 1 1 1 1 1 1 1 1 1 1 1 1 1 1 1 1 1 1 1 1 1 1 1 1 1 1 1 1 1 1 1 1 1 1 1 1 1 1 1 1 1 1 1 1 1 1 1 1 1 1 1 1 1 1 1 1 1 1 1 1 1 1 1 1 1 1 1</float_array>
          <technique_common>
            <accessor source="#Wheel_LOD2-mesh-colors-Attribute-array" count="540" stride="4">
              <param name="R" type="float"/>
              <param name="G" type="float"/>
              <param name="B" type="float"/>
              <param name="A" type="float"/>
            </accessor>
          </technique_common>
        </source>
        <vertices id="Wheel_LOD2-mesh-vertices">
          <input semantic="POSITION" source="#Wheel_LOD2-mesh-positions"/>
        </vertices>
        <triangles material="Ratrod_Body-material" count="180">
          <input semantic="VERTEX" source="#Wheel_LOD2-mesh-vertices" offset="0"/>
          <input semantic="NORMAL" source="#Wheel_LOD2-mesh-normals" offset="1"/>
          <input semantic="TEXCOORD" source="#Wheel_LOD2-mesh-map-0" offset="2" set="0"/>
          <input semantic="COLOR" source="#Wheel_LOD2-mesh-colors-Attribute" offset="3" set="0"/>
          <p>5 0 0 0 6 1 1 1 62 2 2 2 0 3 3 3 22 4 4 4 1 5 5 5 11 6 6 6 24 7 7 7 0 3 8 8 68 8 9 9 14 9 10 10 69 10 11 11 29 11 12 12 3 12 13 13 2 13 14 14 17 14 15 15 18 15 16 16 6 1 17 17 21 16 18 18 19 17 19 19 31 18 20 20 24 7 21 21 11 6 22 22 20 19 23 23 23 20 24 24 13 21 25 25 22 4 26 26 27 22 27 27 26 23 28 28 25 24 29 29 25 24 30 30 26 23 31 31 23 20 32 32 23 20 33 33 26 23 34 34 13 21 35 35 27 22 36 36 28 25 37 37 14 9 38 38 19 17 39 39 22 4 40 40 24 7 41 41 17 14 42 42 29 11 43 43 33 26 44 44 29 11 45 45 2 13 46 46 30 27 47 47 22 4 48 48 21 16 49 49 23 20 50 50 27 22 51 51 25 24 52 52 32 28 53 53 27 22 54 54 32 28 55 55 28 25 56 56 9 29 57 57 17 14 58 58 31 18 59 59 28 25 60 60 33 26 61 61 30 27 62 62 34 30 63 63 17 14 64 64 33 26 65 65 34 30 66 66 31 18 67 67 17 14 68 68 37 31 69 69 31 18 70 70 35 32 71 71 38 33 72 72 25 24 73 73 21 16 74 74 41 34 75 75 32 28 76 76 40 35 77 77 34 30 78 78 33 26 79 79 42 36 80 80 42 36 81 81 33 26 82 82 41 34 83 83 44 37 84 84 34 30 85 85 43 38 86 86 44 37 87 87 35 32 88 88 34 30 89 89 46 39 90 90 36 40 91 91 45 41 92 92 45 41 93 93 37 31 94 94 35 32 95 95 47 42 96 96 39 43 97 97 38 33 98 98 43 38 99 99 34 30 100 100 42 36 101 101 12 44 102 102 48 45 103 103 47 46 104 104 10 47 105 105 45 48 106 106 8 49 107 107 10 47 108 108 46 50 109 109 45 48 110 110 8 49 111 111 44 51 112 112 15 52 113 113 15 52 114 114 44 51 115 115 43 53 116 116 67 54 117 117 13 21 118 118 26 23 119 119 68 8 120 120 67 54 121 121 26 23 122 122 71 55 123 123 69 10 124 124 28 25 125 125 52 56 126 126 51 57 127 127 7 58 128 128 58 59 129 129 71 55 130 130 16 60 131 131 67 54 132 132 1 5 133 133 13 21 134 134 54 61 135 135 62 2 136 136 18 15 137 137 57 62 138 138 58 59 139 139 2 13 140 140 51 57 141 141 54 61 142 142 9 29 143 143 71 55 144 144 28 25 145 145 16 60 146 146 57 62 147 147 49 63 148 148 60 64 149 149 51 57 150 150 52 56 151 151 61 65 152 152 4 66 153 153 65 67 154 154 63 68 155 155 12 44 156 156 8 49 157 157 15 52 158 158 1 5 159 159 73 69 160 160 76 70 161 161 65 67 162 162 0 3 163 163 76 70 164 164 66 71 165 165 70 72 166 166 73 69 167 167 66 71 168 168 69 10 169 169 70 72 170 170 72 73 171 171 74 74 172 172 70 72 173 173 58 59 174 174 57 62 175 175 71 55 176 176 49 63 177 177 3 12 178 178 5 0 179 179 64 75 180 180 61 65 181 181 52 56 182 182 64 75 183 183 52 56 184 184 63 68 185 185 65 67 186 186 64 75 187 187 63 68 188 188 60 64 189 189 72 73 190 190 57 62 191 191 82 76 192 192 75 77 193 193 84 78 194 194 83 79 195 195 64 75 196 196 78 80 197 197 74 74 198 198 82 76 199 199 77 81 200 200 78 80 201 201 76 70 202 202 79 82 203 203 70 72 204 204 86 83 205 205 80 84 206 206 79 82 207 207 73 69 208 208 80 84 209 209 84 78 210 210 75 77 211 211 83 79 212 212 74 74 213 213 77 81 214 214 81 85 215 215 70 72 216 216 81 85 217 217 86 83 218 218 79 82 219 219 85 86 220 220 78 80 221 221 85 86 222 222 79 82 223 223 80 84 224 224 88 87 225 225 83 79 226 226 89 88 227 227 77 81 228 228 88 87 229 229 87 89 230 230 80 84 231 231 91 90 232 232 90 91 233 233 86 83 234 234 87 89 235 235 91 90 236 236 78 80 237 237 85 86 238 238 89 88 239 239 56 92 240 240 91 93 241 241 59 94 242 242 91 93 243 243 56 92 244 244 55 95 245 245 53 96 246 246 88 97 247 247 50 98 248 248 88 97 249 249 53 96 250 250 59 94 251 251 4 66 252 252 7 58 253 253 11 6 254 254 51 57 255 255 9 29 256 256 7 58 257 257 1 5 258 258 22 4 259 259 13 21 260 260 39 43 261 261 32 28 262 262 25 24 263 263 0 3 264 264 24 7 265 265 22 4 266 266 62 2 267 267 6 1 268 268 18 15 269 269 68 8 270 270 26 23 271 271 14 9 272 272 58 59 273 273 16 60 274 274 2 13 275 275 69 10 276 276 14 9 277 277 28 25 278 278 54 61 279 279 18 15 280 280 9 29 281 281 20 19 282 282 11 6 283 283 7 58 284 284 9 29 285 285 20 19 286 286 7 58 287 287 3 12 288 288 6 1 289 289 5 0 290 290 17 14 291 291 9 29 292 292 18 15 293 293 19 17 294 294 24 7 295 295 20 19 296 296 26 23 297 297 27 22 298 298 14 9 299 299 28 25 300 300 30 27 301 301 16 60 302 302 30 27 303 303 2 13 304 304 16 60 305 305 3 12 306 306 29 11 307 307 17 14 308 308 20 19 309 309 9 29 310 310 31 18 311 311 6 1 312 312 3 12 313 313 17 14 314 314 20 19 315 315 31 18 316 316 19 17 317 317 22 4 318 318 19 17 319 319 21 16 320 320 25 24 321 321 23 20 322 322 21 16 323 323 28 25 324 324 32 28 325 325 33 26 326 326 30 27 327 327 33 26 328 328 29 11 329 329 34 30 330 330 35 32 331 331 31 18 332 332 36 40 333 333 21 16 334 334 31 18 335 335 37 31 336 336 36 40 337 337 31 18 338 338 36 40 339 339 38 33 340 340 21 16 341 341 38 33 342 342 46 39 343 343 47 42 344 344 41 34 345 345 33 26 346 346 32 28 347 347 38 33 348 348 39 43 349 349 25 24 350 350 44 37 351 351 45 41 352 352 35 32 353 353 45 41 354 354 36 40 355 355 37 31 356 356 47 42 357 357 40 35 358 358 39 43 359 359 2 13 360 360 49 63 361 361 57 62 362 362 48 99 363 363 41 34 364 364 40 35 365 365 43 38 366 366 42 36 367 367 41 34 368 368 48 99 369 369 43 38 370 370 41 34 371 371 15 52 372 372 43 53 373 373 48 45 374 374 12 44 375 375 15 52 376 376 48 45 377 377 10 47 378 378 12 44 379 379 47 46 380 380 10 47 381 381 47 46 382 382 46 50 383 383 8 49 384 384 45 48 385 385 44 51 386 386 62 2 387 387 49 63 388 388 5 0 389 389 56 92 390 390 53 96 391 391 50 98 392 392 75 77 393 393 60 64 394 394 61 65 395 395 4 66 396 396 52 56 397 397 7 58 398 398 0 3 399 399 4 66 400 400 11 6 401 401 55 95 402 402 89 100 403 403 85 101 404 404 60 64 405 405 49 63 406 406 62 2 407 407 62 2 408 408 54 61 409 409 61 65 410 410 52 56 411 411 4 66 412 412 63 68 413 413 54 61 414 414 51 57 415 415 61 65 416 416 0 3 417 417 1 5 418 418 76 70 419 419 67 54 420 420 68 8 421 421 66 71 422 422 68 8 423 423 69 10 424 424 66 71 425 425 1 5 426 426 67 54 427 427 73 69 428 428 70 72 429 429 69 10 430 430 71 55 431 431 61 65 432 432 64 75 433 433 75 77 434 434 4 66 435 435 0 3 436 436 65 67 437 437 74 74 438 438 72 73 439 439 60 64 440 440 72 73 441 441 71 55 442 442 57 62 443 443 62 2 444 444 61 65 445 445 60 64 446 446 66 71 447 447 73 69 448 448 67 54 449 449 72 73 450 450 70 72 451 451 71 55 452 452 76 70 453 453 64 75 454 454 65 67 455 455 74 74 456 456 75 77 457 457 82 76 458 458 75 77 459 459 64 75 460 460 83 79 461 461 78 80 462 462 64 75 463 463 76 70 464 464 73 69 465 465 70 72 466 466 80 84 467 467 76 70 468 468 73 69 469 469 79 82 470 470 70 72 471 471 74 74 472 472 81 85 473 473 88 87 474 474 77 81 475 475 82 76 476 476 88 87 477 477 84 78 478 478 83 79 479 479 88 87 480 480 82 76 481 481 84 78 482 482 83 79 483 483 78 80 484 484 89 88 485 485 90 91 486 486 85 101 487 487 80 84 488 488 80 84 489 489 86 83 490 490 91 90 491 491 81 85 492 492 77 81 493 493 87 89 494 494 87 89 495 495 86 83 496 496 81 85 497 497 91 93 498 498 87 102 499 499 59 94 500 500 90 91 501 501 91 93 502 502 55 95 503 503 85 101 504 504 90 91 505 505 55 95 506 506 87 102 507 507 88 97 508 508 59 94 509 509 88 97 510 510 89 100 511 511 50 98 512 512 12 44 513 513 10 47 514 514 8 49 515 515 39 43 516 516 40 35 517 517 32 28 518 518 38 33 519 519 36 40 520 520 46 39 521 521 47 42 522 522 48 99 523 523 40 35 524 524 2 13 525 525 3 12 526 526 49 63 527 527 50 98 528 528 55 95 529 529 56 92 530 530 56 92 531 531 59 94 532 532 53 96 533 533 75 77 534 534 74 74 535 535 60 64 536 536 55 95 537 537 50 98 538 538 89 100 539 539</p>
        </triangles>
      </mesh>
    </geometry>
    <geometry id="Wheel_LOD100-mesh" name="Wheel_LOD100">
      <mesh>
        <source id="Wheel_LOD100-mesh-positions">
          <float_array id="Wheel_LOD100-mesh-positions-array" count="915">0.5884712 -0.1733876 -0.1170542 0.5543277 -0.1733876 0.2296101 -0.5543277 0.173386 0.22961 -0.5884712 0.1733859 0.1170538 -0.5999999 0.1733859 -1.89932e-7 0.3333421 -0.1733876 -0.4988819 0.2296101 0.173386 -0.5543279 -0.1170542 0.173386 -0.5884713 -0.1702406 0.1822908 -0.02948105 -0.5884712 0.1733859 -0.1170542 -0.5543277 0.1733859 -0.2296103 -0.1145141 0.1822413 -0.1317839 -0.4988818 0.1733859 -0.3333423 -0.424264 0.1733859 -0.4242642 -0.3333421 0.1733859 -0.4988819 0.3333421 0.1733859 -0.4988819 0.424264 0.173386 -0.4242643 -0.01979297 0.1823033 -0.1703102 0 0.1733859 -0.6000002 0.1170542 0.1733859 -0.5884713 0.07793349 0.1822475 -0.156236 -0.2296099 0.1733859 -0.5543279 0.1579261 0.1822884 -0.07006561 0.4988818 0.1733859 -0.3333421 0.5884712 0.1733859 -0.1170544 0.1709454 0.1823082 0.01683694 0.5999999 0.1733859 -1.78814e-7 0.5543277 0.1733859 0.2296099 0.134457 0.1822513 0.1103463 0.4988817 0.173386 0.3333419 0.5884712 0.1733859 0.1170539 0.5543277 0.1733859 -0.2296102 0.424264 0.1733859 0.424264 0.3333421 0.1733859 0.4988815 0.05263918 0.1823052 0.1631785 0.2296101 0.1733859 0.5543275 0.1170542 0.1733859 0.5884709 -0.03380703 0.1822766 0.1699541 0 0.1733859 0.5999998 -0.1170542 0.1733859 0.5884709 -0.22961 0.173386 0.5543275 -0.1218407 0.182291 0.1218407 -0.3333421 0.1733859 0.4988815 -0.424264 0.1733859 0.4242638 -0.4988818 0.1733859 0.3333419 -0.1631755 0.1823033 0.05264037 -0.5709388 0.2131963 -1.78814e-7 -0.4474509 0.2494133 -0.1853412 -0.531266 0.2357004 -0.05002295 -0.5599685 0.2131963 -0.1113848 -0.5162449 0.2247774 -0.2101492 -0.4747183 0.2131963 -0.3171968 -0.2582433 0.2497612 -0.40635 -0.4195782 0.235274 -0.3321981 -0.3599179 0.2144474 -0.4439963 0.3171966 0.2131963 -0.4747185 0.3041486 0.2495641 -0.3706068 0.3389869 0.2352764 -0.4130566 0.4037147 0.2131963 -0.4037149 -0.1113846 0.2131963 -0.5599685 0.04752838 0.2497338 -0.4825523 -0.05390971 0.234936 -0.5340046 0 0.2131962 -0.570939 0.1618928 0.2357074 -0.5093404 0.162611 0.2144476 -0.5479335 -0.2605128 0.235274 -0.4674769 -0.2184889 0.2131963 -0.5274789 0.4441469 0.2496175 -0.1839737 0.4747183 0.2131963 -0.3171968 0.5599685 0.2131963 -0.1113848 0.4746273 0.2495384 0.09384661 0.5312662 0.2357004 -0.05002194 0.5709388 0.2131963 -1.78814e-7 0.5274787 0.2131963 0.2184887 0.5149926 0.234939 0.1477473 0.3325563 0.2497612 0.348161 0.4432947 0.2351409 0.2961999 0.4747183 0.2131963 0.3171965 0.5599684 0.2131963 0.1113844 0.5274787 0.2131963 -0.218489 0.4728142 0.23528 -0.2527248 0.4037147 0.2131963 0.4037145 0.3389871 0.2352763 0.4130564 0.3171966 0.2131963 0.4747182 0.04752677 0.2497338 0.4825524 0.1626118 0.2144474 0.547933 0.1643091 0.235274 0.5093168 0 0.235141 0.533146 0 0.2131963 0.5709387 -0.1113846 0.2131963 0.5599681 -0.2982863 0.2499498 0.3834766 -0.1643098 0.235274 0.5093165 -0.2184889 0.2131963 0.5274786 -0.3599179 0.2144474 0.4439958 -0.3467082 0.235274 0.4076698 -0.5599685 0.2131963 0.1113844 -0.5229018 0.2351409 0.1040114 -0.4747183 0.2131963 0.3171965 -0.4703363 0.2496881 0.1043054 -0.4762734 0.2349391 0.2453778 -0.5274787 0.2131963 0.2184887 -0.380734 0.2552258 0.1177352 -0.3575082 0.2551461 -0.1783294 -0.1602933 0.2551558 -0.3612868 0.153966 0.2550268 -0.3761037 0.3807345 0.2552257 -0.1177343 0.3388375 0.2550268 0.2243848 0.03010278 0.2552281 0.3989312 -0.2265307 0.2551096 0.3235355 -0.3301854 0.2459208 -2.38419e-7 -0.3155928 0.2459292 -0.1018113 -0.2558046 0.2458423 -0.2103453 -0.1564292 0.2459942 -0.2930094 0.2100514 0.2459293 -0.2559483 -0.03245538 0.2459293 -0.3295115 0.09643423 0.2459297 -0.3179032 0.2929809 0.2459296 -0.1566019 0.3305314 0.2459292 -0.02671027 0.3078619 0.245801 0.1279863 0.2146732 0.2459931 0.2526749 0.1263564 0.245921 0.3050512 0.03277635 0.2458423 0.3295552 -0.09068268 0.245929 0.3189685 -0.2105863 0.2459942 0.2568616 -0.3078619 0.245801 0.127986 -0.3175715 0.259737 -0.03127849 -0.282357 0.2597473 -0.150923 -0.2024388 0.2597388 -0.2466731 0.2031099 0.2597439 -0.2474904 0 0.2597268 -0.3182251 0.09263128 0.2597372 -0.3053678 -0.09812003 0.259741 -0.3041546 0.2967337 0.2597712 -0.122912 0.318551 0.2597409 0.02574217 0.2940015 0.259727 0.1217792 0.2434537 0.2597389 0.2070477 0.1504251 0.2597389 0.281427 0.03137856 0.259744 0.3186225 -0.09812301 0.2597408 0.3041532 -0.2271131 0.2597663 0.2271134 -0.3063752 0.2597473 0.09293758 -0.2720633 0.2597172 0.0267955 -0.2624759 0.2597149 -0.07962083 -0.2085657 0.2597154 -0.1773774 0.1052951 0.2596901 -0.2542017 -0.1052973 0.2596943 -0.2542067 0 0.2597268 -0.2726286 0.2085656 0.2597154 -0.1773774 0.262476 0.2597149 -0.07962036 0.2691606 0.2596858 0.06053608 0.2085635 0.2597131 0.1773748 0.1288722 0.2597172 0.2410979 3.03076e-7 0.2596738 0.2767123 -0.1589354 0.25969 0.2255095 -0.2436869 0.2597131 0.124809 -0.5999999 -0.1733876 -1.78814e-7 -0.1702101 -0.1822692 -0.0294758 -0.5884712 -0.1733876 -0.1170544 -0.5543277 -0.1733876 -0.2296102 -0.1251648 -0.1822868 -0.1190888 -0.4988819 -0.1733877 -0.3333423 -0.424264 -0.1733876 -0.4242642 -0.3333421 -0.1733876 -0.4988819 0.1327767 -0.1823053 -0.1089681 0.4242641 -0.1733876 -0.4242642 -0.1170542 -0.1733876 -0.5884713 0.05048567 -0.1822375 -0.1664304 0 -0.1733877 -0.6000002 0.1170542 -0.1733876 -0.5884713 0.22961 -0.1733876 -0.5543279 -0.04986459 -0.1823111 -0.1643773 -0.2296099 -0.1733877 -0.5543279 0.4988817 -0.1733876 -0.3333423 0.5999999 -0.1733876 -1.7935e-7 0.1344498 -0.182246 0.1103404 0.4988817 -0.1733876 0.3333419 0.5884712 -0.1733876 0.1170538 0.5543277 -0.1733876 -0.2296104 0.1741588 -0.1822429 -0.01221108 0.4242641 -0.1733876 0.4242638 0.3333422 -0.1733876 0.4988815 0.05264085 -0.1823108 0.1631834 0.22961 -0.1733876 0.5543275 0.1170542 -0.1733877 0.5884709 -0.03380107 -0.1822559 0.1699246 0 -0.1733877 0.5999998 -0.1170542 -0.1733877 0.5884709 -0.2296099 -0.1733876 0.5543275 -0.3333421 -0.1733876 0.4988815 -0.4242639 -0.1733876 0.4242639 -0.5884712 -0.1733876 0.1170539 -0.4988818 -0.1733877 0.333342 -0.1251707 -0.1822925 0.1190934 -0.1638332 -0.1823117 0.04969781 -0.5543277 -0.1733876 0.2296099 -0.4466075 -0.2496426 -0.1849927 -0.531266 -0.2357021 -0.05002295 -0.568128 -0.2153497 -0.05595642 -0.5274787 -0.213198 -0.218489 -0.4925628 -0.2351425 -0.2040263 -0.439622 -0.2144492 -0.3652477 -0.2577317 -0.2496284 -0.4073031 -0.4195782 -0.2352758 -0.3321979 -0.3171966 -0.213198 -0.4747185 0.3171966 -0.213198 -0.4747185 0.3325572 -0.249763 -0.3481603 0.3389866 -0.235278 -0.413057 0.4037147 -0.213198 -0.4037149 -0.1113846 -0.213198 -0.5599685 -0.1040117 -0.2351427 -0.5229018 0.04752832 -0.2497355 -0.4825522 0 -0.2131979 -0.570939 0.04656004 -0.2354557 -0.5328838 0.2040262 -0.2351425 -0.4925629 0.1626111 -0.2144492 -0.5479334 -0.260513 -0.2352756 -0.4674768 -0.2184889 -0.213198 -0.5274789 0.4432948 -0.2351425 -0.2962003 0.5599685 -0.213198 -0.1113848 0.5147663 -0.2352756 -0.1463456 0.5709388 -0.213198 -1.78814e-7 0.5274787 -0.213198 0.2184887 0.4063333 -0.2496898 0.2588225 0.4745039 -0.2354557 0.2469388 0.4747183 -0.213198 0.3171965 0.5308169 -0.235702 0.05458378 0.5599684 -0.213198 0.1113844 0.5022287 -0.2126196 -0.2775126 0.482608 -0.2498397 -0.0596953 0.4037147 -0.213198 0.4037145 0.1853431 -0.249415 0.4474498 0.3461169 -0.2349407 0.4089618 0.3171966 -0.213198 0.4747182 0.1626119 -0.2144491 0.5479331 0.1643091 -0.2352756 0.5093168 -0.1395889 -0.2499078 0.4636313 0 -0.2351427 0.533146 0 -0.213198 0.5709387 -0.1113846 -0.213198 0.5599681 -0.1643093 -0.2352757 0.5093168 -0.2663832 -0.2144492 0.5056809 -0.2962 -0.2351425 0.4432945 -0.3648023 -0.2496421 0.3093044 -0.4037147 -0.213198 0.4037145 -0.5599685 -0.213198 0.1113844 -0.5149927 -0.2349407 0.147747 -0.4747183 -0.213198 0.3171965 -0.4195781 -0.2352757 0.3321979 -0.4707435 -0.2495333 0.1053209 -0.5274787 -0.213198 0.2184887 0.1897521 -0.2552274 -0.3504486 0.280583 -0.2551521 0.2922359 -0.0369299 -0.2552273 0.396807 -0.3818014 -0.255299 0.115819 -0.3656302 -0.2550495 -0.1514462 -0.1460474 -0.2552334 -0.3784437 0.3979301 -0.2549269 -0.0791527 -0.2485289 -0.2551352 0.3041096 -0.3305683 -0.2459959 -0.03239125 -0.2922255 -0.245844 -0.1558374 -0.2334764 -0.2459225 -0.2334765 -0.1511666 -0.2459309 -0.2951493 0.2597397 -0.2458837 -0.2062323 -0.03245532 -0.2459309 -0.3295115 0.06441605 -0.2459226 -0.323841 0.1612537 -0.2459948 -0.289701 0.3305314 -0.2459308 -0.02671027 0.3078619 -0.2458026 0.1279863 0.3050515 -0.2459225 -0.1263567 0.2146733 -0.2459948 0.2526749 0.1018123 -0.2459308 0.3155924 0 -0.2459228 0.3301851 -0.09615397 -0.2457793 0.3169736 -0.2106654 -0.2460846 0.2566968 -0.3078618 -0.2458027 0.1279863 -0.3074057 -0.2597452 -0.08739405 -0.2645943 -0.2597287 -0.1767965 -0.202439 -0.2597404 -0.246673 0.2070466 -0.2597425 -0.2434527 0.02574455 -0.2597424 -0.3185511 0.1217794 -0.2597287 -0.2940016 -0.09811991 -0.2597426 -0.3041546 0.2967337 -0.2597728 -0.1229119 0.3185511 -0.2597425 0.02574217 0.2940015 -0.2597287 0.1217792 0.2434538 -0.2597405 0.2070477 0.150425 -0.2597405 0.2814271 0.06208264 -0.2597284 0.3121101 -0.03689515 -0.2597424 0.3174525 -0.1784386 -0.2597729 0.2670539 -0.3175701 -0.2597404 0.03127777 -0.2823616 -0.2597432 0.1509248 -0.2757989 -0.2596874 -0.006862819 -0.241101 -0.2597203 -0.128871 -0.1740039 -0.2597146 -0.2120241 -0.047073 -0.2596874 -0.2718386 0.08406072 -0.2597149 -0.2605658 0.1945617 -0.2596958 -0.1945618 0.262476 -0.2597165 -0.07962042 0.2691606 -0.2596874 0.0605359 0.2085633 -0.2597148 0.177375 0.09920161 -0.2596874 0.2574316 -0.03161484 -0.2597172 0.271961 -0.133281 -0.2597172 0.2391619 -0.2331308 -0.2596874 0.1475196</float_array>
          <technique_common>
            <accessor source="#Wheel_LOD100-mesh-positions-array" count="305" stride="3">
              <param name="X" type="float"/>
              <param name="Y" type="float"/>
              <param name="Z" type="float"/>
            </accessor>
          </technique_common>
        </source>
        <source id="Wheel_LOD100-mesh-normals">
          <float_array id="Wheel_LOD100-mesh-normals-array" count="1194">-0.8734634 0.3253722 -0.3622083 -0.7919762 0.3045353 -0.5291805 -0.7936896 -0.3192914 -0.5177934 0.6735189 0.3045341 0.6735216 0.5291821 0.3045249 0.7919791 0.5291808 -0.3045334 0.7919768 -0.1858235 0.3045402 -0.9341976 1.42629e-6 0.3045266 -0.9525039 2.64083e-7 -0.3045403 -0.9524995 -0.5182037 0.3150329 0.7951221 -0.6774224 0.3192912 0.6626855 -0.6735207 -0.3045299 0.6735217 -0.5182041 0.3150374 -0.7951201 -0.3645091 0.3045254 -0.8799986 -0.3645076 -0.304534 -0.8799962 0.1744789 -0.3150382 0.9329031 0.3722593 0.3192952 0.8714779 0.1744796 0.3150298 0.9329057 0.372259 0.3192958 -0.8714778 0.5291817 0.3045256 -0.7919791 0.5291805 -0.3045338 -0.7919768 0.7919757 0.3045296 -0.5291845 0.8799966 0.3045302 -0.3645098 0.879939 -0.3190588 -0.3520069 0.0153234 0.9998617 0.006473422 -0.09677505 0.984611 -0.1455197 -0.1820881 0.9805404 -0.07337898 0.01071977 0.999775 0.01830744 -0.1936402 0.9124132 -0.360563 -0.4185057 0.7509174 -0.5108581 -0.3013708 0.9199049 -0.2508998 -0.5290329 0.8208625 -0.2151956 -0.6627226 0.736698 -0.1344424 -0.3729897 0.9272015 -0.03429532 0.2502572 0.9191772 -0.3041129 0.4765878 0.7479892 -0.4619266 0.3580457 0.7475042 -0.5595005 -1.08074e-4 0.9999975 0.002276778 0.1061188 0.9862453 -0.1267242 0.0174514 0.9805653 -0.1954157 1.1234e-4 0.9999973 -0.002358973 0.1774598 0.9836524 0.03059238 -0.01522105 0.9998657 0.006089627 0.1644353 0.9843427 -0.0634858 0.3745566 0.9264798 -0.03664451 0.6653414 0.7464718 0.01003527 0.6481766 0.7486277 -0.1393691 0.1898544 0.7342054 0.6518418 0.1185211 0.9849976 0.1254296 -0.1145189 0.9277448 0.3552113 -0.2699761 0.7443646 0.6107653 -0.123948 0.7439026 0.6566931 0.01820993 0.9998286 -0.003359079 -0.1106401 0.9826123 0.1491033 0.01776087 0.9996606 -0.01906454 0.3484105 0.9174609 -0.1920304 0.6219745 0.7438724 -0.2445436 0.548882 0.7438717 -0.381292 -0.3344196 0.9250875 0.179935 -0.6259094 0.7384089 0.2509779 -0.5437362 0.7486599 0.379288 0.3834874 0.9162979 0.1154803 0.3094911 0.9294227 0.2009692 0.242339 0.9195044 0.3094894 -0.003993749 0.9200262 0.3918365 0.019243 0.9822651 0.1865076 -0.2665478 0.9165598 0.2981116 0.01337301 0.9773862 0.2110388 -0.02818435 0.9914874 0.1271164 -0.01377224 0.9908077 -0.1345759 -0.003591418 0.9998366 -0.01771914 -0.1128599 0.9709869 -0.2108251 0.0530886 0.9820018 -0.1812569 0.1077355 0.9881498 -0.1093309 0.2002214 0.9796885 0.01103419 0.1379158 0.9874878 -0.07646763 -0.5540385 0.4995991 -0.6659145 -0.316505 0.7494732 -0.5814762 -0.5191386 0.7372218 -0.4324342 0.04782313 0.5750805 -0.8166979 -0.08017063 0.6997177 -0.709907 -0.2544536 0.4769288 -0.841304 -0.775547 0.4675321 -0.424194 -0.6350967 0.7474589 -0.1948266 -0.8074291 0.5820843 -0.09610497 0.9091219 0.4003377 0.1150092 0.6395038 0.7652064 -0.07412165 0.8190265 0.5030696 -0.2758924 0.3977006 0.5814003 0.7097942 0.2383579 0.7052827 0.6676541 0.4315452 0.7376577 0.519259 0.6251025 0.7368817 0.2573952 0.6568042 0.7027208 0.273481 0.7275695 0.3929861 0.5623207 -0.802267 0.5694133 0.1792658 -0.5862484 0.7545633 0.2948679 -0.6865735 0.4509235 0.5703375 5.72537e-4 0.9999998 2.2579e-4 5.03014e-4 1 3.62962e-5 5.69814e-4 1 -1.04505e-4 5.44414e-4 0.9999998 3.68355e-4 5.12859e-4 0.9999998 4.78224e-4 5.67268e-4 0.9999998 3.14441e-4 -8.49798e-4 0.9999995 4.79974e-4 -6.6003e-4 0.9999997 5.51826e-4 -3.5451e-4 0.9999995 9.09538e-4 2.90316e-4 0.9999996 8.78571e-4 1.26794e-4 0.9999998 7.96867e-4 9.79576e-4 0.9999989 -0.001210391 4.71989e-4 0.9999992 -0.001156151 -5.58164e-5 0.9999989 -0.001472711 -9.75429e-4 0.9999995 -1.27994e-4 -6.34365e-4 0.9999998 -3.96018e-4 -0.001043856 0.9999995 1.58524e-4 -0.001074373 0.9999994 4.13021e-4 -0.001022517 0.9999994 4.79053e-4 6.69636e-4 0.9999998 -2.47264e-4 8.53555e-4 0.9999996 -5.47108e-4 0.3321029 0.9371501 -0.1070389 0.5408908 0.7909374 -0.2861037 0.2484086 0.9351564 -0.2525386 0.3505625 0.9336051 0.07407754 0.6085504 0.7912579 -0.05981212 -0.3233456 0.9342246 0.1505728 -0.5886133 0.7911815 0.1660309 -0.4583267 0.7942897 0.3987988 0.0380001 0.935701 0.3507413 0.2355968 0.79302 0.5617949 0.2460261 0.9309986 0.2696529 -0.1135479 0.9360184 -0.3331315 0.007157444 0.7908294 -0.6119949 -0.2811482 0.7932159 -0.5401523 0.07844531 0.9326292 -0.352206 -0.2808697 0.9320892 -0.2287401 -0.1653826 0.9311398 0.3250036 -0.005402565 0.7951363 0.6064066 -0.2329964 0.7935041 0.5621957 0.5704214 0.8000099 0.1860204 0.6735207 -0.3045263 0.6735234 0.6735209 -0.3045315 -0.6735208 0.6735189 0.3045344 -0.6735214 -0.3531282 -0.3150291 0.880941 -0.1858238 -0.3045405 0.9341974 -0.3645076 0.3045334 0.8799964 0.1744779 -0.3150342 -0.9329046 0.1744805 0.3150337 -0.9329043 -0.5351251 -0.319291 0.782109 0.7919765 -0.3045346 0.5291805 0.8799998 -0.3045247 0.3645065 0.7919755 0.3045298 0.5291847 -0.5291843 -0.3045255 -0.7919774 -0.6633669 -0.3150376 -0.6787457 0.3722602 -0.3192862 0.8714807 -0.8799983 -0.3045263 0.3645088 -0.7919752 -0.3045339 0.529183 -0.8799959 0.3045346 0.3645079 -0.1858254 -0.3045263 -0.9342016 -0.006787538 -0.9999224 0.01044738 0.1212364 -0.9851844 -0.1212986 -0.01102328 -0.9999393 -2.22504e-4 0.002643346 -0.999996 0.001076638 0.01827687 -0.9847249 -0.1731555 0.1897697 -0.743208 -0.6415836 0.1551962 -0.9265752 -0.342597 0.03952932 -0.9078091 -0.4175165 0.07319557 -0.9834468 0.165755 0.004754185 -0.9998736 -0.01517993 -0.002820491 -0.9999958 -7.28301e-4 -0.0490815 -0.9841936 0.170159 0.01692575 -0.9996871 -0.01842081 -0.1303222 -0.9065343 0.4015119 -0.3139204 -0.7407082 0.5939742 -0.2214104 -0.9245812 0.3100437 -0.1251758 -0.9864038 0.1064827 0.01786297 -0.9998303 -0.004520118 0.3094273 -0.9276945 -0.2088965 0.5986777 -0.7320909 -0.3250046 0.385019 -0.9145205 -0.1241477 -0.2928018 -0.9280595 -0.2301582 -0.1633183 -0.9842963 -0.06699293 -0.3715748 -0.9158064 -0.1524169 -0.1924195 -0.9167702 -0.3500101 -0.09885042 -0.9845442 -0.1445729 -0.07462835 -0.93118 -0.3568397 -0.3580449 -0.9332404 -0.02943474 0.2458896 -0.9187912 -0.3088059 0.1982598 -0.9799352 -0.02049565 0.372357 -0.9269737 0.0454989 0.1203885 -0.9212388 0.3698995 0.2470345 -0.9237363 0.2927207 0.1469357 -0.9845346 0.09540247 0.3518214 -0.9193936 0.17589 0.00649017 -0.9307484 0.3656027 -0.1751112 -0.9839396 0.03462642 -0.3821617 -0.9167473 0.1163046 0.1556072 -0.9760686 0.15191 0.0677371 -0.991071 0.1148483 -0.1946948 -0.968948 0.1524263 -0.06936389 -0.9905865 0.1180127 -0.02403795 -0.9744006 0.2235301 0.02184009 -0.9997206 0.009046614 0.1286412 -0.9886264 0.07790637 0.187052 -0.9822722 0.01236546 -0.1359337 -0.9907066 -0.004753172 -0.3025217 -0.9479085 -0.09975045 -0.1283695 -0.9896724 0.06379532 -0.07413828 -0.9713107 -0.2259622 -0.07817965 -0.991975 -0.09936577 -0.008233785 -0.9897189 -0.1427898 0.06105798 -0.9856409 -0.1574293 -0.003497481 -0.9808781 0.1945915 0.1365664 -0.988101 -0.07075494 -0.6652463 -0.7443987 -0.0576018 -0.8408703 -0.4773991 -0.2550048 -0.9180269 -0.377278 0.1220173 -0.6329811 -0.7040792 -0.3218811 -0.6401802 -0.6149672 -0.4604179 -0.0746625 -0.7424004 -0.6657832 0.05632668 -0.559338 -0.8270238 -0.2480087 -0.4983086 -0.830771 -0.3148068 -0.7419792 -0.5919152 -0.5031831 -0.575218 -0.6449272 0.570795 -0.4791499 -0.6667898 0.4925263 -0.7832845 -0.3793195 0.7472753 -0.5917169 -0.3024083 0.2776467 -0.6069685 -0.7446487 0.3461034 -0.7170822 -0.6049839 0.6344709 -0.7695795 -0.07207113 0.9091219 -0.4003378 0.1150093 0.6251025 -0.7368813 0.2573966 0.6568041 -0.7027205 0.273482 0.7275697 -0.3929884 0.5623188 0.4329992 -0.7335935 0.5237865 0.4216883 -0.4919097 0.7617112 -0.1073966 -0.5662212 0.8172267 -0.2044222 -0.7714934 0.6025026 -0.4314704 -0.5093658 0.7445669 0.2218288 -0.7130742 0.6650694 0.1268357 -0.6057114 0.7855103 -0.701844 -0.5273138 0.4789105 -0.6445551 -0.7279954 0.2336052 2.03778e-4 -0.9999994 0.001137793 -1.43279e-4 -0.9999998 8.05103e-4 -5.56147e-5 -0.9999999 4.75507e-4 7.28929e-4 -0.9999998 3.14376e-4 3.73789e-4 -1 1.18084e-4 0.001163721 -0.9999994 8.21191e-5 6.56355e-4 -0.9999993 -0.001036345 0.001015245 -0.9999992 -8.54002e-4 5.55369e-4 -0.9999995 -9.75438e-4 -0.001117944 -0.9999993 4.52677e-4 -0.001108705 -0.9999994 3.86317e-4 -9.24123e-4 -0.9999994 6.27962e-4 0.2514195 -0.9346063 -0.2515938 0.5233439 -0.7892044 -0.3213527 0.3376538 -0.9358454 -0.1009124 0.612859 -0.7901778 0.004800319 0.3478254 -0.935083 0.06809705 0.07066619 -0.9333319 -0.3519915 0.3047046 -0.7916941 -0.5295051 -0.3633394 -0.9314137 0.02128952 -0.5892965 -0.796301 -0.1365083 -0.2848929 -0.9309372 -0.2284559 -0.2176451 -0.7991933 -0.5602864 -0.1101521 -0.9349635 -0.3372089 0.102594 -0.9349569 0.3396028 0.1049687 -0.7960919 0.5960029 -0.1069214 -0.9314001 0.3479393 -0.4269456 -0.796393 0.4283407 -0.276031 -0.934526 0.2246511 0.5419731 -0.7916614 0.2820238 0.2592977 -0.9345307 0.2437564 -0.1858237 0.3045321 0.9342001 -0.7919772 0.3045257 0.5291846 0.8799966 0.3045302 0.3645098 0.934199 -0.3045349 0.1858247 0.9342017 0.3045263 0.1858254 0.9525011 -0.3045352 1.43521e-6 0.934199 0.3045349 -0.1858248 0.9525028 0.30453 0 -0.6774244 0.3192871 -0.6626854 1.14757e-6 0.3045339 0.9525016 -0.6704775 0.7419022 0.00641942 -0.9342004 0.3045297 -0.1858264 -0.9525024 0.3045312 0 -0.9342004 0.3045297 0.1858262 -0.565711 0.73279 -0.3781401 -0.1423476 0.7432916 -0.6536473 0.0160349 0.7463336 -0.6653788 0.122059 0.9274049 -0.353584 0.1892985 0.7346293 -0.6515258 -0.2467041 0.7499302 -0.613793 -0.04584366 0.9207277 -0.3875033 0.6151629 0.7435738 0.2620551 0.5622229 0.7367368 0.3756651 0.6589714 0.7425715 0.119768 0.4779492 0.7427162 0.4689748 0.3583598 0.7472656 0.5596181 0.1274417 0.927994 0.3501228 0.005325317 0.738228 0.6745303 -0.4227621 0.7353829 0.5296078 -0.1695718 0.9848061 0.03744977 -0.6631871 0.7367368 0.1319155 -0.3868507 0.9191155 0.07465398 0.1537429 0.9875004 0.03473085 0.1271899 0.9838835 0.125683 0.07924211 0.9885822 0.1281642 -0.1571515 0.9766433 0.1465313 -0.2047563 0.9787149 -0.01386177 -0.1721342 0.9843056 -0.03889149 -0.1535895 0.9817721 0.1119551 -0.1093742 0.9798462 -0.1671491 0.2263392 0.67956 -0.6978316 0.2289869 0.6854831 -0.6911424 -0.714041 0.69911 0.03729414 0.5739606 0.7292301 -0.3725489 0.4883473 0.6302117 -0.6036143 0.4913247 0.6243556 -0.6072728 0.06452989 0.6343631 0.7703372 0.06871926 0.6209696 0.7808166 -0.1724182 0.6708883 0.7212356 -0.2775356 0.6394374 0.7170034 -0.3963096 0.7222086 0.5668805 2.05651e-5 1 2.54737e-4 1.57829e-5 1 0 -1.0475e-4 0.9999998 7.82906e-4 -3.83986e-4 0.9999999 -4.23285e-4 -3.84935e-4 1 -4.1506e-4 -1.98699e-4 1 -4.43432e-4 -2.47708e-4 1 -5.15989e-4 -3.35763e-4 0.9999992 -0.001272141 -0.3530125 0.9349564 -0.03519511 -0.5908046 0.7960926 -0.1310973 0.001067459 0.9999991 -8.6056e-4 0.3439315 0.7911716 -0.5057259 -0.4720699 0.7900529 -0.3911093 0.4667552 0.7955645 0.3862857 -0.9484047 -0.3168859 0.01057881 -0.9341993 -0.3045355 0.1858219 0.783764 -0.3083518 -0.5391044 -0.8799974 -0.3045316 -0.3645066 -0.9281192 -0.316882 -0.1953988 0.37226 -0.3192873 -0.8714804 -0.6582263 -0.7438811 0.1156678 -0.6691753 -0.7401954 -0.06568956 -0.6219063 -0.7394406 -0.2577986 -0.3839427 -0.7443656 -0.5463588 -0.517961 -0.7353826 -0.436954 0.4795907 -0.7427815 -0.4671921 0.3637723 -0.742783 -0.5620883 -0.003698885 -0.7392594 -0.6734107 -0.1319152 -0.7367364 -0.6631877 -0.2496809 -0.7439008 -0.6198961 0.6637533 -0.7478893 -0.009656488 0.9342009 -0.3045296 -0.1858237 0.658196 -0.7423831 -0.1250813 0.5461835 -0.7477467 0.3775693 0.6503461 -0.7466699 0.139765 0.6221631 -0.7433653 0.2456037 0.4813748 -0.7425715 0.4656887 0.3572005 -0.7486592 0.5584955 0.1898547 -0.734205 0.6518421 0.005325436 -0.7382282 0.6745301 1.36633e-6 -0.304526 0.952504 -0.1273404 -0.7441264 0.6557898 -0.4653619 -0.7439681 0.4795308 -0.6085426 -0.74866 0.2630288 -0.3120924 -0.9190508 0.2407158 -0.563537 -0.7418079 0.3635206 -0.5337404 -0.6800935 -0.5025873 0.1646803 -0.6866848 -0.7080569 0.02338707 -0.6865924 0.7266664 0.777464 -0.5449753 -0.3139295 -0.4817697 -0.7253713 0.491665 3.19785e-4 -0.9999999 4.73183e-4 2.70951e-4 -1 1.18384e-4 3.03431e-4 -0.9999998 4.96152e-4 0.001133799 -0.9999994 -1.69644e-4 4.38512e-4 -0.9999996 9.11919e-4 -1.02549e-4 -1 4.51608e-4 -8.18768e-4 -0.9999994 7.45105e-4 -0.00104326 -0.9999995 1.58642e-4 -4.38118e-4 -0.9999998 -4.54105e-4 -6.3426e-4 -0.9999998 -3.95897e-4 -3.84935e-4 -1 -4.1506e-4 -6.20912e-4 -0.9999996 -7.50637e-4 -4.22205e-4 -0.9999996 -8.64515e-4 1.48831e-4 -0.9999999 -5.53463e-4 -2.2891e-6 -0.9999998 -7.30423e-4 1.935e-4 -0.9999999 -6.02287e-4 -9.74998e-4 -0.9999995 -1.27982e-4 -0.5856343 -0.7896202 0.1831191 0.001088142 -0.9999992 -6.34213e-4 0.05792844 -0.7919013 -0.6078953 0.377608 -0.7913028 0.4808868 -0.4641987 -0.7902482 -0.4000343 -0.1899179 -0.7902227 0.5826485 0.09637141 -0.9890427 -0.1118353</float_array>
          <technique_common>
            <accessor source="#Wheel_LOD100-mesh-normals-array" count="398" stride="3">
              <param name="X" type="float"/>
              <param name="Y" type="float"/>
              <param name="Z" type="float"/>
            </accessor>
          </technique_common>
        </source>
        <source id="Wheel_LOD100-mesh-map-0">
          <float_array id="Wheel_LOD100-mesh-map-0-array" count="3636">0.0321328 0.9680763 0.0321328 0.9833223 0.0321328 0.9833223 0.0321328 0.7546331 0.0321328 0.769879 0.0321328 0.769879 0.0321328 0.5564357 0.0321328 0.5716816 0.0321328 0.5716816 0.0321328 0.8613547 0.0321328 0.8766005 0.0321328 0.8766005 0.0321328 0.5259438 0.0321328 0.5411897 0.0321328 0.5411897 0.0321328 0.8003709 0.0321328 0.7851249 0.0321328 0.8003708 0.0321328 0.6021735 0.0321328 0.6174194 0.0321328 0.6174194 0.0321328 0.6479113 0.0321328 0.6631572 0.0321328 0.6631572 0.06672513 0.9734785 0.05416268 0.9985682 0.05416268 0.9681374 0.06672513 0.5392841 0.05416268 0.5276979 0.06672513 0.5106979 0.04567146 0.5321977 0.0393089 0.5187904 0.04567146 0.5106979 0.04186409 0.9680764 0.0393089 0.9528303 0.04567146 0.9448731 0.04567146 0.6250424 0.0393089 0.6326654 0.0393089 0.6174194 0.06672513 0.601734 0.05416268 0.6250423 0.05416268 0.579299 0.06672513 0.7391616 0.05416268 0.7087482 0.06672513 0.6703668 0.06672513 0.6703668 0.05416268 0.7087482 0.05416268 0.6631177 0.04567146 0.6863605 0.0393089 0.6936492 0.0393089 0.6784031 0.0393089 0.7932174 0.0321328 0.8003708 0.0321328 0.7851249 0.06672513 0.7391616 0.05416268 0.7563871 0.05416268 0.7087482 0.04567146 0.8398551 0.0393089 0.8461087 0.0393089 0.8308628 0.06672513 0.601734 0.05416268 0.579299 0.06672513 0.5392841 0.06672513 0.9142984 0.05416268 0.8669256 0.06672513 0.8631085 0.04567146 0.6555343 0.0393089 0.6631572 0.0393089 0.6479113 0.04567146 0.9006525 0.0393089 0.9070925 0.0393089 0.8918465 0.04567146 0.9895762 0.05416268 0.9681374 0.05416268 0.9985682 0.04567146 0.6863605 0.05416268 0.7087482 0.04567146 0.7153353 0.04567146 0.6555343 0.05416268 0.6631177 0.04567146 0.6863605 0.04567146 0.739387 0.05416268 0.7563871 0.04567146 0.762256 0.04567146 0.8156169 0.05416268 0.8079882 0.04567146 0.8398551 0.04567146 0.8398551 0.05416268 0.8669256 0.04567146 0.8703467 0.04567146 0.8703467 0.05416268 0.8669256 0.04567146 0.9006525 0.0756126 0.5640583 0.06672513 0.601734 0.06672513 0.5392841 0.0756126 0.5945504 0.06672513 0.601734 0.0756126 0.5640583 0.0756126 0.8079193 0.06672513 0.8097909 0.0756126 0.7851249 0.0756126 0.8371164 0.06672513 0.8097909 0.0756126 0.8079193 0.0756126 0.8689385 0.06672513 0.8631085 0.0756126 0.8371164 0.0756126 0.9375844 0.06672513 0.9142984 0.0756126 0.9070317 0.004478573 0.7766547 0.001723766 0.7860873 0.001723766 0.7672923 0.004478573 0.8095849 0.001723766 0.8048804 0.004478573 0.7946267 0.004478573 0.7578374 0.001723766 0.7492742 0.004478573 0.7390204 0.004478573 0.7946267 0.001723766 0.7860873 0.004478573 0.7766547 0.004478573 0.8887127 0.001723766 0.8809947 0.004478573 0.8660122 0.004478573 0.9366012 0.001723766 0.9413053 0.001723766 0.9263713 0.004478573 0.9036709 0.001723766 0.9037081 0.004478573 0.8887127 0.004478573 0.9186291 0.001723766 0.9263713 0.001723766 0.9037081 0.004478573 0.7202031 0.001723766 0.7154613 0.004478573 0.6998016 0.3398203 0.9279061 0.349841 0.9323247 0.3458797 0.9425349 0.3280267 0.9163107 0.3242052 0.9066889 0.3395728 0.9169571 0.2688603 0.9342586 0.2666923 0.9241352 0.2805103 0.9192715 0.3100038 0.9103875 0.3069161 0.9030831 0.3242052 0.9066889 0.3378463 0.9752377 0.3330919 0.9893717 0.3177185 0.9889268 0.2710732 0.97029 0.2692842 0.9806478 0.2619941 0.9678046 0.2654964 0.9504521 0.2593176 0.9458224 0.2688603 0.9342586 0.3458797 0.9425349 0.349841 0.9323247 0.3534467 0.9504519 0.3458797 0.9425349 0.3534467 0.9504519 0.3460199 0.9576647 0.09560018 0.8284686 0.07836693 0.8225644 0.09560018 0.8111036 0.09560018 0.8462088 0.07836693 0.8363125 0.09560018 0.8284686 0.0956003 0.9397745 0.07836705 0.9442728 0.07836705 0.9292313 0.0956003 0.8932452 0.07836699 0.8831134 0.09560018 0.8712531 0.09560018 0.7708905 0.07836693 0.782306 0.07836693 0.7679379 0.09560018 0.7895037 0.07836693 0.782306 0.09560018 0.7708905 0.0956003 0.9982525 0.07836705 0.9946536 0.0956003 0.9802549 0.0956003 0.9397745 0.07836705 0.9292313 0.0956003 0.9144372 0.0956003 0.8932452 0.07836705 0.89749 0.07836699 0.8831134 0.0956003 0.9144372 0.07836705 0.9292313 0.07836705 0.9118696 0.09560018 0.8462088 0.07836693 0.8507071 0.07836693 0.8363125 0.0321328 0.769879 0.0321328 0.7546331 0.0321328 0.7546331 0.0321328 0.6326654 0.0321328 0.6174194 0.0321328 0.6326654 0.0321328 0.8461087 0.0321328 0.8308628 0.0321328 0.8461087 0.0321328 0.5869275 0.0321328 0.5716816 0.0321328 0.5869275 0.0321328 0.8766005 0.0321328 0.8613546 0.0321328 0.8613547 0.0321328 0.739387 0.0321328 0.7241411 0.0321328 0.739387 0.0321328 0.5259438 0.0321328 0.5106979 0.0321328 0.5259438 0.0321328 0.7851249 0.0321328 0.769879 0.0321328 0.7851249 0.0321328 0.9070925 0.0321328 0.8918465 0.0321328 0.9070925 0.0321328 0.5564357 0.0321328 0.5411897 0.0321328 0.5564357 0.06672513 0.6102105 0.05416268 0.6309102 0.06672513 0.6785965 0.06672513 0.5432348 0.05416268 0.5792989 0.06672513 0.6102105 0.0393089 0.5940809 0.04567146 0.6021735 0.04567146 0.5784445 0.05416268 0.7851854 0.06672513 0.8228087 0.06672513 0.7561581 0.05416268 0.8383286 0.06672513 0.8688163 0.06672513 0.8228087 0.04567146 0.8398551 0.0393089 0.8532621 0.04567146 0.8613546 0.05416268 0.8829724 0.06672513 0.914723 0.06672513 0.8688163 0.04567146 0.6479113 0.0393089 0.6544452 0.04567146 0.6721492 0.04567146 0.9895762 0.05416268 0.96813 0.04567146 0.9680764 0.04567146 0.5321977 0.05416268 0.5278509 0.04567146 0.5106979 0.05416268 0.5792989 0.04567146 0.5564357 0.04567146 0.5784445 0.05416268 0.5792989 0.04567146 0.5784445 0.04567146 0.6021735 0.04567146 0.9680764 0.05416268 0.96813 0.04567146 0.9448731 0.04567146 0.6479113 0.05416268 0.6309102 0.04567146 0.6250423 0.05416268 0.6840719 0.04567146 0.6721492 0.04567146 0.7016065 0.04567146 0.7913785 0.05416268 0.7851854 0.04567146 0.7610731 0.05416268 0.7377157 0.04567146 0.7309036 0.04567146 0.7610731 0.05416268 0.8383286 0.04567146 0.8156169 0.04567146 0.8398551 0.05416268 0.8383286 0.04567146 0.8398551 0.04567146 0.8613546 0.04567146 0.9448731 0.05416268 0.9205228 0.04567146 0.9158985 0.0756126 0.5106979 0.06672513 0.5432348 0.0756126 0.5349364 0.06672513 0.6102105 0.0756126 0.6415503 0.0756126 0.611127 0.0756126 0.5869275 0.06672513 0.6102105 0.0756126 0.611127 0.06672513 0.9681258 0.0756126 0.9756245 0.0756126 0.9451681 0.0756126 0.6873962 0.06672513 0.6785965 0.0756126 0.7242013 0.0756126 0.6631572 0.06672513 0.6785965 0.0756126 0.6873962 0.06672513 0.7561581 0.0756126 0.7913778 0.0756126 0.7609254 0.06672513 0.8228087 0.0756126 0.8156169 0.0756126 0.7913778 0.0756126 0.7242013 0.06672513 0.7561581 0.0756126 0.7609254 0.06672513 0.8228087 0.0756126 0.838486 0.0756126 0.8156169 0.0756126 0.5349364 0.06672513 0.5432348 0.0756126 0.5640583 0.06672513 0.6785965 0.0756126 0.6631572 0.0756126 0.6415503 0.06672513 0.914723 0.0756126 0.9451681 0.0756126 0.9070315 0.001723766 0.7389962 0.004478573 0.7475836 0.004478573 0.7296116 0.001723766 0.7577913 0.004478573 0.7625418 0.004478573 0.7475836 0.001723766 0.8048804 0.004478573 0.8134441 0.004478573 0.7946268 0.001723766 0.7869085 0.004478573 0.7946268 0.004478573 0.7766547 0.004478573 0.8433602 0.001723766 0.8527023 0.004478573 0.8660123 0.004478573 0.8284021 0.001723766 0.8339275 0.004478573 0.8433602 0.001723766 0.8809947 0.004478573 0.8887127 0.004478573 0.8660123 0.004478573 0.9036709 0.001723766 0.9037081 0.004478573 0.9186291 0.004478573 0.9186291 0.001723766 0.9263712 0.004478573 0.9366012 0.004478573 0.9656716 0.001723766 0.9742355 0.004478573 0.9883722 0.001723766 0.9451641 0.004478573 0.9507139 0.004478573 0.9366012 0.001723766 0.9037081 0.004478573 0.9036709 0.004478573 0.8887127 0.004478573 0.7107946 0.001723766 0.7154612 0.004478573 0.7296116 0.3011455 0.9105202 0.288725 0.9063683 0.2829348 0.9171088 0.3459294 0.9248324 0.3347736 0.9217565 0.3442803 0.9378243 0.3424159 0.9802432 0.3448576 0.9611765 0.3352815 0.9786395 0.2593176 0.9458224 0.2654964 0.9504521 0.2705655 0.9314933 0.09560018 0.8120215 0.07836693 0.8192189 0.09560018 0.8291152 0.07836693 0.8408109 0.09560018 0.8462086 0.09560018 0.8291152 0.09560018 0.7895563 0.07836693 0.8009728 0.09560018 0.8120215 0.0956003 0.9525275 0.07836705 0.9631656 0.0956003 0.9802549 0.07836705 0.9946537 0.0956003 0.9982525 0.0956003 0.9802549 0.09560024 0.8866936 0.07836705 0.8911926 0.0956003 0.9082815 0.07836705 0.9262977 0.0956003 0.9298778 0.0956003 0.9082815 0.07836693 0.8579044 0.09560018 0.8678011 0.09560018 0.8462086 0.0321328 0.6174194 0.0321328 0.6174194 0.0321328 0.6326654 0.0321328 0.8308628 0.0321328 0.8308628 0.0321328 0.8461087 0.0321328 0.5716816 0.0321328 0.5716816 0.0321328 0.5869275 0.0321328 0.8918465 0.0321328 0.8766005 0.0321328 0.8918465 0.0321328 0.7241411 0.0321328 0.7088951 0.0321328 0.7088951 0.0321328 0.6936492 0.0321328 0.6784031 0.0321328 0.6936492 0.136097 0.8057178 0.1468374 0.8435185 0.1114633 0.8499066 0.0321328 0.9985682 0.0321328 0.9833223 0.0321328 0.9985682 0.0321328 0.739387 0.0321328 0.7241411 0.0321328 0.7241411 0.0321328 0.7088951 0.0321328 0.6936492 0.0321328 0.7088951 0.0321328 0.8308628 0.0321328 0.8156169 0.0321328 0.8308628 0.0321328 0.5106979 0.0321328 0.5106979 0.0321328 0.5259438 0.0321328 0.769879 0.0321328 0.769879 0.0321328 0.7851249 0.0321328 0.8918465 0.0321328 0.8918465 0.0321328 0.9070925 0.0321328 0.8156169 0.0321328 0.8003709 0.0321328 0.8003708 0.0321328 0.5411897 0.0321328 0.5411897 0.0321328 0.5564357 0.0393089 0.9375844 0.0321328 0.9528303 0.0321328 0.9375844 0.0321328 0.9223385 0.0393089 0.9375844 0.0321328 0.9375844 0.0321328 0.9680763 0.0393089 0.9833223 0.0321328 0.9833223 0.0321328 0.9985682 0.0393089 0.9833223 0.0393089 0.9985682 0.04567146 0.9895762 0.0393089 0.9985682 0.0393089 0.9833223 0.05416268 0.6250423 0.06672513 0.6703668 0.05416268 0.6631177 0.0393089 0.5187904 0.0321328 0.5259438 0.0321328 0.5106979 0.0321328 0.6174194 0.0393089 0.6326654 0.0321328 0.6326654 0.0321328 0.6021735 0.0393089 0.6174194 0.0321328 0.6174194 0.0393089 0.5564357 0.0321328 0.5716816 0.0321328 0.5564357 0.0321328 0.5411897 0.0393089 0.5564357 0.0321328 0.5564357 0.0393089 0.5716816 0.04567146 0.5955815 0.0393089 0.5940809 0.0393089 0.5940809 0.0321328 0.6021735 0.0321328 0.5869275 0.0321328 0.5869275 0.0393089 0.5716816 0.0393089 0.5940809 0.0321328 0.9680763 0.0393089 0.9528303 0.04186409 0.9680764 0.0321328 0.5259438 0.0393089 0.5411897 0.0321328 0.5411897 0.04567146 0.9895762 0.0393089 0.9833223 0.04186409 0.9680764 0.04567146 0.5321977 0.0393089 0.5411897 0.0393089 0.5187904 0.0393089 0.6174194 0.04567146 0.5955815 0.04567146 0.6250424 0.0393089 0.6326654 0.04567146 0.6555343 0.0393089 0.6479113 0.0321328 0.6326654 0.0393089 0.6479113 0.0321328 0.6479113 0.0393089 0.5411897 0.04567146 0.5638678 0.0393089 0.5564357 0.0321328 0.6936492 0.0393089 0.6784031 0.0393089 0.6936492 0.0321328 0.6631572 0.0393089 0.6784031 0.0321328 0.6784031 0.0321328 0.739387 0.0393089 0.7241411 0.0393089 0.739387 0.0321328 0.7241411 0.0393089 0.7088951 0.0393089 0.7241411 0.0393089 0.6936492 0.04567146 0.7153353 0.0393089 0.7088951 0.0393089 0.6936492 0.0321328 0.7088951 0.0321328 0.6936492 0.05416268 0.7563871 0.06672513 0.8097909 0.05416268 0.8079882 0.04567146 0.7153353 0.0393089 0.7241411 0.0393089 0.7088951 0.0321328 0.769879 0.0393089 0.7546331 0.0393089 0.769879 0.0393089 0.769879 0.04567146 0.7913785 0.0393089 0.7932174 0.0321328 0.7851249 0.0393089 0.769879 0.0393089 0.7932174 0.0321328 0.8003708 0.0393089 0.8156169 0.0321328 0.8156169 0.0321328 0.8461087 0.0393089 0.8308628 0.0393089 0.8461087 0.05416268 0.8079882 0.06672513 0.8631085 0.05416268 0.8669256 0.0393089 0.7932174 0.04567146 0.8156169 0.0393089 0.8156169 0.0393089 0.7241411 0.04567146 0.739387 0.0393089 0.739387 0.0393089 0.7546331 0.04567146 0.739387 0.04567146 0.762256 0.0321328 0.7546331 0.0393089 0.739387 0.0393089 0.7546331 0.0393089 0.8308628 0.04567146 0.8156169 0.04567146 0.8398551 0.04567146 0.762256 0.0393089 0.769879 0.0393089 0.7546331 0.0321328 0.8156169 0.0393089 0.8308628 0.0321328 0.8308628 0.0393089 0.8461087 0.04567146 0.8703467 0.0393089 0.8685079 0.04567146 0.5638678 0.0393089 0.5716816 0.0393089 0.5564357 0.06672513 0.5392841 0.05416268 0.579299 0.05416268 0.5276979 0.0321328 0.8613547 0.0393089 0.8461087 0.0393089 0.8685079 0.0321328 0.6479113 0.0393089 0.6631572 0.0321328 0.6631572 0.0393089 0.8685079 0.0321328 0.8766005 0.0321328 0.8613547 0.0393089 0.6784031 0.04567146 0.6555343 0.04567146 0.6863605 0.05416268 0.9206672 0.06672513 0.9734785 0.05416268 0.9681374 0.0321328 0.8918465 0.0393089 0.9070925 0.0321328 0.9070925 0.04567146 0.9448731 0.0393089 0.9528303 0.0393089 0.9375844 0.0321328 0.9070925 0.0393089 0.9223385 0.0321328 0.9223385 0.06672513 0.9142984 0.05416268 0.9206672 0.05416268 0.8669256 0.0393089 0.8918465 0.04567146 0.8703467 0.04567146 0.9006525 0.0321328 0.8766005 0.0393089 0.8918465 0.0321328 0.8918465 0.0393089 0.9070925 0.04567146 0.9223385 0.0393089 0.9223385 0.05416268 0.6250423 0.04567146 0.6555343 0.04567146 0.6250424 0.04567146 0.9448731 0.05416268 0.9206672 0.05416268 0.9681374 0.04567146 0.9895762 0.04186409 0.9680764 0.05416268 0.9681374 0.04567146 0.5321977 0.04567146 0.5106979 0.05416268 0.5276979 0.04567146 0.5955815 0.04567146 0.5638678 0.05416268 0.579299 0.04186409 0.9680764 0.04567146 0.9448731 0.05416268 0.9681374 0.05416268 0.6250423 0.04567146 0.5955815 0.05416268 0.579299 0.05416268 0.7087482 0.04567146 0.739387 0.04567146 0.7153353 0.04567146 0.6863605 0.05416268 0.6631177 0.05416268 0.7087482 0.05416268 0.7563871 0.04567146 0.7913785 0.04567146 0.762256 0.05416268 0.5276979 0.04567146 0.5638678 0.04567146 0.5321977 0.04567146 0.8156169 0.04567146 0.7913785 0.05416268 0.8079882 0.04567146 0.8398551 0.05416268 0.8079882 0.05416268 0.8669256 0.0393089 0.9375844 0.04567146 0.9223385 0.04567146 0.9448731 0.04567146 0.9448731 0.04567146 0.9223385 0.05416268 0.9206672 0.04567146 0.9006525 0.05416268 0.8669256 0.05416268 0.9206672 0.04567146 0.9223385 0.04567146 0.9006525 0.05416268 0.9206672 0.06672513 0.9734785 0.0756126 0.9375844 0.0756126 0.9618231 0.06672513 0.5392841 0.0756126 0.5106979 0.0756126 0.5336056 0.0756126 0.9618231 0.0756126 0.9910202 0.06672513 0.9734785 0.0756126 0.6250424 0.06672513 0.6703668 0.06672513 0.601734 0.06672513 0.7391616 0.0756126 0.6873961 0.0756126 0.7242013 0.0756126 0.5945504 0.0756126 0.6250424 0.06672513 0.601734 0.06672513 0.7391616 0.0756126 0.7851249 0.06672513 0.8097909 0.0756126 0.6555343 0.0756126 0.6873961 0.06672513 0.6703668 0.06672513 0.8631085 0.0756126 0.9070317 0.06672513 0.9142984 0.0756126 0.8371164 0.06672513 0.8631085 0.06672513 0.8097909 0.0756126 0.7242013 0.0756126 0.7609254 0.06672513 0.7391616 0.0756126 0.5336056 0.0756126 0.5640583 0.06672513 0.5392841 0.001723766 0.8236977 0.004478573 0.8095849 0.004478573 0.8236976 0.004478573 0.7390204 0.001723766 0.7492742 0.001723766 0.734316 0.004478573 0.7578374 0.001723766 0.7672923 0.001723766 0.7492742 0.004478573 0.7578374 0.004478573 0.7766547 0.001723766 0.7672923 0.001723766 0.8613321 0.004478573 0.8425149 0.004478573 0.8660122 0.004478573 0.8236976 0.001723766 0.842515 0.001723766 0.8236977 0.001723766 0.9413053 0.004478573 0.9554186 0.001723766 0.9553722 0.004478573 0.9036709 0.004478573 0.9186291 0.001723766 0.9037081 0.004478573 0.8887127 0.001723766 0.9037081 0.001723766 0.8809947 0.004478573 0.8660122 0.001723766 0.8809947 0.001723766 0.8613321 0.004478573 0.9186291 0.004478573 0.9366012 0.001723766 0.9263713 0.001723766 0.9733903 0.004478573 0.9554186 0.004478573 0.975081 0.001723766 0.9930284 0.004478573 0.975081 0.004478573 0.9930525 0.004478573 0.7946267 0.001723766 0.8048804 0.001723766 0.7860873 0.001723766 0.734316 0.004478573 0.7202031 0.004478573 0.7390204 0.3069161 0.9030831 0.2942408 0.9114298 0.2922611 0.9049036 0.004478573 0.6998016 0.001723766 0.7154613 0.001723766 0.6966815 0.3398203 0.9279061 0.3280267 0.9163107 0.3395728 0.9169571 0.3280267 0.9163107 0.3100038 0.9103875 0.3242052 0.9066889 0.2797614 0.9110662 0.2942408 0.9114298 0.2805103 0.9192715 0.2619941 0.9678046 0.2654964 0.9504521 0.2710732 0.97029 0.3398203 0.9279061 0.3395728 0.9169571 0.349841 0.9323247 0.2688603 0.9342586 0.2593176 0.9458224 0.2666923 0.9241352 0.2805103 0.9192715 0.2666923 0.9241352 0.2797614 0.9110662 0.2692842 0.9806478 0.2841292 0.9845933 0.2804583 0.9903034 0.2841292 0.9845933 0.2968369 0.9969106 0.2804583 0.9903034 0.2981606 0.9902537 0.3153196 0.9969105 0.2968369 0.9969106 0.07836705 0.9442728 0.0956003 0.9586675 0.07836705 0.9631657 0.3177185 0.9889268 0.3330919 0.9893717 0.3153196 0.9969105 0.3378463 0.9752377 0.3475073 0.9726235 0.3330919 0.9893717 0.3460199 0.9576647 0.3534467 0.9504519 0.3475073 0.9726235 0.3378463 0.9752377 0.3460199 0.9576647 0.3475073 0.9726235 0.09560018 0.8111036 0.07836693 0.8225644 0.07836693 0.8048239 0.09560018 0.8284686 0.07836693 0.8363125 0.07836693 0.8225644 0.09560018 0.7895037 0.09560018 0.8111036 0.07836693 0.8048239 0.0956003 0.9586675 0.0956003 0.9802549 0.07836705 0.9631657 0.09560018 0.7895037 0.07836693 0.8048239 0.07836693 0.782306 0.0956003 0.9802549 0.07836705 0.9946536 0.07836705 0.9809059 0.0956003 0.9802549 0.07836705 0.9809059 0.07836705 0.9631657 0.07836705 0.89749 0.0956003 0.9144372 0.07836705 0.9118696 0.09560018 0.8462088 0.07836693 0.8657486 0.07836693 0.8507071 0.09560018 0.8712531 0.07836699 0.8831134 0.07836693 0.8657486 0.0321328 0.9223385 0.0321328 0.9375844 0.0321328 0.9223385 0.0321328 0.7546331 0.0321328 0.739387 0.0321328 0.739387 0.0321328 0.6326654 0.0321328 0.6479113 0.0321328 0.6326654 0.0321328 0.9833223 0.0321328 0.9680764 0.0321328 0.9680763 0.0321328 0.5716816 0.0321328 0.5564357 0.0321328 0.5564357 0.1114633 0.8499065 0.1470872 0.8431445 0.1118372 0.8078942 0.0321328 0.9680763 0.0321328 0.9528303 0.0321328 0.9528303 0.0321328 0.9070925 0.0321328 0.9223385 0.0321328 0.9070925 0.0321328 0.5411897 0.0321328 0.5259438 0.0321328 0.5259438 0.0321328 0.8003709 0.0321328 0.7851249 0.0321328 0.7851249 0.0321328 0.6174194 0.0321328 0.6021735 0.0321328 0.6021735 0.0321328 0.8461087 0.0321328 0.8613546 0.0321328 0.8461087 0.0321328 0.6021735 0.0321328 0.5869275 0.0321328 0.5869275 0.0321328 0.6631572 0.0321328 0.6479113 0.0321328 0.6479113 0.0321328 0.9375844 0.0393089 0.9223385 0.0321328 0.9223385 0.0321328 0.9375844 0.0321328 0.9528303 0.0393089 0.9452075 0.06672513 0.9681258 0.05416268 0.9985682 0.06672513 0.9985682 0.0321328 0.9833223 0.0393089 0.9680764 0.0321328 0.9680764 0.04567146 0.5106979 0.0393089 0.5259438 0.04567146 0.5321977 0.0321328 0.9833223 0.0321328 0.9985682 0.0393089 0.9914147 0.0393089 0.5259438 0.0321328 0.5106979 0.0321328 0.5259438 0.0393089 0.6326654 0.0321328 0.6174194 0.0321328 0.6326654 0.0393089 0.6174194 0.0321328 0.6021735 0.0321328 0.6174194 0.0393089 0.5716816 0.0321328 0.5564357 0.0321328 0.5716816 0.0393089 0.5564357 0.0321328 0.5411897 0.0321328 0.5564357 0.0321328 0.5869275 0.0393089 0.5716816 0.0321328 0.5716816 0.05416268 0.6309102 0.05416268 0.6840719 0.06672513 0.6785965 0.0321328 0.5869275 0.0321328 0.6021735 0.0393089 0.5940809 0.04567146 0.5784445 0.0393089 0.5716816 0.0393089 0.5940809 0.04567146 0.9680764 0.0393089 0.9452075 0.0393089 0.9680764 0.0393089 0.9680764 0.0321328 0.9528303 0.0321328 0.9680764 0.04567146 0.9895762 0.0393089 0.9680764 0.0393089 0.9914147 0.0393089 0.5411897 0.0321328 0.5259438 0.0321328 0.5411897 0.0393089 0.5259438 0.0393089 0.5411897 0.04567146 0.5321977 0.0393089 0.6174194 0.04567146 0.6021735 0.0393089 0.5940809 0.04567146 0.6479113 0.0393089 0.6326654 0.0393089 0.6544452 0.0393089 0.6326654 0.0321328 0.6479113 0.0393089 0.6544452 0.04567146 0.5564357 0.0393089 0.5411897 0.0393089 0.5564357 0.0393089 0.6936492 0.0321328 0.6784031 0.0321328 0.6936492 0.04567146 0.6250423 0.0393089 0.6174194 0.0393089 0.6326654 0.06672513 0.6102105 0.05416268 0.5792989 0.05416268 0.6309102 0.0393089 0.6784031 0.0321328 0.6631572 0.0321328 0.6784031 0.0393089 0.739387 0.0321328 0.7241411 0.0321328 0.739387 0.0321328 0.7241411 0.0393089 0.7088951 0.0321328 0.7088951 0.0393089 0.6936492 0.0321328 0.7088951 0.0393089 0.7088951 0.0393089 0.6936492 0.0393089 0.7088951 0.04567146 0.7016065 0.04567146 0.7309036 0.0393089 0.7088951 0.0393089 0.7241411 0.0393089 0.6936492 0.04567146 0.6721492 0.0393089 0.6784031 0.0321328 0.769879 0.0393089 0.7546331 0.0321328 0.7546331 0.04567146 0.7913785 0.0393089 0.769879 0.0393089 0.7932174 0.05416268 0.7377157 0.05416268 0.7851854 0.06672513 0.7561581 0.0321328 0.7851249 0.0393089 0.769879 0.0321328 0.769879 0.0393089 0.8156169 0.0321328 0.8003709 0.0321328 0.8156169 0.0321328 0.8461087 0.0393089 0.8308628 0.0321328 0.8308628 0.06672513 0.8228087 0.05416268 0.7851854 0.05416268 0.8383286 0.04567146 0.8156169 0.0393089 0.7932174 0.0393089 0.8156169 0.0393089 0.7932174 0.0321328 0.7851249 0.0321328 0.8003709 0.06672513 0.6785965 0.05416268 0.7377157 0.06672513 0.7561581 0.0393089 0.7241411 0.0393089 0.739387 0.04567146 0.7309036 0.04567146 0.7610731 0.0393089 0.739387 0.0393089 0.7546331 0.0321328 0.7546331 0.0393089 0.739387 0.0321328 0.739387 0.0393089 0.8308628 0.04567146 0.8156169 0.0393089 0.8156169 0.0393089 0.7546331 0.0393089 0.769879 0.04567146 0.7610731 0.0393089 0.8308628 0.0321328 0.8156169 0.0321328 0.8308628 0.04567146 0.5564357 0.0393089 0.5716816 0.04567146 0.5784445 0.04567146 0.8398551 0.0393089 0.8308628 0.0393089 0.8532621 0.0393089 0.8766005 0.04567146 0.8613546 0.0393089 0.8532621 0.05416268 0.5278509 0.05416268 0.5792989 0.06672513 0.5432348 0.0321328 0.8461087 0.0321328 0.8613546 0.0393089 0.8532621 0.06672513 0.8688163 0.05416268 0.8383286 0.05416268 0.8829724 0.0393089 0.8766005 0.0321328 0.8613546 0.0321328 0.8766005 0.06672513 0.9681258 0.05416268 0.9205228 0.05416268 0.96813 0.0321328 0.6784031 0.0321328 0.6631572 0.0321328 0.6784031 0.0321328 0.6479113 0.0321328 0.6631572 0.0393089 0.6544452 0.04567146 0.6721492 0.0393089 0.6544452 0.0393089 0.6784031 0.0393089 0.9070925 0.0321328 0.8918465 0.0321328 0.9070925 0.0393089 0.9070925 0.04567146 0.8855926 0.0393089 0.8918465 0.05416268 0.8829724 0.05416268 0.9205228 0.06672513 0.914723 0.0393089 0.9223385 0.0321328 0.9070925 0.0321328 0.9223385 0.0393089 0.8918465 0.0321328 0.8766005 0.0321328 0.8918465 0.04567146 0.8855926 0.0393089 0.8766005 0.0393089 0.8918465 0.0321328 0.9528303 0.0321328 0.9375844 0.0321328 0.9375844 0.04567146 0.9158985 0.0393089 0.9070925 0.0393089 0.9223385 0.04567146 0.6021735 0.05416268 0.6309102 0.05416268 0.5792989 0.05416268 0.96813 0.05416268 0.9205228 0.04567146 0.9448731 0.04567146 0.9895762 0.05416268 0.9985682 0.05416268 0.96813 0.05416268 0.7851854 0.04567146 0.8156169 0.05416268 0.8383286 0.05416268 0.7851854 0.05416268 0.7377157 0.04567146 0.7610731 0.04567146 0.7016065 0.05416268 0.7377157 0.05416268 0.6840719 0.05416268 0.5278509 0.04567146 0.5564357 0.05416268 0.5792989 0.04567146 0.8613546 0.05416268 0.8829724 0.05416268 0.8383286 0.04567146 0.6479113 0.05416268 0.6840719 0.05416268 0.6309102 0.04567146 0.9158985 0.05416268 0.8829724 0.04567146 0.8855926 0.04567146 0.9448731 0.0393089 0.9223385 0.0393089 0.9452075 0.0756126 0.9985682 0.06672513 0.9681258 0.06672513 0.9985682 0.0756126 0.9451681 0.06672513 0.914723 0.06672513 0.9681258 0.0756126 0.5869275 0.06672513 0.5432348 0.06672513 0.6102105 0.06672513 0.8688163 0.0756126 0.838486 0.06672513 0.8228087 0.0756126 0.6415503 0.06672513 0.6102105 0.06672513 0.6785965 0.06672513 0.7561581 0.06672513 0.8228087 0.0756126 0.7913778 0.06672513 0.6785965 0.06672513 0.7561581 0.0756126 0.7242013 0.0756126 0.9070315 0.06672513 0.8688163 0.06672513 0.914723 0.001723766 0.7719504 0.004478573 0.7625418 0.001723766 0.7577913 0.004478573 0.8284021 0.001723766 0.8189935 0.001723766 0.8339275 0.001723766 0.7719504 0.001723766 0.7869085 0.004478573 0.7766547 0.001723766 0.8339275 0.001723766 0.8527023 0.004478573 0.8433602 0.001723766 0.9601225 0.004478573 0.9507139 0.001723766 0.9451641 0.004478573 0.8134441 0.001723766 0.8048804 0.001723766 0.8189935 0.001723766 0.7389962 0.001723766 0.7577913 0.004478573 0.7475836 0.001723766 0.8809947 0.001723766 0.9037081 0.004478573 0.8887127 0.001723766 0.8660364 0.001723766 0.8809947 0.004478573 0.8660123 0.004478573 0.9366012 0.001723766 0.9263712 0.001723766 0.9451641 0.004478573 0.7107946 0.001723766 0.6966815 0.001723766 0.7154612 0.004478573 0.9186291 0.001723766 0.9037081 0.001723766 0.9263712 0.001723766 0.9601225 0.001723766 0.9742355 0.004478573 0.9656716 0.001723766 0.7869085 0.001723766 0.8048804 0.004478573 0.7946268 0.004478573 0.9883722 0.001723766 0.9742355 0.001723766 0.9930526 0.001723766 0.8527023 0.001723766 0.8660364 0.004478573 0.8660123 0.004478573 0.7296116 0.001723766 0.7154612 0.001723766 0.7389962 0.3216079 0.9129595 0.3362739 0.9136582 0.3242052 0.9066889 0.3525366 0.9412108 0.3459294 0.9248324 0.3442803 0.9378243 0.3347736 0.9217565 0.3459294 0.9248324 0.3362739 0.9136582 0.3069161 0.9030832 0.3216079 0.9129595 0.3242052 0.9066889 0.3011455 0.9105202 0.3069161 0.9030832 0.288725 0.9063683 0.2829348 0.9171088 0.288725 0.9063683 0.2758821 0.9136582 0.2705655 0.9314933 0.2758821 0.9136582 0.2662265 0.9248322 0.2662265 0.9248322 0.2593176 0.9458224 0.2705655 0.9314933 0.2619941 0.9678046 0.2654964 0.9504521 0.2593176 0.9458224 0.2841292 0.9845933 0.2692842 0.9806478 0.2804583 0.9903033 0.2841292 0.9845933 0.2968369 0.9969106 0.3031254 0.9905787 0.322272 0.9876694 0.3107434 0.9978208 0.3249793 0.9938943 0.3352815 0.9786395 0.3249793 0.9938943 0.3424159 0.9802432 0.3448576 0.9611765 0.3525366 0.9412108 0.3442803 0.9378243 0.2968369 0.9969106 0.3107434 0.9978208 0.3031254 0.9905787 0.2710732 0.9702898 0.2619941 0.9678046 0.2692842 0.9806478 0.07836705 0.9442727 0.0956003 0.9298778 0.07836705 0.9262977 0.3448576 0.9611765 0.3424159 0.9802432 0.3525366 0.9596931 0.07836693 0.8192189 0.07836693 0.8408109 0.09560018 0.8291152 0.09560018 0.7708905 0.07836693 0.7865785 0.09560018 0.7895563 0.07836693 0.8009728 0.07836693 0.8192189 0.09560018 0.8120215 0.07836693 0.7865785 0.07836693 0.8009728 0.09560018 0.7895563 0.09560024 0.8866936 0.07836693 0.8722992 0.07836705 0.8911926 0.07836705 0.9809059 0.07836705 0.9946537 0.0956003 0.9802549 0.07836705 0.9631656 0.07836705 0.9809059 0.0956003 0.9802549 0.07836705 0.9442727 0.07836705 0.9631656 0.0956003 0.9525275 0.07836705 0.9089328 0.07836705 0.9262977 0.0956003 0.9082815 0.07836693 0.8408109 0.07836693 0.8579044 0.09560018 0.8462086 0.07836705 0.8911926 0.07836705 0.9089328 0.0956003 0.9082815 0.09560018 0.8678011 0.07836693 0.8579044 0.07836693 0.8722992 0.0321328 0.8918465 0.0321328 0.8766005 0.0321328 0.8766005 0.0321328 0.7241411 0.0321328 0.7241411 0.0321328 0.7088951 0.0321328 0.6936492 0.0321328 0.6784031 0.0321328 0.6784031 0.137829 0.8512648 0.1234707 0.8540756 0.1114633 0.8499066 0.1114633 0.8499066 0.1028835 0.8385766 0.1010306 0.8240672 0.1010306 0.8240672 0.1068796 0.812564 0.136097 0.8057178 0.1068796 0.812564 0.121797 0.8044435 0.136097 0.8057178 0.136097 0.8057178 0.1470752 0.8157756 0.1509634 0.8321141 0.1468374 0.8435185 0.136097 0.8057178 0.1509634 0.8321141 0.1468374 0.8435185 0.137829 0.8512648 0.1114633 0.8499066 0.1114633 0.8499066 0.1010306 0.8240672 0.136097 0.8057178 0.0321328 0.9985682 0.0321328 0.9833223 0.0321328 0.9833223 0.0321328 0.7088951 0.0321328 0.6936492 0.0321328 0.6936492 0.0321328 0.8308628 0.0321328 0.8156169 0.0321328 0.8156169 0.0321328 0.8156169 0.0321328 0.8156169 0.0321328 0.8003709 0.0393089 0.9375844 0.0393089 0.9528303 0.0321328 0.9528303 0.0321328 0.9223385 0.0393089 0.9223385 0.0393089 0.9375844 0.0321328 0.9680763 0.04186409 0.9680764 0.0393089 0.9833223 0.0321328 0.9985682 0.0321328 0.9833223 0.0393089 0.9833223 0.05416268 0.6250423 0.06672513 0.601734 0.06672513 0.6703668 0.0321328 0.6174194 0.0393089 0.6174194 0.0393089 0.6326654 0.0321328 0.6021735 0.0393089 0.5940809 0.0393089 0.6174194 0.0393089 0.5564357 0.0393089 0.5716816 0.0321328 0.5716816 0.0321328 0.5411897 0.0393089 0.5411897 0.0393089 0.5564357 0.0393089 0.5716816 0.04567146 0.5638678 0.04567146 0.5955815 0.0321328 0.5869275 0.0321328 0.5716816 0.0393089 0.5716816 0.0321328 0.9680763 0.0321328 0.9528303 0.0393089 0.9528303 0.0321328 0.5259438 0.0393089 0.5187904 0.0393089 0.5411897 0.0393089 0.6174194 0.0393089 0.5940809 0.04567146 0.5955815 0.0393089 0.6326654 0.04567146 0.6250424 0.04567146 0.6555343 0.0321328 0.6326654 0.0393089 0.6326654 0.0393089 0.6479113 0.0393089 0.5411897 0.04567146 0.5321977 0.04567146 0.5638678 0.0321328 0.6936492 0.0321328 0.6784031 0.0393089 0.6784031 0.0321328 0.6631572 0.0393089 0.6631572 0.0393089 0.6784031 0.0321328 0.739387 0.0321328 0.7241411 0.0393089 0.7241411 0.0321328 0.7241411 0.0321328 0.7088951 0.0393089 0.7088951 0.0393089 0.6936492 0.04567146 0.6863605 0.04567146 0.7153353 0.0393089 0.6936492 0.0393089 0.7088951 0.0321328 0.7088951 0.05416268 0.7563871 0.06672513 0.7391616 0.06672513 0.8097909 0.0321328 0.769879 0.0321328 0.7546331 0.0393089 0.7546331 0.0393089 0.769879 0.04567146 0.762256 0.04567146 0.7913785 0.0321328 0.7851249 0.0321328 0.769879 0.0393089 0.769879 0.0321328 0.8003708 0.0393089 0.7932174 0.0393089 0.8156169 0.0321328 0.8461087 0.0321328 0.8308628 0.0393089 0.8308628 0.05416268 0.8079882 0.06672513 0.8097909 0.06672513 0.8631085 0.0393089 0.7932174 0.04567146 0.7913785 0.04567146 0.8156169 0.0393089 0.7241411 0.04567146 0.7153353 0.04567146 0.739387 0.0393089 0.7546331 0.0393089 0.739387 0.04567146 0.739387 0.0321328 0.7546331 0.0321328 0.739387 0.0393089 0.739387 0.0393089 0.8308628 0.0393089 0.8156169 0.04567146 0.8156169 0.0321328 0.8156169 0.0393089 0.8156169 0.0393089 0.8308628 0.0393089 0.8461087 0.04567146 0.8398551 0.04567146 0.8703467 0.0321328 0.8613547 0.0321328 0.8461087 0.0393089 0.8461087 0.0321328 0.6479113 0.0393089 0.6479113 0.0393089 0.6631572 0.0393089 0.6784031 0.0393089 0.6631572 0.04567146 0.6555343 0.05416268 0.9206672 0.06672513 0.9142984 0.06672513 0.9734785 0.0321328 0.8918465 0.0393089 0.8918465 0.0393089 0.9070925 0.0321328 0.9070925 0.0393089 0.9070925 0.0393089 0.9223385 0.0393089 0.8918465 0.0393089 0.8685079 0.04567146 0.8703467 0.0321328 0.8766005 0.0393089 0.8685079 0.0393089 0.8918465 0.0393089 0.9070925 0.04567146 0.9006525 0.04567146 0.9223385 0.05416268 0.6250423 0.05416268 0.6631177 0.04567146 0.6555343 0.05416268 0.6250423 0.04567146 0.6250424 0.04567146 0.5955815 0.05416268 0.7087482 0.05416268 0.7563871 0.04567146 0.739387 0.05416268 0.7563871 0.05416268 0.8079882 0.04567146 0.7913785 0.05416268 0.5276979 0.05416268 0.579299 0.04567146 0.5638678 0.0393089 0.9375844 0.0393089 0.9223385 0.04567146 0.9223385 0.06672513 0.9734785 0.06672513 0.9142984 0.0756126 0.9375844 0.06672513 0.5392841 0.06672513 0.5106979 0.0756126 0.5106979 0.0756126 0.6250424 0.0756126 0.6555343 0.06672513 0.6703668 0.06672513 0.7391616 0.06672513 0.6703668 0.0756126 0.6873961 0.06672513 0.7391616 0.0756126 0.7609254 0.0756126 0.7851249 0.06672513 0.8631085 0.0756126 0.8689385 0.0756126 0.9070317 0.001723766 0.8236977 0.001723766 0.8048804 0.004478573 0.8095849 0.001723766 0.8613321 0.001723766 0.842515 0.004478573 0.8425149 0.004478573 0.8236976 0.004478573 0.8425149 0.001723766 0.842515 0.001723766 0.9413053 0.004478573 0.9366012 0.004478573 0.9554186 0.001723766 0.9733903 0.001723766 0.9553722 0.004478573 0.9554186 0.001723766 0.9930284 0.001723766 0.9733903 0.004478573 0.975081 0.001723766 0.734316 0.001723766 0.7154613 0.004478573 0.7202031 0.3069161 0.9030831 0.3100038 0.9103875 0.2942408 0.9114298 0.2797614 0.9110662 0.2922611 0.9049036 0.2942408 0.9114298 0.2619941 0.9678046 0.2593176 0.9458224 0.2654964 0.9504521 0.2692842 0.9806478 0.2710732 0.97029 0.2841292 0.9845933 0.2841292 0.9845933 0.2981606 0.9902537 0.2968369 0.9969106 0.2981606 0.9902537 0.3177185 0.9889268 0.3153196 0.9969105 0.07836705 0.9442728 0.0956003 0.9397745 0.0956003 0.9586675 0.07836705 0.89749 0.0956003 0.8932452 0.0956003 0.9144372 0.09560018 0.8462088 0.09560018 0.8712531 0.07836693 0.8657486 0.0321328 0.9223385 0.0321328 0.9375844 0.0321328 0.9375844 0.0321328 0.7546331 0.0321328 0.7546331 0.0321328 0.739387 0.0321328 0.6326654 0.0321328 0.6479113 0.0321328 0.6479113 0.1509633 0.8321142 0.1484649 0.8177002 0.1470872 0.8431445 0.1484649 0.8177002 0.1400758 0.8078945 0.1470872 0.8431445 0.1400758 0.8078945 0.1259617 0.8040537 0.1118372 0.8078942 0.1118372 0.8078942 0.1026492 0.8201596 0.1028835 0.8385766 0.1028835 0.8385766 0.1114633 0.8499065 0.1118372 0.8078942 0.1114633 0.8499065 0.123507 0.8540792 0.1383796 0.8509469 0.1470872 0.8431445 0.1114633 0.8499065 0.1383796 0.8509469 0.1400758 0.8078945 0.1118372 0.8078942 0.1470872 0.8431445 0.0321328 0.9680763 0.0321328 0.9680764 0.0321328 0.9528303 0.0321328 0.9070925 0.0321328 0.9223385 0.0321328 0.9223385 0.0321328 0.8461087 0.0321328 0.8613547 0.0321328 0.8613546 0.0321328 0.6021735 0.0321328 0.6021735 0.0321328 0.5869275 0.0321328 0.9375844 0.0393089 0.9452075 0.0393089 0.9223385 0.06672513 0.9681258 0.05416268 0.96813 0.05416268 0.9985682 0.0321328 0.9833223 0.0393089 0.9914147 0.0393089 0.9680764 0.04567146 0.5106979 0.0393089 0.5106979 0.0393089 0.5259438 0.0393089 0.5259438 0.0393089 0.5106979 0.0321328 0.5106979 0.0393089 0.6326654 0.0393089 0.6174194 0.0321328 0.6174194 0.0393089 0.6174194 0.0393089 0.5940809 0.0321328 0.6021735 0.0393089 0.5716816 0.0393089 0.5564357 0.0321328 0.5564357 0.0393089 0.5564357 0.0393089 0.5411897 0.0321328 0.5411897 0.0321328 0.5869275 0.0393089 0.5940809 0.0393089 0.5716816 0.04567146 0.9680764 0.04567146 0.9448731 0.0393089 0.9452075 0.0393089 0.9680764 0.0393089 0.9452075 0.0321328 0.9528303 0.04567146 0.9895762 0.04567146 0.9680764 0.0393089 0.9680764 0.0393089 0.5411897 0.0393089 0.5259438 0.0321328 0.5259438 0.0393089 0.6174194 0.04567146 0.6250423 0.04567146 0.6021735 0.04567146 0.6479113 0.04567146 0.6250423 0.0393089 0.6326654 0.0393089 0.6326654 0.0321328 0.6326654 0.0321328 0.6479113 0.04567146 0.5564357 0.04567146 0.5321977 0.0393089 0.5411897 0.0393089 0.6936492 0.0393089 0.6784031 0.0321328 0.6784031 0.0393089 0.6784031 0.0393089 0.6544452 0.0321328 0.6631572 0.0393089 0.739387 0.0393089 0.7241411 0.0321328 0.7241411 0.0321328 0.7241411 0.0393089 0.7241411 0.0393089 0.7088951 0.0393089 0.6936492 0.0321328 0.6936492 0.0321328 0.7088951 0.04567146 0.7309036 0.04567146 0.7016065 0.0393089 0.7088951 0.0393089 0.6936492 0.04567146 0.7016065 0.04567146 0.6721492 0.0321328 0.769879 0.0393089 0.769879 0.0393089 0.7546331 0.04567146 0.7913785 0.04567146 0.7610731 0.0393089 0.769879 0.0321328 0.7851249 0.0393089 0.7932174 0.0393089 0.769879 0.0393089 0.8156169 0.0393089 0.7932174 0.0321328 0.8003709 0.0321328 0.8461087 0.0393089 0.8532621 0.0393089 0.8308628 0.04567146 0.8156169 0.04567146 0.7913785 0.0393089 0.7932174 0.06672513 0.6785965 0.05416268 0.6840719 0.05416268 0.7377157 0.04567146 0.7610731 0.04567146 0.7309036 0.0393089 0.739387 0.0321328 0.7546331 0.0393089 0.7546331 0.0393089 0.739387 0.0393089 0.8308628 0.04567146 0.8398551 0.04567146 0.8156169 0.0393089 0.8308628 0.0393089 0.8156169 0.0321328 0.8156169 0.04567146 0.5564357 0.0393089 0.5564357 0.0393089 0.5716816 0.0393089 0.8766005 0.04567146 0.8855926 0.04567146 0.8613546 0.0393089 0.8766005 0.0393089 0.8532621 0.0321328 0.8613546 0.06672513 0.9681258 0.06672513 0.914723 0.05416268 0.9205228 0.0321328 0.6784031 0.0321328 0.6631572 0.0321328 0.6631572 0.0393089 0.9070925 0.0393089 0.8918465 0.0321328 0.8918465 0.0393089 0.9070925 0.04567146 0.9158985 0.04567146 0.8855926 0.0393089 0.9223385 0.0393089 0.9070925 0.0321328 0.9070925 0.0393089 0.8918465 0.0393089 0.8766005 0.0321328 0.8766005 0.0321328 0.9528303 0.0321328 0.9528303 0.0321328 0.9375844 0.04567146 0.6021735 0.04567146 0.6250423 0.05416268 0.6309102 0.05416268 0.7851854 0.04567146 0.7913785 0.04567146 0.8156169 0.04567146 0.7016065 0.04567146 0.7309036 0.05416268 0.7377157 0.05416268 0.5278509 0.04567146 0.5321977 0.04567146 0.5564357 0.04567146 0.8613546 0.04567146 0.8855926 0.05416268 0.8829724 0.04567146 0.6479113 0.04567146 0.6721492 0.05416268 0.6840719 0.04567146 0.9158985 0.05416268 0.9205228 0.05416268 0.8829724 0.04567146 0.9448731 0.04567146 0.9158985 0.0393089 0.9223385 0.0756126 0.9985682 0.0756126 0.9756245 0.06672513 0.9681258 0.0756126 0.5869275 0.0756126 0.5640583 0.06672513 0.5432348 0.06672513 0.8688163 0.0756126 0.8689776 0.0756126 0.838486 0.0756126 0.9070315 0.0756126 0.8689776 0.06672513 0.8688163 0.001723766 0.7719504 0.004478573 0.7766547 0.004478573 0.7625418 0.004478573 0.8284021 0.004478573 0.8134441 0.001723766 0.8189935 0.001723766 0.9601225 0.004478573 0.9656716 0.004478573 0.9507139 0.004478573 0.7107946 0.004478573 0.6966815 0.001723766 0.6966815 0.3216079 0.9129595 0.3347736 0.9217565 0.3362739 0.9136582 0.3069161 0.9030832 0.3011455 0.9105202 0.3216079 0.9129595 0.2705655 0.9314933 0.2829348 0.9171088 0.2758821 0.9136582 0.2619941 0.9678046 0.2710732 0.9702898 0.2654964 0.9504521 0.2841292 0.9845933 0.2710732 0.9702898 0.2692842 0.9806478 0.2841292 0.9845933 0.2804583 0.9903033 0.2968369 0.9969106 0.322272 0.9876694 0.3031254 0.9905787 0.3107434 0.9978208 0.3352815 0.9786395 0.322272 0.9876694 0.3249793 0.9938943 0.3448576 0.9611765 0.3525366 0.9596931 0.3525366 0.9412108 0.07836705 0.9442727 0.0956003 0.9525275 0.0956003 0.9298778 0.09560018 0.7708905 0.07836693 0.7709371 0.07836693 0.7865785 0.09560024 0.8866936 0.09560018 0.8678011 0.07836693 0.8722992</float_array>
          <technique_common>
            <accessor source="#Wheel_LOD100-mesh-map-0-array" count="1818" stride="2">
              <param name="S" type="float"/>
              <param name="T" type="float"/>
            </accessor>
          </technique_common>
        </source>
        <source id="Wheel_LOD100-mesh-colors-Attribute" name="Attribute">
          <float_array id="Wheel_LOD100-mesh-colors-Attribute-array" count="7272">1 1 1 1 1 1 1 1 1 1 1 1 1 1 1 1 1 1 1 1 1 1 1 1 1 1 1 1 1 1 1 1 1 1 1 1 1 1 1 1 1 1 1 1 1 1 1 1 1 1 1 1 1 1 1 1 1 1 1 1 1 1 1 1 1 1 1 1 1 1 1 1 1 1 1 1 1 1 1 1 1 1 1 1 1 1 1 1 1 1 1 1 1 1 1 1 1 1 1 1 1 1 1 1 1 1 1 1 1 1 1 1 1 1 1 1 1 1 1 1 1 1 1 1 1 1 1 1 1 1 1 1 1 1 1 1 1 1 1 1 1 1 1 1 1 1 1 1 1 1 1 1 1 1 1 1 1 1 1 1 1 1 1 1 1 1 1 1 1 1 1 1 1 1 1 1 1 1 1 1 1 1 1 1 1 1 1 1 1 1 1 1 1 1 1 1 1 1 1 1 1 1 1 1 1 1 1 1 1 1 1 1 1 1 1 1 1 1 1 1 1 1 1 1 1 1 1 1 1 1 1 1 1 1 1 1 1 1 1 1 1 1 1 1 1 1 1 1 1 1 1 1 1 1 1 1 1 1 1 1 1 1 1 1 1 1 1 1 1 1 1 1 1 1 1 1 1 1 1 1 1 1 1 1 1 1 1 1 1 1 1 1 1 1 1 1 1 1 1 1 1 1 1 1 1 1 1 1 1 1 1 1 1 1 1 1 1 1 1 1 1 1 1 1 1 1 1 1 1 1 1 1 1 1 1 1 1 1 1 1 1 1 1 1 1 1 1 1 1 1 1 1 1 1 1 1 1 1 1 1 1 1 1 1 1 1 1 1 1 1 1 1 1 1 1 1 1 1 1 1 1 1 1 1 1 1 1 1 1 1 1 1 1 1 1 1 1 1 1 1 1 1 1 1 1 1 1 1 1 1 1 1 1 1 1 1 1 1 1 1 1 1 1 1 1 1 1 1 1 1 1 1 1 1 1 1 1 1 1 1 1 1 1 1 1 1 1 1 1 1 1 1 1 1 1 1 1 1 1 1 1 1 1 1 1 1 1 1 1 1 1 1 1 1 1 1 1 1 1 1 1 1 1 1 1 1 1 1 1 1 1 1 1 1 1 1 1 1 1 1 1 1 1 1 1 1 1 1 1 1 1 1 1 1 1 1 1 1 1 1 1 1 1 1 1 1 1 1 1 1 1 1 1 1 1 1 1 1 1 1 1 1 1 1 1 1 1 1 1 1 1 1 1 1 1 1 1 1 1 1 1 1 1 1 1 1 1 1 1 1 1 1 1 1 1 1 1 1 1 1 1 1 1 1 1 1 1 1 1 1 1 1 1 1 1 1 1 1 1 1 1 1 1 1 1 1 1 1 1 1 1 1 1 1 1 1 1 1 1 1 1 1 1 1 1 1 1 1 1 1 1 1 1 1 1 1 1 1 1 1 1 1 1 1 1 1 1 1 1 1 1 1 1 1 1 1 1 1 1 1 1 1 1 1 1 1 1 1 1 1 1 1 1 1 1 1 1 1 1 1 1 1 1 1 1 1 1 1 1 1 1 1 1 1 1 1 1 1 1 1 1 1 1 1 1 1 1 1 1 1 1 1 1 1 1 1 1 1 1 1 1 1 1 1 1 1 1 1 1 1 1 1 1 1 1 1 1 1 1 1 1 1 1 1 1 1 1 1 1 1 1 1 1 1 1 1 1 1 1 1 1 1 1 1 1 1 1 1 1 1 1 1 1 1 1 1 1 1 1 1 1 1 1 1 1 1 1 1 1 1 1 1 1 1 1 1 1 1 1 1 1 1 1 1 1 1 1 1 1 1 1 1 1 1 1 1 1 1 1 1 1 1 1 1 1 1 1 1 1 1 1 1 1 1 1 1 1 1 1 1 1 1 1 1 1 1 1 1 1 1 1 1 1 1 1 1 1 1 1 1 1 1 1 1 1 1 1 1 1 1 1 1 1 1 1 1 1 1 1 1 1 1 1 1 1 1 1 1 1 1 1 1 1 1 1 1 1 1 1 1 1 1 1 1 1 1 1 1 1 1 1 1 1 1 1 1 1 1 1 1 1 1 1 1 1 1 1 1 1 1 1 1 1 1 1 1 1 1 1 1 1 1 1 1 1 1 1 1 1 1 1 1 1 1 1 1 1 1 1 1 1 1 1 1 1 1 1 1 1 1 1 1 1 1 1 1 1 1 1 1 1 1 1 1 1 1 1 1 1 1 1 1 1 1 1 1 1 1 1 1 1 1 1 1 1 1 1 1 1 1 1 1 1 1 1 1 1 1 1 1 1 1 1 1 1 1 1 1 1 1 1 1 1 1 1 1 1 1 1 1 1 1 1 1 1 1 1 1 1 1 1 1 1 1 1 1 1 1 1 1 1 1 1 1 1 1 1 1 1 1 1 1 1 1 1 1 1 1 1 1 1 1 1 1 1 1 1 1 1 1 1 1 1 1 1 1 1 1 1 1 1 1 1 1 1 1 1 1 1 1 1 1 1 1 1 1 1 1 1 1 1 1 1 1 1 1 1 1 1 1 1 1 1 1 1 1 1 1 1 1 1 1 1 1 1 1 1 1 1 1 1 1 1 1 1 1 1 1 1 1 1 1 1 1 1 1 1 1 1 1 1 1 1 1 1 1 1 1 1 1 1 1 1 1 1 1 1 1 1 1 1 1 1 1 1 1 1 1 1 1 1 1 1 1 1 1 1 1 1 1 1 1 1 1 1 1 1 1 1 1 1 1 1 1 1 1 1 1 1 1 1 1 1 1 1 1 1 1 1 1 1 1 1 1 1 1 1 1 1 1 1 1 1 1 1 1 1 1 1 1 1 1 1 1 1 1 1 1 1 1 1 1 1 1 1 1 1 1 1 1 1 1 1 1 1 1 1 1 1 1 1 1 1 1 1 1 1 1 1 1 1 1 1 1 1 1 1 1 1 1 1 1 1 1 1 1 1 1 1 1 1 1 1 1 1 1 1 1 1 1 1 1 1 1 1 1 1 1 1 1 1 1 1 1 1 1 1 1 1 1 1 1 1 1 1 1 1 1 1 1 1 1 1 1 1 1 1 1 1 1 1 1 1 1 1 1 1 1 1 1 1 1 1 1 1 1 1 1 1 1 1 1 1 1 1 1 1 1 1 1 1 1 1 1 1 1 1 1 1 1 1 1 1 1 1 1 1 1 1 1 1 1 1 1 1 1 1 1 1 1 1 1 1 1 1 1 1 1 1 1 1 1 1 1 1 1 1 1 1 1 1 1 1 1 1 1 1 1 1 1 1 1 1 1 1 1 1 1 1 1 1 1 1 1 1 1 1 1 1 1 1 1 1 1 1 1 1 1 1 1 1 1 1 1 1 1 1 1 1 1 1 1 1 1 1 1 1 1 1 1 1 1 1 1 1 1 1 1 1 1 1 1 1 1 1 1 1 1 1 1 1 1 1 1 1 1 1 1 1 1 1 1 1 1 1 1 1 1 1 1 1 1 1 1 1 1 1 1 1 1 1 1 1 1 1 1 1 1 1 1 1 1 1 1 1 1 1 1 1 1 1 1 1 1 1 1 1 1 1 1 1 1 1 1 1 1 1 1 1 1 1 1 1 1 1 1 1 1 1 1 1 1 1 1 1 1 1 1 1 1 1 1 1 1 1 1 1 1 1 1 1 1 1 1 1 1 1 1 1 1 1 1 1 1 1 1 1 1 1 1 1 1 1 1 1 1 1 1 1 1 1 1 1 1 1 1 1 1 1 1 1 1 1 1 1 1 1 1 1 1 1 1 1 1 1 1 1 1 1 1 1 1 1 1 1 1 1 1 1 1 1 1 1 1 1 1 1 1 1 1 1 1 1 1 1 1 1 1 1 1 1 1 1 1 1 1 1 1 1 1 1 1 1 1 1 1 1 1 1 1 1 1 1 1 1 1 1 1 1 1 1 1 1 1 1 1 1 1 1 1 1 1 1 1 1 1 1 1 1 1 1 1 1 1 1 1 1 1 1 1 1 1 1 1 1 1 1 1 1 1 1 1 1 1 1 1 1 1 1 1 1 1 1 1 1 1 1 1 1 1 1 1 1 1 1 1 1 1 1 1 1 1 1 1 1 1 1 1 1 1 1 1 1 1 1 1 1 1 1 1 1 1 1 1 1 1 1 1 1 1 1 1 1 1 1 1 1 1 1 1 1 1 1 1 1 1 1 1 1 1 1 1 1 1 1 1 1 1 1 1 1 1 1 1 1 1 1 1 1 1 1 1 1 1 1 1 1 1 1 1 1 1 1 1 1 1 1 1 1 1 1 1 1 1 1 1 1 1 1 1 1 1 1 1 1 1 1 1 1 1 1 1 1 1 1 1 1 1 1 1 1 1 1 1 1 1 1 1 1 1 1 1 1 1 1 1 1 1 1 1 1 1 1 1 1 1 1 1 1 1 1 1 1 1 1 1 1 1 1 1 1 1 1 1 1 1 1 1 1 1 1 1 1 1 1 1 1 1 1 1 1 1 1 1 1 1 1 1 1 1 1 1 1 1 1 1 1 1 1 1 1 1 1 1 1 1 1 1 1 1 1 1 1 1 1 1 1 1 1 1 1 1 1 1 1 1 1 1 1 1 1 1 1 1 1 1 1 1 1 1 1 1 1 1 1 1 1 1 1 1 1 1 1 1 1 1 1 1 1 1 1 1 1 1 1 1 1 1 1 1 1 1 1 1 1 1 1 1 1 1 1 1 1 1 1 1 1 1 1 1 1 1 1 1 1 1 1 1 1 1 1 1 1 1 1 1 1 1 1 1 1 1 1 1 1 1 1 1 1 1 1 1 1 1 1 1 1 1 1 1 1 1 1 1 1 1 1 1 1 1 1 1 1 1 1 1 1 1 1 1 1 1 1 1 1 1 1 1 1 1 1 1 1 1 1 1 1 1 1 1 1 1 1 1 1 1 1 1 1 1 1 1 1 1 1 1 1 1 1 1 1 1 1 1 1 1 1 1 1 1 1 1 1 1 1 1 1 1 1 1 1 1 1 1 1 1 1 1 1 1 1 1 1 1 1 1 1 1 1 1 1 1 1 1 1 1 1 1 1 1 1 1 1 1 1 1 1 1 1 1 1 1 1 1 1 1 1 1 1 1 1 1 1 1 1 1 1 1 1 1 1 1 1 1 1 1 1 1 1 1 1 1 1 1 1 1 1 1 1 1 1 1 1 1 1 1 1 1 1 1 1 1 1 1 1 1 1 1 1 1 1 1 1 1 1 1 1 1 1 1 1 1 1 1 1 1 1 1 1 1 1 1 1 1 1 1 1 1 1 1 1 1 1 1 1 1 1 1 1 1 1 1 1 1 1 1 1 1 1 1 1 1 1 1 1 1 1 1 1 1 1 1 1 1 1 1 1 1 1 1 1 1 1 1 1 1 1 1 1 1 1 1 1 1 1 1 1 1 1 1 1 1 1 1 1 1 1 1 1 1 1 1 1 1 1 1 1 1 1 1 1 1 1 1 1 1 1 1 1 1 1 1 1 1 1 1 1 1 1 1 1 1 1 1 1 1 1 1 1 1 1 1 1 1 1 1 1 1 1 1 1 1 1 1 1 1 1 1 1 1 1 1 1 1 1 1 1 1 1 1 1 1 1 1 1 1 1 1 1 1 1 1 1 1 1 1 1 1 1 1 1 1 1 1 1 1 1 1 1 1 1 1 1 1 1 1 1 1 1 1 1 1 1 1 1 1 1 1 1 1 1 1 1 1 1 1 1 1 1 1 1 1 1 1 1 1 1 1 1 1 1 1 1 1 1 1 1 1 1 1 1 1 1 1 1 1 1 1 1 1 1 1 1 1 1 1 1 1 1 1 1 1 1 1 1 1 1 1 1 1 1 1 1 1 1 1 1 1 1 1 1 1 1 1 1 1 1 1 1 1 1 1 1 1 1 1 1 1 1 1 1 1 1 1 1 1 1 1 1 1 1 1 1 1 1 1 1 1 1 1 1 1 1 1 1 1 1 1 1 1 1 1 1 1 1 1 1 1 1 1 1 1 1 1 1 1 1 1 1 1 1 1 1 1 1 1 1 1 1 1 1 1 1 1 1 1 1 1 1 1 1 1 1 1 1 1 1 1 1 1 1 1 1 1 1 1 1 1 1 1 1 1 1 1 1 1 1 1 1 1 1 1 1 1 1 1 1 1 1 1 1 1 1 1 1 1 1 1 1 1 1 1 1 1 1 1 1 1 1 1 1 1 1 1 1 1 1 1 1 1 1 1 1 1 1 1 1 1 1 1 1 1 1 1 1 1 1 1 1 1 1 1 1 1 1 1 1 1 1 1 1 1 1 1 1 1 1 1 1 1 1 1 1 1 1 1 1 1 1 1 1 1 1 1 1 1 1 1 1 1 1 1 1 1 1 1 1 1 1 1 1 1 1 1 1 1 1 1 1 1 1 1 1 1 1 1 1 1 1 1 1 1 1 1 1 1 1 1 1 1 1 1 1 1 1 1 1 1 1 1 1 1 1 1 1 1 1 1 1 1 1 1 1 1 1 1 1 1 1 1 1 1 1 1 1 1 1 1 1 1 1 1 1 1 1 1 1 1 1 1 1 1 1 1 1 1 1 1 1 1 1 1 1 1 1 1 1 1 1 1 1 1 1 1 1 1 1 1 1 1 1 1 1 1 1 1 1 1 1 1 1 1 1 1 1 1 1 1 1 1 1 1 1 1 1 1 1 1 1 1 1 1 1 1 1 1 1 1 1 1 1 1 1 1 1 1 1 1 1 1 1 1 1 1 1 1 1 1 1 1 1 1 1 1 1 1 1 1 1 1 1 1 1 1 1 1 1 1 1 1 1 1 1 1 1 1 1 1 1 1 1 1 1 1 1 1 1 1 1 1 1 1 1 1 1 1 1 1 1 1 1 1 1 1 1 1 1 1 1 1 1 1 1 1 1 1 1 1 1 1 1 1 1 1 1 1 1 1 1 1 1 1 1 1 1 1 1 1 1 1 1 1 1 1 1 1 1 1 1 1 1 1 1 1 1 1 1 1 1 1 1 1 1 1 1 1 1 1 1 1 1 1 1 1 1 1 1 1 1 1 1 1 1 1 1 1 1 1 1 1 1 1 1 1 1 1 1 1 1 1 1 1 1 1 1 1 1 1 1 1 1 1 1 1 1 1 1 1 1 1 1 1 1 1 1 1 1 1 1 1 1 1 1 1 1 1 1 1 1 1 1 1 1 1 1 1 1 1 1 1 1 1 1 1 1 1 1 1 1 1 1 1 1 1 1 1 1 1 1 1 1 1 1 1 1 1 1 1 1 1 1 1 1 1 1 1 1 1 1 1 1 1 1 1 1 1 1 1 1 1 1 1 1 1 1 1 1 1 1 1 1 1 1 1 1 1 1 1 1 1 1 1 1 1 1 1 1 1 1 1 1 1 1 1 1 1 1 1 1 1 1 1 1 1 1 1 1 1 1 1 1 1 1 1 1 1 1 1 1 1 1 1 1 1 1 1 1 1 1 1 1 1 1 1 1 1 1 1 1 1 1 1 1 1 1 1 1 1 1 1 1 1 1 1 1 1 1 1 1 1 1 1 1 1 1 1 1 1 1 1 1 1 1 1 1 1 1 1 1 1 1 1 1 1 1 1 1 1 1 1 1 1 1 1 1 1 1 1 1 1 1 1 1 1 1 1 1 1 1 1 1 1 1 1 1 1 1 1 1 1 1 1 1 1 1 1 1 1 1 1 1 1 1 1 1 1 1 1 1 1 1 1 1 1 1 1 1 1 1 1 1 1 1 1 1 1 1 1 1 1 1 1 1 1 1 1 1 1 1 1 1 1 1 1 1 1 1 1 1 1 1 1 1 1 1 1 1 1 1 1 1 1 1 1 1 1 1 1 1 1 1 1 1 1 1 1 1 1 1 1 1 1 1 1 1 1 1 1 1 1 1 1 1 1 1 1 1 1 1 1 1 1 1 1 1 1 1 1 1 1 1 1 1 1 1 1 1 1 1 1 1 1 1 1 1 1 1 1 1 1 1 1 1 1 1 1 1 1 1 1 1 1 1 1 1 1 1 1 1 1 1 1 1 1 1 1 1 1 1 1 1 1 1 1 1 1 1 1 1 1 1 1 1 1 1 1 1 1 1 1 1 1 1 1 1 1 1 1 1 1 1 1 1 1 1 1 1 1 1 1 1 1 1 1 1 1 1 1 1 1 1 1 1 1 1 1 1 1 1 1 1 1 1 1 1 1 1 1 1 1 1 1 1 1 1 1 1 1 1 1 1 1 1 1 1 1 1 1 1 1 1 1 1 1 1 1 1 1 1 1 1 1 1 1 1 1 1 1 1 1 1 1 1 1 1 1 1 1 1 1 1 1 1 1 1 1 1 1 1 1 1 1 1 1 1 1 1 1 1 1 1 1 1 1 1 1 1 1 1 1 1 1 1 1 1 1 1 1 1 1 1 1 1 1 1 1 1 1 1 1 1 1 1 1 1 1 1 1 1 1 1 1 1 1 1 1 1 1 1 1 1 1 1 1 1 1 1 1 1 1 1 1 1 1 1 1 1 1 1 1 1 1 1 1 1 1 1 1 1 1 1 1 1 1 1 1 1 1 1 1 1 1 1 1 1 1 1 1 1 1 1 1 1 1 1 1 1 1 1 1 1 1 1 1 1 1 1 1 1 1 1 1 1 1 1 1 1 1 1 1 1 1 1 1 1 1 1 1 1 1 1 1 1 1 1 1 1 1 1 1 1 1 1 1 1 1 1 1 1 1 1 1 1 1 1 1 1 1 1 1 1 1 1 1 1 1 1 1 1 1 1 1 1 1 1 1 1 1 1 1 1 1 1 1 1 1 1 1 1 1 1 1 1 1 1 1 1 1 1 1 1 1 1 1 1 1 1 1 1 1 1 1 1 1 1 1 1 1 1 1 1 1 1 1 1 1 1 1 1 1 1 1 1 1 1 1 1 1 1 1 1 1 1 1 1 1 1 1 1 1 1 1 1 1 1 1 1 1 1 1 1 1 1 1 1 1 1 1 1 1 1 1 1 1 1 1 1 1 1 1 1 1 1 1 1 1 1 1 1 1 1 1 1 1 1 1 1 1 1 1 1 1 1 1 1 1 1 1 1 1 1 1 1 1 1 1 1 1 1 1 1 1 1 1 1 1 1 1 1 1 1 1 1 1 1 1 1 1 1 1 1 1 1 1 1 1 1 1 1 1 1 1 1 1 1 1 1 1 1 1 1 1 1 1 1 1 1 1 1 1 1 1 1 1 1 1 1 1 1 1 1 1 1 1 1 1 1 1 1 1 1 1 1 1 1 1 1 1 1 1 1 1 1 1 1 1 1 1 1 1 1 1 1 1 1 1 1 1 1 1 1 1 1 1 1 1 1 1 1 1 1 1 1 1 1 1 1 1 1 1 1 1 1 1 1 1 1 1 1 1 1 1 1 1 1 1 1 1 1 1 1 1 1 1 1 1 1 1 1 1 1 1 1 1 1 1 1 1 1 1 1 1 1 1 1 1 1 1 1 1 1 1 1 1 1 1 1 1 1 1 1 1 1 1 1 1 1 1 1 1 1 1 1 1 1 1 1 1 1 1 1 1 1 1 1 1 1 1 1 1 1 1 1 1 1 1 1 1 1 1 1 1 1 1 1 1 1 1 1 1 1 1 1 1 1 1 1 1 1 1 1 1 1 1 1 1 1 1 1 1 1 1 1 1 1 1 1 1 1 1 1 1 1 1 1 1 1 1 1 1 1 1 1 1 1 1 1 1 1 1 1 1 1 1 1 1 1 1 1 1 1 1 1 1 1 1 1 1 1 1 1 1 1 1 1 1 1 1 1 1 1 1 1 1 1 1 1 1 1 1 1 1 1 1 1 1 1 1 1 1 1 1 1 1 1 1 1 1 1 1 1 1 1 1 1 1 1 1 1 1 1 1 1 1 1 1 1 1 1 1 1 1 1 1 1 1 1 1 1 1 1 1 1 1 1 1 1 1 1 1 1 1 1 1 1 1 1 1 1 1 1 1 1 1 1 1 1 1 1 1 1 1 1 1 1 1 1 1 1 1 1 1 1 1 1 1 1 1 1 1 1 1 1 1 1 1 1 1 1 1 1 1 1 1 1 1 1 1 1 1 1 1 1 1 1 1 1 1 1 1 1 1 1 1 1 1 1 1 1 1 1 1 1 1 1 1 1 1 1 1 1 1 1 1 1 1 1 1 1 1 1 1 1 1 1 1 1 1 1 1 1 1 1 1 1 1 1 1 1 1 1 1 1 1 1 1 1 1 1 1 1 1 1 1 1 1 1 1 1 1 1 1 1 1 1 1 1 1 1 1 1 1 1 1 1 1 1 1 1 1 1 1 1 1 1 1 1 1 1 1 1 1 1 1 1 1 1 1 1 1 1 1 1 1 1 1 1 1 1 1 1 1 1 1 1 1 1 1 1 1 1 1 1 1 1 1 1 1 1 1 1 1 1 1 1 1 1 1 1 1 1 1 1 1 1 1 1 1 1 1 1 1 1 1 1 1 1 1 1 1 1 1 1 1 1 1 1 1 1 1 1 1 1 1 1 1 1 1 1 1 1 1 1 1 1 1 1 1 1 1 1 1 1 1 1 1 1 1 1 1 1 1 1 1 1 1 1 1 1 1 1 1 1 1 1 1 1 1 1 1 1 1 1 1 1 1 1 1 1 1 1 1 1 1 1 1 1 1 1 1 1 1 1 1 1 1 1 1 1 1 1 1 1 1 1 1 1 1 1 1 1 1 1 1 1 1 1 1 1 1 1 1 1 1 1 1 1 1 1 1 1 1 1 1 1 1 1 1 1 1 1 1 1 1 1 1 1 1 1 1 1 1 1 1 1 1 1 1 1 1 1 1 1 1 1 1 1 1 1 1 1 1 1 1 1 1 1 1 1 1 1 1 1 1 1 1 1 1 1 1 1 1 1 1 1 1 1 1 1 1 1 1 1 1 1 1 1 1 1 1 1 1 1 1 1 1 1 1 1 1 1 1 1 1 1 1 1 1 1 1 1 1 1 1 1 1 1 1 1 1 1 1 1 1 1 1 1 1 1 1 1 1 1 1 1 1 1 1 1 1 1 1 1 1 1 1 1 1 1 1 1 1 1 1 1 1 1 1 1 1 1 1 1 1 1 1 1 1 1 1 1 1 1 1 1 1 1 1 1 1 1 1 1 1 1 1 1 1 1 1 1 1 1 1 1 1 1 1 1 1 1 1 1 1 1 1 1 1 1 1 1 1 1 1 1 1 1 1 1 1 1 1 1 1 1 1 1 1 1 1 1 1 1 1 1 1 1 1 1 1 1 1 1 1 1 1 1 1 1 1 1 1 1 1 1 1 1 1 1 1 1 1 1 1 1 1 1 1 1 1 1 1 1 1 1 1 1 1 1 1 1 1 1 1 1 1 1 1 1 1 1 1 1 1 1 1 1 1 1 1 1 1 1 1 1 1 1 1 1 1 1 1 1 1 1 1 1 1 1 1 1 1 1 1 1 1 1 1 1 1 1 1 1 1 1 1 1 1 1 1 1 1 1 1 1 1 1 1 1 1 1 1 1 1 1 1 1 1 1 1 1 1 1 1 1 1 1 1 1 1 1 1 1 1 1 1 1 1 1 1 1 1 1 1 1 1 1 1 1 1 1 1 1 1 1 1 1 1 1 1 1 1 1 1 1 1 1 1 1 1 1 1 1 1 1 1 1 1 1 1 1 1 1 1 1 1 1 1 1 1 1 1 1 1 1 1 1 1 1 1 1 1 1 1 1 1 1 1 1 1 1 1 1 1 1 1 1 1 1 1 1 1 1 1 1 1 1 1 1 1 1 1 1 1 1 1 1 1 1 1 1 1 1 1 1 1 1 1 1 1 1 1 1 1 1 1 1 1 1 1 1 1 1 1 1 1 1 1 1 1 1 1 1 1 1 1 1 1 1 1 1 1 1 1 1 1 1 1 1 1 1 1 1 1 1 1 1 1 1 1 1 1 1 1 1 1 1 1 1 1 1 1 1 1 1 1 1 1 1 1 1 1 1 1 1 1 1 1 1 1 1 1 1 1 1 1 1 1 1 1 1 1 1 1 1 1 1 1 1 1 1 1 1 1 1 1 1 1 1 1 1 1 1 1 1 1 1 1 1 1 1 1 1 1 1 1 1 1 1 1 1 1 1 1 1 1 1 1 1 1 1 1 1 1 1 1 1 1 1 1 1 1 1 1 1 1 1 1 1 1 1 1 1 1 1 1 1 1 1 1 1 1 1 1 1 1 1 1 1 1 1 1 1 1 1 1 1 1 1 1 1 1 1 1 1 1 1 1 1 1 1 1 1 1 1 1 1 1 1 1 1 1 1 1 1 1 1 1 1 1 1 1 1 1 1 1 1 1 1 1 1 1 1 1 1 1 1 1 1 1 1 1 1 1 1 1 1 1 1 1 1 1 1 1 1 1 1 1 1 1 1 1 1 1 1 1 1 1 1 1 1 1 1 1 1 1 1 1 1 1 1 1 1 1 1 1 1 1 1 1 1 1 1 1 1 1 1 1 1 1 1 1 1 1 1 1 1 1 1 1 1 1 1 1 1 1 1 1 1 1 1 1 1 1 1 1 1 1 1 1 1 1 1 1 1 1 1 1 1 1 1 1 1 1 1 1 1 1 1 1 1 1 1 1 1 1 1 1 1 1 1 1 1 1 1 1 1 1 1 1 1 1 1 1 1 1 1 1 1 1 1 1 1 1 1 1 1 1 1 1 1 1 1 1 1 1 1 1 1 1 1 1 1 1 1 1 1 1 1 1 1 1 1 1 1 1 1 1 1 1 1 1 1 1 1 1 1 1 1 1 1 1 1 1 1 1 1 1 1 1 1 1 1 1 1 1 1 1 1 1 1 1 1 1 1 1 1 1 1 1 1 1 1 1 1 1 1 1 1 1 1 1 1 1 1 1 1 1 1 1 1 1 1 1 1 1 1 1 1 1 1 1 1 1 1 1 1 1 1 1 1 1 1 1 1 1 1 1 1 1 1 1 1 1 1 1 1 1 1 1 1 1 1 1 1 1 1 1 1 1 1 1 1 1 1 1 1 1 1 1 1 1 1 1 1 1 1 1 1 1 1 1 1 1 1 1 1 1 1 1 1 1 1 1 1 1 1 1 1 1 1 1 1 1 1 1 1 1 1 1 1 1 1 1 1 1 1 1 1 1 1 1 1 1 1 1 1 1 1 1 1 1 1 1 1 1 1 1 1 1 1 1 1 1 1 1 1 1 1 1 1 1 1 1 1 1 1 1 1 1 1 1 1 1 1 1 1 1 1 1 1 1 1 1 1 1 1 1 1 1 1 1 1 1 1 1 1 1 1 1 1 1 1 1 1 1 1 1 1 1 1 1 1 1 1 1 1 1 1 1 1 1 1 1 1 1 1 1 1 1 1 1 1 1 1 1 1 1 1 1 1 1 1 1 1 1 1 1 1 1 1 1 1 1 1 1 1 1 1 1 1 1 1 1 1 1 1 1 1 1 1 1 1 1 1 1 1 1 1 1 1 1 1 1 1 1 1 1 1 1 1 1 1 1 1 1 1 1 1 1 1 1 1 1 1 1 1 1 1 1 1 1 1 1 1 1 1 1 1 1 1 1 1 1 1 1 1 1 1 1 1 1 1 1 1 1 1 1 1 1 1 1 1 1 1 1 1 1 1 1 1 1 1 1 1 1 1 1 1 1 1 1 1 1 1 1 1 1 1 1 1 1 1 1 1 1 1 1 1 1 1 1 1 1 1 1 1 1 1 1 1 1 1 1 1 1 1 1 1 1 1 1 1 1 1 1 1 1 1 1 1 1 1 1 1 1 1 1 1 1 1 1 1 1 1 1 1 1 1 1 1 1 1 1 1 1 1 1 1 1 1 1 1 1 1 1 1 1 1 1 1 1 1 1 1 1 1 1 1 1 1 1 1 1 1 1 1 1 1 1 1 1 1 1 1 1 1 1 1 1 1 1 1 1 1 1 1 1 1 1 1 1 1 1 1 1 1 1 1 1 1 1 1 1 1 1 1 1 1 1 1 1 1 1 1 1 1 1 1 1 1 1 1 1 1 1 1 1 1 1 1 1 1 1 1 1 1 1 1 1 1 1 1 1 1 1 1 1 1 1 1 1 1 1 1 1 1 1 1 1 1 1 1 1 1 1 1 1 1 1 1 1 1 1 1 1 1 1 1 1 1 1 1 1 1 1 1 1 1 1 1 1 1 1 1 1 1 1 1 1 1 1 1 1 1 1 1 1 1 1 1 1 1 1 1 1 1 1 1 1 1 1 1 1 1 1 1 1 1 1 1 1 1 1 1 1 1 1 1 1 1 1 1 1 1 1 1 1 1 1 1 1 1 1 1 1 1 1 1 1 1 1 1 1 1 1 1 1 1 1 1 1 1 1 1 1 1 1 1 1 1 1 1 1 1 1 1 1 1 1 1 1 1 1 1 1 1 1 1 1 1 1 1 1 1 1 1 1 1 1 1 1 1 1 1 1 1 1 1 1 1 1 1 1 1 1 1 1 1 1 1 1 1 1 1 1 1 1 1 1 1 1 1 1 1 1 1 1 1 1 1 1 1 1 1 1 1 1 1 1 1 1 1 1 1 1 1 1 1 1 1 1 1 1 1 1 1 1 1 1 1 1 1 1 1 1 1 1 1 1 1 1 1 1 1 1 1 1 1 1 1 1 1 1 1 1 1 1 1 1 1 1 1 1 1 1 1 1 1 1 1 1 1 1 1 1 1 1 1 1 1 1 1 1 1 1 1 1 1 1 1 1 1 1 1 1 1 1 1 1 1 1 1 1 1 1 1 1 1 1 1 1 1 1 1 1 1 1 1 1 1 1 1 1 1 1 1 1 1 1 1 1 1 1 1 1 1 1 1 1 1 1 1 1 1 1 1 1 1 1 1 1 1 1 1 1 1 1 1 1 1 1 1 1 1 1 1 1 1 1 1 1 1 1 1 1 1 1 1 1 1 1 1 1 1 1 1 1 1 1 1 1 1 1 1 1 1 1 1 1 1 1 1 1 1 1 1 1 1 1 1 1 1 1 1 1 1 1 1 1 1 1 1 1 1 1 1 1 1 1 1 1 1 1 1 1 1 1 1 1 1 1 1 1 1 1 1 1 1 1 1 1 1 1 1 1 1 1 1 1 1 1 1 1 1 1 1 1 1 1 1 1 1 1 1 1 1 1 1 1 1 1 1 1 1 1 1 1 1 1 1 1 1 1 1 1 1 1 1 1 1 1 1 1 1 1 1 1 1 1 1 1 1 1 1 1 1 1 1 1 1 1 1 1 1 1 1 1 1 1 1 1 1 1 1 1 1 1 1 1 1 1 1 1 1 1 1 1 1 1 1 1 1 1 1 1 1 1 1 1 1 1 1 1 1 1 1 1 1 1 1 1 1 1 1 1 1 1 1 1 1 1 1 1 1 1 1 1 1 1 1 1 1 1 1 1 1 1 1 1 1 1 1 1 1 1 1 1 1 1 1 1 1 1 1 1 1 1 1 1 1 1 1 1 1 1 1 1 1 1 1 1 1 1 1 1 1 1 1 1 1 1 1 1 1 1 1 1 1 1 1 1 1 1 1 1 1 1 1 1 1 1 1 1 1 1 1 1 1 1 1 1 1 1 1 1 1 1 1 1 1 1 1 1 1 1 1 1 1 1 1 1 1 1 1 1 1 1 1 1 1 1 1 1 1 1 1 1 1 1 1 1 1 1 1 1 1 1 1 1 1 1 1 1 1 1 1 1 1 1 1 1 1 1 1 1 1 1 1 1 1 1 1 1 1 1 1 1 1 1 1 1 1 1 1 1 1 1 1 1 1 1 1 1 1 1 1 1 1 1 1 1 1 1 1 1 1 1 1 1 1 1 1 1 1 1 1 1 1 1 1 1 1 1 1 1 1 1 1 1 1 1 1 1 1 1 1 1 1 1 1 1 1 1 1 1 1 1 1 1 1 1 1 1 1 1 1 1 1 1 1 1 1 1 1 1 1 1 1 1 1 1 1 1 1 1 1 1 1 1 1 1 1 1 1 1 1 1 1 1 1 1 1 1 1 1 1 1 1 1 1 1 1 1 1 1 1 1 1 1 1 1 1 1 1 1 1 1 1 1 1 1 1 1 1 1 1 1 1 1 1 1 1 1 1 1 1 1 1 1 1 1 1 1 1 1 1 1 1 1 1 1 1 1 1 1 1 1 1 1 1 1 1 1 1 1 1 1 1 1 1 1 1 1 1 1 1 1 1 1 1 1 1 1 1 1 1 1 1 1 1 1 1 1 1 1 1 1 1 1 1 1</float_array>
          <technique_common>
            <accessor source="#Wheel_LOD100-mesh-colors-Attribute-array" count="1818" stride="4">
              <param name="R" type="float"/>
              <param name="G" type="float"/>
              <param name="B" type="float"/>
              <param name="A" type="float"/>
            </accessor>
          </technique_common>
        </source>
        <vertices id="Wheel_LOD100-mesh-vertices">
          <input semantic="POSITION" source="#Wheel_LOD100-mesh-positions"/>
        </vertices>
        <triangles material="Ratrod_Body-material" count="606">
          <input semantic="VERTEX" source="#Wheel_LOD100-mesh-vertices" offset="0"/>
          <input semantic="NORMAL" source="#Wheel_LOD100-mesh-normals" offset="1"/>
          <input semantic="TEXCOORD" source="#Wheel_LOD100-mesh-map-0" offset="2" set="0"/>
          <input semantic="COLOR" source="#Wheel_LOD100-mesh-colors-Attribute" offset="3" set="0"/>
          <p>10 0 0 0 12 1 1 1 160 2 2 2 32 3 3 3 33 4 4 4 180 5 5 5 7 6 6 6 18 7 7 7 167 8 8 8 42 9 9 9 43 10 10 10 189 11 11 11 14 12 12 12 21 13 13 13 171 14 14 14 183 15 15 15 35 16 16 16 36 17 17 17 6 18 18 18 15 19 19 19 5 20 20 20 23 21 21 21 31 22 22 22 177 23 23 23 102 24 24 24 52 25 25 25 47 26 26 26 103 27 27 27 52 25 28 28 102 24 29 29 65 28 30 30 54 29 31 31 53 30 32 32 50 31 33 33 49 32 34 34 48 33 35 35 57 34 36 36 58 35 37 37 55 36 38 38 104 37 39 39 56 38 40 40 60 39 41 41 106 40 42 42 70 41 43 43 105 42 44 44 105 42 45 45 70 41 46 46 67 43 47 47 71 44 48 48 72 45 49 49 69 46 50 50 85 47 51 51 36 17 52 52 35 16 53 53 106 40 54 54 75 48 55 55 70 41 56 56 91 49 57 57 92 50 58 58 89 51 59 59 104 37 60 60 60 39 61 61 103 27 62 62 101 52 63 63 90 53 64 64 108 54 65 65 80 55 66 66 79 56 67 67 68 57 68 68 99 58 69 69 100 59 70 70 97 60 71 71 53 30 72 72 47 26 73 73 52 25 74 74 71 44 75 75 70 41 76 76 74 61 77 77 80 55 78 78 67 43 79 79 71 44 80 80 76 62 81 81 75 48 82 82 82 63 83 83 87 64 84 84 84 65 85 85 91 49 86 86 91 49 87 87 90 53 88 88 94 66 89 89 94 66 90 90 90 53 91 91 99 58 92 92 114 67 93 93 104 37 94 94 103 27 95 95 115 68 96 96 104 37 97 97 114 67 98 98 121 69 99 99 107 70 100 100 120 71 101 101 122 72 102 102 107 70 103 103 121 69 104 104 123 73 105 105 108 54 106 106 122 72 107 107 109 74 108 108 101 52 109 109 124 75 110 110 127 76 111 111 112 77 112 112 111 78 113 113 129 79 114 114 114 80 115 115 131 81 116 116 126 82 117 117 110 83 118 118 125 84 119 119 131 81 120 120 112 77 121 121 127 76 122 122 133 85 123 123 117 86 124 124 132 87 125 125 136 88 126 126 120 89 127 127 119 90 128 128 134 91 129 129 118 92 130 130 133 85 131 131 135 93 132 132 119 90 133 133 118 92 134 134 140 94 135 135 124 95 136 136 139 96 137 137 142 97 138 138 125 98 139 139 141 99 140 140 143 100 141 141 127 101 142 142 126 102 143 143 147 103 144 144 128 104 145 145 144 105 146 146 145 106 147 147 131 107 148 148 127 101 149 149 153 108 150 150 138 109 151 151 152 110 152 152 149 111 153 153 134 112 154 154 133 113 155 155 148 114 156 156 132 115 157 157 147 103 158 158 141 99 159 159 125 98 160 160 140 116 161 161 141 99 162 162 140 116 163 163 154 117 164 164 45 118 165 165 154 119 166 166 41 120 167 167 8 121 168 168 141 122 169 169 45 118 170 170 22 123 171 171 148 124 172 172 147 125 173 173 17 126 174 174 145 127 175 175 11 128 176 176 34 129 177 177 152 130 178 178 151 131 179 179 37 132 180 180 152 130 181 181 34 129 182 182 34 129 183 183 151 131 184 184 28 133 185 185 22 123 186 186 147 125 187 187 20 134 188 188 17 126 189 189 146 135 190 190 145 127 191 191 20 134 192 192 147 125 193 193 144 136 194 194 8 121 195 195 142 137 196 196 141 122 197 197 180 5 198 198 179 138 199 199 32 3 200 200 164 139 201 201 5 20 202 202 16 140 203 203 187 141 204 204 186 142 205 205 40 143 206 206 168 144 207 207 167 8 208 208 19 145 209 209 189 11 210 210 188 146 211 211 42 9 212 212 175 147 213 213 1 148 214 214 29 149 215 215 162 150 216 216 161 151 217 217 14 12 218 218 182 152 219 219 180 5 220 220 35 16 221 221 194 153 222 222 191 154 223 223 2 155 224 224 165 156 225 225 171 14 226 226 7 6 227 227 250 157 228 228 205 158 229 229 256 159 230 230 255 160 231 231 210 161 232 232 250 157 233 233 214 162 234 234 213 163 235 235 212 164 236 236 230 165 237 237 252 166 238 238 251 167 239 239 235 168 240 240 257 169 241 241 252 166 242 242 239 170 243 243 240 171 244 244 241 172 245 245 242 173 246 246 253 174 247 247 257 169 248 248 217 175 249 249 227 176 250 250 219 177 251 251 202 178 252 252 195 179 253 253 199 180 254 254 215 181 255 255 201 182 256 256 202 178 257 257 210 161 258 258 209 183 259 259 212 164 260 260 210 161 261 261 212 164 262 262 213 163 263 263 199 180 264 264 195 179 265 265 196 184 266 266 217 175 267 267 205 158 268 268 206 185 269 269 228 186 270 270 219 177 271 271 225 187 272 272 234 188 273 273 230 165 274 274 231 189 275 275 222 190 276 276 223 191 277 277 231 189 278 278 235 168 279 279 236 192 280 280 239 170 281 281 235 168 282 282 239 170 283 283 241 172 284 284 196 184 285 285 248 193 286 286 245 194 287 287 260 195 288 288 255 160 289 289 261 196 290 290 250 157 291 291 262 197 292 292 265 198 293 293 264 199 294 294 250 157 295 295 265 198 296 296 254 200 297 297 259 201 298 298 258 202 299 299 266 203 300 300 256 159 301 301 267 204 302 302 268 205 303 303 256 159 304 304 266 203 305 305 251 167 306 306 270 206 307 307 269 207 308 308 252 166 309 309 271 208 310 310 270 206 311 311 267 204 312 312 251 167 313 313 269 207 314 314 252 166 315 315 272 209 316 316 271 208 317 317 261 196 318 318 255 160 319 319 263 210 320 320 256 159 321 321 268 205 322 322 262 197 323 323 253 174 324 324 258 202 325 325 274 211 326 326 258 212 327 327 275 213 328 328 290 214 329 329 259 215 330 330 276 216 331 331 275 213 332 332 263 217 333 333 279 218 334 334 281 219 335 335 261 220 336 336 281 219 337 337 277 221 338 338 278 222 339 339 262 223 340 340 282 224 341 341 280 225 342 342 265 226 343 343 278 222 344 344 266 227 345 345 283 228 346 346 282 224 347 347 284 229 348 348 267 230 349 349 285 231 350 350 285 231 351 351 269 232 352 352 286 233 353 353 288 234 354 354 272 235 355 355 289 236 356 356 270 237 357 357 287 238 358 358 286 233 359 359 267 230 360 360 284 229 361 361 283 228 362 362 291 239 363 363 274 240 364 364 290 214 365 365 295 241 366 366 279 242 367 367 296 243 368 368 275 244 369 369 293 245 370 370 292 246 371 371 289 247 372 372 304 248 373 373 303 249 374 374 282 250 375 375 298 251 376 376 297 252 377 377 192 253 378 378 304 254 379 379 193 255 380 380 292 256 381 381 156 257 382 382 193 255 383 383 184 258 384 384 303 259 385 385 192 253 386 386 178 260 387 387 299 261 388 388 174 262 389 389 301 263 390 390 181 264 391 391 174 262 392 392 170 265 393 393 295 266 394 394 166 267 395 395 297 268 396 396 163 269 397 397 166 267 398 398 293 270 399 399 159 271 400 400 156 257 401 401 5 20 402 402 15 19 403 403 16 140 404 404 186 142 405 405 39 272 406 406 40 143 407 407 167 8 408 408 18 7 409 409 19 145 410 410 191 154 411 411 43 10 412 412 44 273 413 413 27 274 414 414 176 275 415 415 30 276 416 416 173 277 417 417 24 278 418 418 26 279 419 419 17 126 420 420 45 118 421 421 34 129 422 422 161 151 423 423 12 1 424 424 13 280 425 425 29 149 426 426 1 148 427 427 27 274 428 428 176 275 429 429 26 279 430 430 30 276 431 431 186 142 432 432 38 281 433 433 39 272 434 434 161 151 435 435 13 280 436 436 14 12 437 437 180 5 438 438 33 4 439 439 35 16 440 440 191 154 441 441 44 273 442 442 2 155 443 443 38 281 444 444 183 15 445 445 36 17 446 446 171 14 447 447 21 13 448 448 7 6 449 449 46 282 450 450 9 283 451 451 4 284 452 452 3 285 453 453 46 282 454 454 4 284 455 455 10 0 456 456 51 286 457 457 12 1 458 458 13 280 459 459 51 286 460 460 54 29 461 461 53 30 462 462 54 29 463 463 51 286 464 464 56 38 465 465 105 42 466 466 67 43 467 467 54 29 468 468 14 12 469 469 13 280 470 470 15 19 471 471 58 35 472 472 16 140 473 473 6 18 474 474 55 36 475 475 15 19 476 476 59 287 477 477 18 7 478 478 7 6 479 479 21 13 480 480 59 287 481 481 7 6 482 482 62 288 483 483 63 289 484 484 64 290 485 485 64 290 486 486 6 18 487 487 19 145 488 488 19 145 489 489 62 288 490 490 64 290 491 491 10 0 492 492 49 32 493 493 50 31 494 494 14 12 495 495 66 291 496 496 21 13 497 497 53 30 498 498 51 286 499 499 50 31 500 500 65 28 501 501 66 291 502 502 54 29 503 503 55 36 504 504 63 289 505 505 57 34 506 506 58 35 507 507 80 55 508 508 68 57 509 509 16 140 510 510 68 57 511 511 23 21 512 512 66 291 513 513 61 292 514 514 59 287 515 515 26 279 516 516 69 46 517 517 72 45 518 518 31 22 519 519 69 46 520 520 24 278 521 521 29 149 522 522 73 293 523 523 77 294 524 524 27 274 525 525 78 295 526 526 73 293 527 527 72 45 528 528 74 61 529 529 78 295 530 530 72 45 531 531 30 276 532 532 26 279 533 533 75 48 534 534 107 70 535 535 84 65 536 536 74 61 537 537 73 293 538 538 78 295 539 539 33 4 540 540 81 296 541 541 83 297 542 542 83 297 543 543 86 298 544 544 85 47 545 545 35 16 546 546 83 297 547 547 85 47 548 548 36 17 549 549 88 299 550 550 38 281 551 551 40 143 552 552 89 51 553 553 92 50 554 554 84 65 555 555 108 54 556 556 90 53 557 557 85 47 558 558 87 64 559 559 88 299 560 560 73 293 561 561 76 62 562 562 77 294 563 563 81 296 564 564 76 62 565 565 82 63 566 566 32 3 567 567 77 294 568 568 81 296 569 569 89 51 570 570 87 64 571 571 91 49 572 572 82 63 573 573 83 297 574 574 81 296 575 575 38 281 576 576 89 51 577 577 39 272 578 578 92 50 579 579 94 66 580 580 93 300 581 581 61 292 582 582 62 288 583 583 59 287 584 584 103 27 585 585 60 39 586 586 52 25 587 587 42 9 588 588 92 50 589 589 93 300 590 590 23 21 591 591 79 56 592 592 31 22 593 593 93 300 594 594 43 10 595 595 42 9 596 596 69 46 597 597 80 55 598 598 71 44 599 599 98 301 600 600 102 24 601 601 47 26 602 602 44 273 603 603 100 59 604 604 2 155 605 605 48 33 606 606 49 32 607 607 46 282 608 608 2 155 609 609 95 302 610 610 3 285 611 611 101 52 612 612 98 301 613 613 90 53 614 614 97 60 615 615 94 66 616 616 99 58 617 617 43 10 618 618 97 60 619 619 44 273 620 620 100 59 621 621 96 303 622 622 95 302 623 623 56 38 624 624 80 55 625 625 57 34 626 626 48 33 627 627 98 301 628 628 47 26 629 629 53 30 630 630 50 31 631 631 47 26 632 632 65 28 633 633 53 30 634 634 52 25 635 635 63 289 636 636 61 292 637 637 60 39 638 638 50 31 639 639 48 33 640 640 47 26 641 641 56 38 642 642 63 289 643 643 60 39 644 644 70 41 645 645 76 62 646 646 74 61 647 647 71 44 648 648 67 43 649 649 70 41 650 650 75 48 651 651 86 298 652 652 82 63 653 653 52 25 654 654 61 292 655 655 65 28 656 656 87 64 657 657 86 298 658 658 84 65 659 659 91 49 660 660 84 65 661 661 90 53 662 662 46 282 663 663 96 303 664 664 48 33 665 665 48 33 666 666 96 303 667 667 98 301 668 668 99 58 669 669 90 53 670 670 98 301 671 671 96 303 672 672 99 58 673 673 98 301 674 674 102 24 675 675 109 74 676 676 110 304 677 677 103 27 678 678 111 305 679 679 112 306 680 680 110 304 681 681 111 305 682 682 102 24 683 683 113 307 684 684 105 42 685 685 104 37 686 686 106 40 687 687 117 308 688 688 118 309 689 689 115 68 690 690 113 307 691 691 104 37 692 692 106 40 693 693 120 71 694 694 107 70 695 695 116 310 696 696 117 308 697 697 105 42 698 698 108 54 699 699 124 75 700 700 101 52 701 701 122 72 702 702 108 54 703 703 107 70 704 704 118 309 705 705 119 311 706 706 106 40 707 707 112 306 708 708 114 67 709 709 103 27 710 710 115 312 711 711 129 79 712 712 130 313 713 713 125 84 714 714 110 83 715 715 109 314 716 716 126 82 717 717 111 78 718 718 110 83 719 719 126 82 720 720 127 76 721 721 111 78 722 722 116 315 723 723 128 316 724 724 132 87 725 725 130 313 726 726 113 317 727 727 115 312 728 728 120 89 729 729 137 318 730 730 121 319 731 731 134 91 732 732 135 93 733 733 118 92 734 734 133 85 735 735 118 92 736 736 117 86 737 737 132 87 738 738 117 86 739 739 116 315 740 740 135 93 741 741 136 88 742 742 119 90 743 743 122 320 744 744 137 318 745 745 138 321 746 746 123 322 747 747 138 321 748 748 139 96 749 749 131 81 750 750 114 80 751 751 112 77 752 752 109 314 753 753 140 94 754 754 125 84 755 755 131 107 756 756 146 323 757 757 129 324 758 758 139 96 759 759 124 95 760 760 123 322 761 761 142 97 762 762 143 100 763 763 126 102 764 764 143 100 765 765 145 106 766 766 127 101 767 767 130 325 768 768 146 323 769 769 144 105 770 770 133 113 771 771 148 114 772 772 149 111 773 773 142 97 774 774 126 102 775 775 125 98 776 776 147 103 777 777 132 115 778 778 128 104 779 779 144 105 780 780 128 104 781 781 130 325 782 782 134 112 783 783 150 326 784 784 135 327 785 785 150 326 786 786 136 328 787 787 135 327 788 788 151 329 789 789 137 330 790 790 136 328 791 791 148 124 792 792 25 331 793 793 149 332 794 794 152 110 795 795 138 109 796 796 137 330 797 797 153 108 798 798 139 333 799 799 138 109 800 800 154 117 801 801 140 116 802 802 139 333 803 803 153 108 804 804 154 117 805 805 139 333 806 806 41 120 807 807 154 119 808 808 153 334 809 809 45 118 810 810 141 122 811 811 154 119 812 812 37 132 813 813 41 120 814 814 153 334 815 815 25 331 816 816 28 133 817 817 149 332 818 818 37 132 819 819 153 334 820 820 152 130 821 821 28 133 822 822 151 131 823 823 150 335 824 824 28 133 825 825 150 335 826 826 149 332 827 827 146 135 828 828 20 134 829 829 144 136 830 830 8 121 831 831 143 336 832 832 142 137 833 833 11 128 834 834 145 127 835 835 143 336 836 836 3 285 837 837 155 337 838 838 190 338 839 839 32 3 840 840 175 147 841 841 29 149 842 842 16 140 843 843 172 339 844 844 164 139 845 845 160 2 846 846 158 340 847 847 10 0 848 848 167 8 849 849 165 156 850 850 7 6 851 851 181 264 852 852 193 255 853 853 163 269 854 854 10 0 855 855 157 341 856 856 9 283 857 857 2 155 858 858 190 338 859 859 194 153 860 860 171 14 861 861 162 150 862 862 14 12 863 863 183 15 864 864 182 152 865 865 35 16 866 866 5 20 867 867 169 342 868 868 6 18 869 869 40 143 870 870 188 146 871 871 187 141 872 872 6 18 873 873 168 144 874 874 19 145 875 875 177 23 876 876 172 339 877 877 23 21 878 878 155 337 879 879 244 343 880 880 190 338 881 881 155 337 882 882 157 341 883 883 197 344 884 884 254 200 885 885 201 182 886 886 255 160 887 887 160 2 888 888 198 345 889 889 158 340 890 890 202 178 891 891 203 346 892 892 215 181 893 893 160 2 894 894 161 151 895 895 200 347 896 896 203 346 897 897 161 151 898 898 162 150 899 899 207 348 900 900 5 20 901 901 164 139 902 902 204 349 903 903 169 342 904 904 5 20 905 905 211 350 906 906 165 156 907 907 167 8 908 908 208 351 909 909 171 14 910 910 165 156 911 911 168 144 912 912 211 350 913 913 167 8 914 914 205 158 915 915 228 186 916 916 256 159 917 917 168 144 918 918 169 342 919 919 214 162 920 920 212 164 921 921 211 350 922 922 214 162 923 923 199 180 924 924 197 344 925 925 198 345 926 926 198 345 927 927 157 341 928 928 158 340 929 929 202 178 930 930 198 345 931 931 200 347 932 932 216 352 933 933 162 150 934 934 171 14 935 935 203 346 936 936 216 352 937 937 215 181 938 938 204 349 939 939 213 163 940 940 214 162 941 941 217 175 942 942 207 348 943 943 227 176 944 944 207 348 945 945 172 339 946 946 227 176 947 947 209 183 948 948 216 352 949 949 208 351 950 950 220 353 951 951 0 354 952 952 173 277 953 953 206 185 954 954 204 349 955 955 207 348 956 956 250 157 957 957 210 161 958 958 205 158 959 959 218 355 960 960 177 23 961 961 0 354 962 962 224 356 963 963 1 148 964 964 175 147 965 965 1 148 966 966 226 357 967 967 176 275 968 968 220 353 969 969 176 275 970 970 226 357 971 971 220 353 972 972 226 357 973 973 225 187 974 974 223 191 975 975 226 357 976 976 221 358 977 977 220 353 978 978 219 177 979 979 218 355 980 980 180 5 981 981 229 359 982 982 179 138 983 983 234 188 984 984 232 360 985 985 233 361 986 986 222 190 987 987 230 165 988 988 251 167 989 989 182 152 990 990 232 360 991 991 180 5 992 992 237 362 993 993 183 15 994 994 185 363 995 995 187 141 996 996 238 364 997 997 186 142 998 998 252 166 999 999 230 165 1000 1000 235 168 1001 1001 236 192 1002 1002 233 361 1003 1003 237 362 1004 1004 233 361 1005 1005 182 152 1006 1006 183 15 1007 1007 256 159 1008 1008 222 190 1009 1009 251 167 1010 1010 221 358 1011 1011 224 356 1012 1012 223 191 1013 1013 231 189 1014 1014 224 356 1015 1015 229 359 1016 1016 179 138 1017 1017 224 356 1018 1018 175 147 1019 1019 238 364 1020 1020 236 192 1021 1021 237 362 1022 1022 229 359 1023 1023 232 360 1024 1024 231 189 1025 1025 238 364 1026 1026 185 363 1027 1027 186 142 1028 1028 209 183 1029 1029 211 350 1030 1030 212 164 1031 1031 239 170 1032 1032 238 364 1033 1033 240 171 1034 1034 243 365 1035 1035 241 172 1036 1036 240 171 1037 1037 201 182 1038 1038 210 161 1039 1039 255 160 1040 1040 187 141 1041 1041 188 146 1042 1042 240 171 1043 1043 257 169 1044 1044 235 168 1045 1045 242 173 1046 1046 243 365 1047 1047 188 146 1048 1048 189 11 1049 1049 254 200 1050 1050 248 193 1051 1051 195 179 1052 1052 0 354 1053 1053 31 22 1054 1054 24 278 1055 1055 172 339 1056 1056 177 23 1057 1057 227 176 1058 1058 219 177 1059 1059 227 176 1060 1060 218 355 1061 1061 249 366 1062 1062 191 154 1063 1063 194 153 1064 1064 249 366 1065 1065 247 367 1066 1066 246 368 1067 1067 242 173 1068 1068 248 193 1069 1069 253 174 1070 1070 244 343 1071 1071 194 153 1072 1072 190 338 1073 1073 246 368 1074 1074 189 11 1075 1075 191 154 1076 1076 247 367 1077 1077 243 365 1078 1078 246 368 1079 1079 9 283 1080 1080 155 337 1081 1081 4 284 1082 1082 245 194 1083 1083 249 366 1084 1084 244 343 1085 1085 213 163 1086 1086 205 158 1087 1087 210 161 1088 1088 195 179 1089 1089 248 193 1090 1090 196 184 1091 1091 202 178 1092 1092 201 182 1093 1093 195 179 1094 1094 230 165 1095 1095 236 192 1096 1096 235 168 1097 1097 230 165 1098 1098 222 190 1099 1099 231 189 1100 1100 225 187 1101 1101 222 190 1102 1102 228 186 1103 1103 201 182 1104 1104 209 183 1105 1105 210 161 1106 1106 241 172 1107 1107 242 173 1108 1108 235 168 1109 1109 217 175 1110 1110 228 186 1111 1111 205 158 1112 1112 245 194 1113 1113 242 173 1114 1114 247 367 1115 1115 196 184 1116 1116 244 343 1117 1117 197 344 1118 1118 260 195 1119 1119 254 200 1120 1120 255 160 1121 1121 258 202 1122 1122 253 174 1123 1123 254 200 1124 1124 264 199 1125 1125 255 160 1126 1126 250 157 1127 1127 257 169 1128 1128 272 209 1129 1129 252 166 1130 1130 262 197 1131 1131 250 157 1132 1132 256 159 1133 1133 251 167 1134 1134 252 166 1135 1135 270 206 1136 1136 256 159 1137 1137 251 167 1138 1138 267 204 1139 1139 274 211 1140 1140 257 169 1141 1141 253 174 1142 1142 260 369 1143 1143 276 216 1144 1144 259 215 1145 1145 280 225 1146 1146 264 370 1147 1147 265 226 1148 1148 260 369 1149 1149 261 220 1150 1150 277 221 1151 1151 265 226 1152 1152 262 223 1153 1153 278 222 1154 1154 271 371 1155 1155 287 238 1156 1156 270 237 1157 1157 279 218 1158 1158 263 217 1159 1159 264 370 1160 1160 258 212 1161 1161 259 215 1162 1162 275 213 1163 1163 266 227 1164 1164 267 230 1165 1165 283 228 1166 1166 268 372 1167 1167 266 227 1168 1168 282 224 1169 1169 286 233 1170 1170 269 232 1171 1171 270 237 1172 1172 291 239 1173 1173 273 373 1174 1174 274 240 1175 1175 285 231 1176 1176 267 230 1177 1177 269 232 1178 1178 271 371 1179 1179 272 235 1180 1180 288 234 1181 1181 261 220 1182 1182 263 217 1183 1183 281 219 1184 1184 289 236 1185 1185 272 235 1186 1186 273 373 1187 1187 262 223 1188 1188 268 372 1189 1189 282 224 1190 1190 290 214 1191 1191 274 240 1192 1192 258 212 1193 1193 294 374 1194 1194 276 375 1195 1195 277 376 1196 1196 290 377 1197 1197 275 244 1198 1198 292 246 1199 1199 293 245 1200 1200 275 244 1201 1201 276 375 1202 1202 281 378 1203 1203 294 374 1204 1204 277 376 1205 1205 295 241 1206 1206 281 378 1207 1207 279 242 1208 1208 296 243 1209 1209 279 242 1210 1210 280 379 1211 1211 297 252 1212 1212 280 379 1213 1213 278 380 1214 1214 278 380 1215 1215 282 250 1216 1216 297 252 1217 1217 283 381 1218 1218 298 251 1219 1219 282 250 1220 1220 300 382 1221 1221 284 383 1222 1222 285 384 1223 1223 300 382 1224 1224 286 385 1225 1225 301 386 1226 1226 302 387 1227 1227 287 388 1228 1228 288 389 1229 1229 303 249 1230 1230 288 389 1231 1231 289 247 1232 1232 304 248 1233 1233 290 377 1234 1234 292 246 1235 1235 286 385 1236 1236 287 388 1237 1237 301 386 1238 1238 299 390 1239 1239 283 381 1240 1240 284 383 1241 1241 298 391 1242 1242 163 269 1243 1243 297 268 1244 1244 304 248 1245 1245 289 247 1246 1246 291 392 1247 1247 304 254 1248 1248 292 256 1249 1249 193 255 1250 1250 181 264 1251 1251 302 393 1252 1252 184 258 1253 1253 303 259 1254 1254 304 254 1255 1255 192 253 1256 1256 302 393 1257 1257 303 259 1258 1258 184 258 1259 1259 170 265 1260 1260 294 394 1261 1261 295 266 1262 1262 300 395 1263 1263 301 263 1264 1264 174 262 1265 1265 299 261 1266 1266 300 395 1267 1267 174 262 1268 1268 298 391 1269 1269 299 261 1270 1270 178 260 1271 1271 296 396 1272 1272 297 268 1273 1273 166 267 1274 1274 292 256 1275 1275 293 270 1276 1276 156 257 1277 1277 295 266 1278 1278 296 396 1279 1279 166 267 1280 1280 159 271 1281 1281 293 270 1282 1282 294 394 1283 1283 191 154 1284 1284 189 11 1285 1285 43 10 1286 1286 27 274 1287 1287 1 148 1288 1288 176 275 1289 1289 173 277 1290 1290 0 354 1291 1291 24 278 1292 1292 41 120 1293 1293 37 132 1294 1294 34 129 1295 1295 34 129 1296 1296 28 133 1297 1297 25 331 1298 1298 25 331 1299 1299 22 123 1300 1300 17 126 1301 1301 22 123 1302 1302 20 134 1303 1303 17 126 1304 1304 17 126 1305 1305 11 128 1306 1306 8 121 1307 1307 45 118 1308 1308 17 126 1309 1309 8 121 1310 1310 45 118 1311 1311 41 120 1312 1312 34 129 1313 1313 34 129 1314 1314 25 331 1315 1315 17 126 1316 1316 161 151 1317 1317 160 2 1318 1318 12 1 1319 1319 176 275 1320 1320 173 277 1321 1321 26 279 1322 1322 186 142 1323 1323 185 363 1324 1324 38 281 1325 1325 38 281 1326 1326 185 363 1327 1327 183 15 1328 1328 46 282 1329 1329 49 32 1330 1330 9 283 1331 1331 3 285 1332 1332 95 302 1333 1333 46 282 1334 1334 10 0 1335 1335 50 31 1336 1336 51 286 1337 1337 13 280 1338 1338 12 1 1339 1339 51 286 1340 1340 56 38 1341 1341 104 37 1342 1342 105 42 1343 1343 15 19 1344 1344 55 36 1345 1345 58 35 1346 1346 6 18 1347 1347 64 290 1348 1348 55 36 1349 1349 59 287 1350 1350 62 288 1351 1351 18 7 1352 1352 21 13 1353 1353 66 291 1354 1354 59 287 1355 1355 62 288 1356 1356 61 292 1357 1357 63 289 1358 1358 19 145 1359 1359 18 7 1360 1360 62 288 1361 1361 10 0 1362 1362 9 283 1363 1363 49 32 1364 1364 14 12 1365 1365 54 29 1366 1366 66 291 1367 1367 55 36 1368 1368 64 290 1369 1369 63 289 1370 1370 58 35 1371 1371 57 34 1372 1372 80 55 1373 1373 16 140 1374 1374 58 35 1375 1375 68 57 1376 1376 66 291 1377 1377 65 28 1378 1378 61 292 1379 1379 26 279 1380 1380 24 278 1381 1381 69 46 1382 1382 31 22 1383 1383 79 56 1384 1384 69 46 1385 1385 29 149 1386 1386 27 274 1387 1387 73 293 1388 1388 27 274 1389 1389 30 276 1390 1390 78 295 1391 1391 72 45 1392 1392 71 44 1393 1393 74 61 1394 1394 72 45 1395 1395 78 295 1396 1396 30 276 1397 1397 75 48 1398 1398 106 40 1399 1399 107 70 1400 1400 33 4 1401 1401 32 3 1402 1402 81 296 1403 1403 83 297 1404 1404 82 63 1405 1405 86 298 1406 1406 35 16 1407 1407 33 4 1408 1408 83 297 1409 1409 36 17 1410 1410 85 47 1411 1411 88 299 1412 1412 40 143 1413 1413 39 272 1414 1414 89 51 1415 1415 84 65 1416 1416 107 70 1417 1417 108 54 1418 1418 85 47 1419 1419 86 298 1420 1420 87 64 1421 1421 73 293 1422 1422 74 61 1423 1423 76 62 1424 1424 81 296 1425 1425 77 294 1426 1426 76 62 1427 1427 32 3 1428 1428 29 149 1429 1429 77 294 1430 1430 89 51 1431 1431 88 299 1432 1432 87 64 1433 1433 38 281 1434 1434 88 299 1435 1435 89 51 1436 1436 92 50 1437 1437 91 49 1438 1438 94 66 1439 1439 42 9 1440 1440 40 143 1441 1441 92 50 1442 1442 23 21 1443 1443 68 57 1444 1444 79 56 1445 1445 69 46 1446 1446 79 56 1447 1447 80 55 1448 1448 98 301 1449 1449 101 52 1450 1450 102 24 1451 1451 44 273 1452 1452 97 60 1453 1453 100 59 1454 1454 2 155 1455 1455 100 59 1456 1456 95 302 1457 1457 97 60 1458 1458 93 300 1459 1459 94 66 1460 1460 43 10 1461 1461 93 300 1462 1462 97 60 1463 1463 100 59 1464 1464 99 58 1465 1465 96 303 1466 1466 56 38 1467 1467 67 43 1468 1468 80 55 1469 1469 56 38 1470 1470 57 34 1471 1471 63 289 1472 1472 70 41 1473 1473 75 48 1474 1474 76 62 1475 1475 75 48 1476 1476 84 65 1477 1477 86 298 1478 1478 52 25 1479 1479 60 39 1480 1480 61 292 1481 1481 46 282 1482 1482 95 302 1483 1483 96 303 1484 1484 102 24 1485 1485 101 52 1486 1486 109 74 1487 1487 103 27 1488 1488 102 24 1489 1489 111 305 1490 1490 113 307 1491 1491 116 310 1492 1492 105 42 1493 1493 106 40 1494 1494 105 42 1495 1495 117 308 1496 1496 106 40 1497 1497 119 311 1498 1498 120 71 1499 1499 108 54 1500 1500 123 73 1501 1501 124 75 1502 1502 115 312 1503 1503 114 80 1504 1504 129 79 1505 1505 116 315 1506 1506 113 317 1507 1507 128 316 1508 1508 130 313 1509 1509 128 316 1510 1510 113 317 1511 1511 120 89 1512 1512 136 88 1513 1513 137 318 1514 1514 122 320 1515 1515 121 319 1516 1516 137 318 1517 1517 123 322 1518 1518 122 320 1519 1519 138 321 1520 1520 109 314 1521 1521 124 95 1522 1522 140 94 1523 1523 131 107 1524 1524 145 106 1525 1525 146 323 1526 1526 130 325 1527 1527 129 324 1528 1528 146 323 1529 1529 133 113 1530 1530 132 115 1531 1531 148 114 1532 1532 134 112 1533 1533 149 111 1534 1534 150 326 1535 1535 150 326 1536 1536 151 329 1537 1537 136 328 1538 1538 151 329 1539 1539 152 110 1540 1540 137 330 1541 1541 148 124 1542 1542 22 123 1543 1543 25 331 1544 1544 146 135 1545 1545 17 126 1546 1546 20 134 1547 1547 8 121 1548 1548 11 128 1549 1549 143 336 1550 1550 3 285 1551 1551 4 284 1552 1552 155 337 1553 1553 32 3 1554 1554 179 138 1555 1555 175 147 1556 1556 16 140 1557 1557 23 21 1558 1558 172 339 1559 1559 156 257 1560 1560 159 271 1561 1561 193 255 1562 1562 159 271 1563 1563 170 265 1564 1564 193 255 1565 1565 170 265 1566 1566 166 267 1567 1567 163 269 1568 1568 163 269 1569 1569 178 260 1570 1570 174 262 1571 1571 174 262 1572 1572 181 264 1573 1573 163 269 1574 1574 181 264 1575 1575 184 258 1576 1576 192 253 1577 1577 193 255 1578 1578 181 264 1579 1579 192 253 1580 1580 170 265 1581 1581 163 269 1582 1582 193 255 1583 1583 10 0 1584 1584 158 340 1585 1585 157 341 1586 1586 2 155 1587 1587 3 285 1588 1588 190 338 1589 1589 40 143 1590 1590 42 9 1591 1591 188 146 1592 1592 6 18 1593 1593 169 342 1594 1594 168 144 1595 1595 155 337 1596 1596 197 344 1597 1597 244 343 1598 1598 254 200 1599 1599 195 179 1600 1600 201 182 1601 1601 160 2 1602 1602 200 347 1603 1603 198 345 1604 1604 202 178 1605 1605 200 347 1606 1606 203 346 1607 1607 203 346 1608 1608 200 347 1609 1609 161 151 1610 1610 207 348 1611 1611 204 349 1612 1612 5 20 1613 1613 204 349 1614 1614 214 162 1615 1615 169 342 1616 1616 211 350 1617 1617 208 351 1618 1618 165 156 1619 1619 208 351 1620 1620 216 352 1621 1621 171 14 1622 1622 168 144 1623 1623 214 162 1624 1624 211 350 1625 1625 199 180 1626 1626 196 184 1627 1627 197 344 1628 1628 198 345 1629 1629 197 344 1630 1630 157 341 1631 1631 202 178 1632 1632 199 180 1633 1633 198 345 1634 1634 216 352 1635 1635 203 346 1636 1636 162 150 1637 1637 204 349 1638 1638 206 185 1639 1639 213 163 1640 1640 217 175 1641 1641 206 185 1642 1642 207 348 1643 1643 207 348 1644 1644 164 139 1645 1645 172 339 1646 1646 209 183 1647 1647 215 181 1648 1648 216 352 1649 1649 220 353 1650 1650 218 355 1651 1651 0 354 1652 1652 218 355 1653 1653 227 176 1654 1654 177 23 1655 1655 224 356 1656 1656 221 358 1657 1657 1 148 1658 1658 1 148 1659 1659 221 358 1660 1660 226 357 1661 1661 220 353 1662 1662 173 277 1663 1663 176 275 1664 1664 223 191 1665 1665 225 187 1666 1666 226 357 1667 1667 220 353 1668 1668 225 187 1669 1669 219 177 1670 1670 180 5 1671 1671 232 360 1672 1672 229 359 1673 1673 234 188 1674 1674 231 189 1675 1675 232 360 1676 1676 182 152 1677 1677 233 361 1678 1678 232 360 1679 1679 237 362 1680 1680 233 361 1681 1681 183 15 1682 1682 187 141 1683 1683 240 171 1684 1684 238 364 1685 1685 236 192 1686 1686 234 188 1687 1687 233 361 1688 1688 256 159 1689 1689 228 186 1690 1690 222 190 1691 1691 231 189 1692 1692 223 191 1693 1693 224 356 1694 1694 179 138 1695 1695 229 359 1696 1696 224 356 1697 1697 238 364 1698 1698 239 170 1699 1699 236 192 1700 1700 238 364 1701 1701 237 362 1702 1702 185 363 1703 1703 209 183 1704 1704 208 351 1705 1705 211 350 1706 1706 243 365 1707 1707 247 367 1708 1708 241 172 1709 1709 243 365 1710 1710 240 171 1711 1711 188 146 1712 1712 254 200 1713 1713 253 174 1714 1714 248 193 1715 1715 0 354 1716 1716 177 23 1717 1717 31 22 1718 1718 249 366 1719 1719 246 368 1720 1720 191 154 1721 1721 249 366 1722 1722 245 194 1723 1723 247 367 1724 1724 244 343 1725 1725 249 366 1726 1726 194 153 1727 1727 246 368 1728 1728 243 365 1729 1729 189 11 1730 1730 9 283 1731 1731 157 341 1732 1732 155 337 1733 1733 213 163 1734 1734 206 185 1735 1735 205 158 1736 1736 230 165 1737 1737 234 188 1738 1738 236 192 1739 1739 225 187 1740 1740 223 191 1741 1741 222 190 1742 1742 201 182 1743 1743 215 181 1744 1744 209 183 1745 1745 241 172 1746 1746 247 367 1747 1747 242 173 1748 1748 217 175 1749 1749 219 177 1750 1750 228 186 1751 1751 245 194 1752 1752 248 193 1753 1753 242 173 1754 1754 196 184 1755 1755 245 194 1756 1756 244 343 1757 1757 260 195 1758 1758 259 201 1759 1759 254 200 1760 1760 264 199 1761 1761 263 210 1762 1762 255 160 1763 1763 257 169 1764 1764 273 397 1765 1765 272 209 1766 1766 274 211 1767 1767 273 397 1768 1768 257 169 1769 1769 260 369 1770 1770 277 221 1771 1771 276 216 1772 1772 280 225 1773 1773 279 218 1774 1774 264 370 1775 1775 271 371 1776 1776 288 234 1777 1777 287 238 1778 1778 291 239 1779 1779 289 236 1780 1780 273 373 1781 1781 294 374 1782 1782 293 245 1783 1783 276 375 1784 1784 281 378 1785 1785 295 241 1786 1786 294 374 1787 1787 297 252 1788 1788 296 243 1789 1789 280 379 1790 1790 283 381 1791 1791 299 390 1792 1792 298 251 1793 1793 300 382 1794 1794 299 390 1795 1795 284 383 1796 1796 300 382 1797 1797 285 384 1798 1798 286 385 1799 1799 302 387 1800 1800 301 386 1801 1801 287 388 1802 1802 303 249 1803 1803 302 387 1804 1804 288 389 1805 1805 304 248 1806 1806 291 392 1807 1807 290 377 1808 1808 298 391 1809 1809 178 260 1810 1810 163 269 1811 1811 181 264 1812 1812 301 263 1813 1813 302 393 1814 1814 170 265 1815 1815 159 271 1816 1816 294 394 1817 1817</p>
        </triangles>
      </mesh>
    </geometry>
    <geometry id="Wheel_LOD200-mesh" name="Wheel_LOD200">
      <mesh>
        <source id="Wheel_LOD200-mesh-positions">
          <float_array id="Wheel_LOD200-mesh-positions-array" count="1458">0.5884712 -0.1733876 -0.1170542 0.5543277 -0.1733876 0.2296101 -0.5543277 0.173386 0.22961 -0.5884712 0.1733859 0.1170538 -0.5999999 0.1733859 -1.89932e-7 0.3333421 -0.1733876 -0.4988819 0.2296101 0.173386 -0.5543279 -0.1170542 0.173386 -0.5884713 -0.1707322 0.1823141 -1.78814e-7 -0.1638333 0.1823099 -0.04969745 -0.5884712 0.1733859 -0.1170542 -0.5543277 0.1733859 -0.2296103 -0.1344263 0.1823055 -0.1064325 -0.4988818 0.1733859 -0.3333423 -0.424264 0.1733859 -0.4242642 -0.08346557 0.1823069 -0.1497747 -0.3333421 0.1733859 -0.4988819 0.3333421 0.1733859 -0.4988819 0.1064267 0.1822996 -0.1344211 0.424264 0.173386 -0.4242643 -0.01979297 0.1823033 -0.1703102 0 0.1733859 -0.6000002 0.1170542 0.1733859 -0.5884713 0.04688936 0.1823094 -0.1649286 -0.2296099 0.1733859 -0.5543279 0.1419584 0.1823142 -0.09485393 0.4988818 0.1733859 -0.3333421 0.5884712 0.1733859 -0.1170544 0.1709454 0.1823082 0.01683694 0.5999999 0.1733859 -1.78814e-7 0.5543277 0.1733859 0.2296099 0.14977 0.1823033 0.08346354 0.4988817 0.173386 0.3333419 0.5884712 0.1733859 0.1170539 0.5543277 0.1733859 -0.2296102 0.1638269 0.1823048 -0.04969555 0.424264 0.1733859 0.424264 0.1086092 0.182308 0.1323415 0.3333421 0.1733859 0.4988815 0.05263918 0.1823052 0.1631785 0.2296101 0.1733859 0.5543275 0.1170542 0.1733859 0.5884709 -0.0138148 0.1823078 0.1709046 0 0.1733859 0.5999998 -0.1170542 0.1733859 0.5884709 -0.06533646 0.1823142 0.1577357 -0.22961 0.173386 0.5543275 -0.1086087 0.1823067 0.1323398 -0.3333421 0.1733859 0.4988815 -0.424264 0.1733859 0.4242638 -0.4988818 0.1733859 0.3333419 -0.1419584 0.1823141 0.09485369 -0.1631755 0.1823033 0.05264037 -0.5709388 0.2131963 -1.78814e-7 -0.5331459 0.2351409 -1.78814e-7 -0.4674702 0.249538 -0.09298574 -0.5229018 0.2351409 -0.1040117 -0.5599685 0.2131963 -0.1113848 -0.5274787 0.2131963 -0.218489 -0.4925628 0.2351409 -0.2040263 -0.4184114 0.2495086 -0.2327564 -0.4432948 0.2351409 -0.2962003 -0.4747183 0.2131963 -0.3171968 -0.3028072 0.249697 -0.368972 -0.3769913 0.2351409 -0.3769914 -0.4037147 0.2131963 -0.4037149 -0.2962 0.2351409 -0.4432949 -0.3171966 0.2131963 -0.4747185 0.3171966 0.2131963 -0.4747185 0.2962 0.2351409 -0.4432949 0.3041486 0.2495641 -0.3706068 0.3769912 0.2351409 -0.3769914 0.4037147 0.2131963 -0.4037149 -0.1113846 0.2131963 -0.5599685 -0.1040117 0.235141 -0.5229018 -0.03893512 0.2495085 -0.4772084 0 0.2351408 -0.5331462 0 0.2131962 -0.570939 0.1113846 0.2131963 -0.5599685 0.1040116 0.235141 -0.5229018 0.1379351 0.2496394 -0.4571918 0.2040262 0.2351409 -0.4925629 0.2184888 0.2131963 -0.5274789 -0.1823978 0.249538 -0.4403473 -0.2040262 0.2351409 -0.4925629 -0.2184889 0.2131963 -0.5274789 0.4214937 0.2496394 -0.2244848 0.4432948 0.2351409 -0.2962003 0.4747183 0.2131963 -0.3171968 0.5599685 0.2131963 -0.1113848 0.5229018 0.2351409 -0.1040117 0.4674701 0.249538 -0.09298574 0.4770182 0.249563 0.03854852 0.533146 0.2351409 -1.78814e-7 0.5709388 0.2131963 -1.78814e-7 0.5274787 0.2131963 0.2184887 0.4925628 0.2351409 0.2040259 0.4403472 0.249538 0.1823976 0.3689714 0.249697 0.3028076 0.4432947 0.2351409 0.2961999 0.4747183 0.2131963 0.3171965 0.5229018 0.2351409 0.1040114 0.5599684 0.2131963 0.1113844 0.5274787 0.2131963 -0.218489 0.4925628 0.2351409 -0.2040263 0.4037147 0.2131963 0.4037145 0.3769912 0.2351409 0.376991 0.2648006 0.249538 0.3963018 0.2962 0.2351409 0.4432945 0.3171966 0.2131963 0.4747182 0.131286 0.2495085 0.460443 0.2040262 0.235141 0.4925624 0.2184888 0.2131963 0.5274786 0.1113846 0.2131963 0.5599681 0.1040116 0.2351408 0.5229017 -0.04608339 0.2496395 0.4753171 0 0.235141 0.533146 0 0.2131963 0.5709387 -0.1113846 0.2131963 0.5599681 -0.1040117 0.2351408 0.5229017 -0.2181577 0.2495631 0.425957 -0.2040262 0.235141 0.4925624 -0.2184889 0.2131963 0.5274786 -0.2962 0.2351409 0.4432945 -0.3171966 0.2131963 0.4747182 -0.3648021 0.2496405 0.3093044 -0.3769913 0.2351409 0.376991 -0.4037147 0.2131963 0.4037145 -0.5599685 0.2131963 0.1113844 -0.5229018 0.2351409 0.1040114 -0.4750196 0.249697 0.04678529 -0.4747183 0.2131963 0.3171965 -0.4432948 0.2351409 0.2961999 -0.4403472 0.249538 0.1823976 -0.4925628 0.2351409 0.2040259 -0.5274787 0.2131963 0.2184887 0.2490136 0.2550995 -0.3034233 0.1151208 0.2551931 -0.3745398 0.3895874 0.2551601 -0.04528349 -0.389523 0.255134 0.04446321 -0.3457204 0.2552204 0.1847904 -0.3770985 0.2551934 -0.1086983 -0.3068736 0.2551341 -0.2439954 -0.1602933 0.2551558 -0.3612868 0 0.2551617 -0.3905264 0.3448851 0.2551931 -0.1859765 0.273126 0.2551095 0.2852957 0.3759995 0.2551601 0.1140583 0.108691 0.2551934 0.3771005 -0.0452938 0.2551601 0.3895859 -0.2265307 0.2551096 0.3235355 -0.3301854 0.2459208 -2.38419e-7 -0.3238409 0.2459208 -0.06441605 -0.3050513 0.2459208 -0.1263567 -0.274539 0.245921 -0.1834414 -0.2334764 0.2459208 -0.2334765 -0.1834411 0.2459208 -0.2745392 0.1834411 0.2459208 -0.2745392 0.2334762 0.2459208 -0.2334765 -0.06441593 0.245921 -0.323841 0 0.2459206 -0.3301855 0.06441605 0.245921 -0.323841 0.1263564 0.2459208 -0.3050516 -0.1263563 0.2459208 -0.3050516 0.274539 0.245921 -0.1834414 0.3238409 0.2459208 -0.06441605 0.3301854 0.2459208 -1.78814e-7 0.3050515 0.2459208 0.1263563 0.274539 0.2459208 0.1834411 0.3238409 0.2459208 0.06441569 0.3050515 0.2459208 -0.1263567 0.2334762 0.2459208 0.2334761 0.1834411 0.2459208 0.2745388 0.1263564 0.245921 0.3050512 0.06441605 0.2459206 0.3238407 0 0.2459211 0.3301851 -0.06441593 0.2459206 0.3238407 -0.1263563 0.245921 0.3050513 -0.1834411 0.2459208 0.2745388 -0.2334761 0.2459208 0.2334761 -0.3238409 0.2459208 0.06441569 -0.274539 0.2459208 0.1834411 -0.3050513 0.2459208 0.1263563 -0.3182249 0.259727 -2.38419e-7 -0.3121104 0.2597269 -0.0620827 -0.2940016 0.259727 -0.1217796 -0.2645943 0.259727 -0.1767965 -0.2250189 0.259727 -0.2250192 -0.1767964 0.259727 -0.2645945 0.1767963 0.259727 -0.2645945 0.2250189 0.259727 -0.2250192 -0.06208276 0.2597271 -0.3121105 0 0.2597268 -0.3182251 0.06208258 0.2597271 -0.3121105 0.1217794 0.259727 -0.2940016 -0.1217794 0.259727 -0.2940016 0.2645943 0.259727 -0.1767965 0.3121103 0.2597269 -0.0620827 0.3182249 0.259727 -1.78814e-7 0.2940015 0.259727 0.1217792 0.2645942 0.259727 0.1767963 0.3121103 0.259727 0.06208229 0.2940015 0.259727 -0.1217796 0.2250189 0.259727 0.2250188 0.1767963 0.259727 0.2645941 0.1217794 0.2597271 0.2940012 0.06208258 0.2597268 0.3121101 0 0.2597272 0.3182247 -0.06208276 0.2597268 0.3121101 -0.1217794 0.2597271 0.2940013 -0.1767964 0.259727 0.2645941 -0.2250189 0.259727 0.2250188 -0.3121104 0.259727 0.06208229 -0.2645941 0.259727 0.1767963 -0.2940016 0.259727 0.1217792 -0.2726286 0.259727 -2.38419e-7 -0.26739 0.2597269 -0.05318725 -0.2518759 0.259727 -0.1043305 -0.2266821 0.259727 -0.1514645 -0.1927773 0.259727 -0.1927776 -0.1514642 0.259727 -0.2266824 0.1514642 0.259727 -0.2266824 0.1927773 0.259727 -0.1927776 -0.07935976 0.2597173 -0.2616075 0 0.2597268 -0.2726286 0.05318719 0.2597271 -0.2673901 0.1043304 0.259727 -0.2518759 0.2266821 0.259727 -0.1514645 0.26739 0.2597269 -0.05318725 0.2726284 0.259727 -1.78814e-7 0.2518758 0.259727 0.1043302 0.226682 0.259727 0.1514642 0.26739 0.259727 0.05318689 0.2518758 0.259727 -0.1043305 0.1927773 0.259727 0.1927772 0.1288722 0.2597172 0.2410979 0.05318719 0.2597268 0.2673897 0 0.2597272 0.2726283 -0.05318713 0.2597268 0.2673897 -0.1043303 0.2597271 0.2518756 -0.1514642 0.259727 0.2266821 -0.1927773 0.259727 0.1927772 -0.26739 0.259727 0.05318689 -0.2266821 0.259727 0.1514642 -0.2518759 0.259727 0.1043302 -0.5999999 -0.1733876 -1.78814e-7 -0.1707322 -0.1823158 -1.78814e-7 -0.1638268 -0.1823065 -0.04969567 -0.5884712 -0.1733876 -0.1170544 -0.5543277 -0.1733876 -0.2296102 -0.1419584 -0.1823159 -0.09485393 -0.4988819 -0.1733877 -0.3333423 -0.1086045 -0.1823035 -0.1323353 -0.424264 -0.1733876 -0.4242642 -0.3333421 -0.1733876 -0.4988819 0.1327767 -0.1823053 -0.1089681 0.4242641 -0.1733876 -0.4242642 -0.1170542 -0.1733876 -0.5884713 0.01979249 -0.1823012 -0.1703054 0 -0.1733877 -0.6000002 0.1170542 -0.1733876 -0.5884713 0.08070349 -0.1823084 -0.1509859 0.22961 -0.1733876 -0.5543279 -0.04986459 -0.1823111 -0.1643773 -0.2296099 -0.1733877 -0.5543279 0.4988817 -0.1733876 -0.3333423 0.17093 -0.1822981 0.01683521 0.5999999 -0.1733876 -1.7935e-7 0.1497727 -0.1823071 0.0834648 0.4988817 -0.1733876 0.3333419 0.5884712 -0.1733876 0.1170538 0.5543277 -0.1733876 -0.2296104 0.1638328 -0.1823111 -0.0496971 0.4242641 -0.1733876 0.4242638 0.1086069 -0.1823065 0.1323381 0.3333422 -0.1733876 0.4988815 0.05264085 -0.1823108 0.1631834 0.22961 -0.1733876 0.5543275 0.1170542 -0.1733877 0.5884709 0 -0.182316 0.1707319 0 -0.1733877 0.5999998 -0.1170542 -0.1733877 0.5884709 -0.05263704 -0.1823012 0.1631714 -0.2296099 -0.1733876 0.5543275 -0.1086108 -0.1823112 0.1323428 -0.3333421 -0.1733876 0.4988815 -0.4242639 -0.1733876 0.4242639 -0.5884712 -0.1733876 0.1170539 -0.4988818 -0.1733877 0.333342 -0.1419584 -0.1823158 0.09485369 -0.1638332 -0.1823117 0.04969781 -0.5543277 -0.1733876 0.2296099 -0.5709388 -0.213198 -1.78814e-7 -0.5331459 -0.2351425 -1.78814e-7 -0.4674702 -0.2495397 -0.09298574 -0.5229018 -0.2351425 -0.1040117 -0.5599685 -0.213198 -0.1113848 -0.5274787 -0.213198 -0.218489 -0.4925628 -0.2351425 -0.2040263 -0.4180414 -0.2495647 -0.2329674 -0.4432948 -0.2351425 -0.2962003 -0.4747183 -0.213198 -0.3171968 -0.3031405 -0.249565 -0.369381 -0.3769913 -0.2351425 -0.3769914 -0.4037147 -0.213198 -0.4037149 -0.2962 -0.2351425 -0.4432949 -0.3171966 -0.213198 -0.4747185 0.3171966 -0.213198 -0.4747185 0.2962 -0.2351425 -0.4432949 0.2648006 -0.2495397 -0.3963022 0.3696039 -0.2496411 -0.302396 0.3769912 -0.2351425 -0.3769914 0.4037147 -0.213198 -0.4037149 -0.1113846 -0.213198 -0.5599685 -0.1040117 -0.2351427 -0.5229018 -0.03893548 -0.2495102 -0.4772084 0 -0.2351424 -0.5331462 0 -0.2131979 -0.570939 0.1113846 -0.213198 -0.5599685 0.1040116 -0.2351427 -0.5229018 0.1379342 -0.2496411 -0.457192 0.2040262 -0.2351425 -0.4925629 0.2184888 -0.213198 -0.5274789 -0.1823978 -0.2495397 -0.4403473 -0.2040262 -0.2351425 -0.4925629 -0.2184889 -0.213198 -0.5274789 0.4432948 -0.2351425 -0.2962003 0.4747183 -0.213198 -0.3171968 0.5599685 -0.213198 -0.1113848 0.5229018 -0.2351425 -0.1040117 0.4766654 -0.2496421 0.03924208 0.533146 -0.2351425 -1.78814e-7 0.5709388 -0.213198 -1.78814e-7 0.5274787 -0.213198 0.2184887 0.4925628 -0.2351425 0.2040259 0.4403472 -0.2495397 0.1823976 0.3689714 -0.2496986 0.3028075 0.4432947 -0.2351425 0.2961999 0.4747183 -0.213198 0.3171965 0.5229018 -0.2351425 0.1040114 0.5599684 -0.213198 0.1113844 0.5274787 -0.213198 -0.218489 0.4925628 -0.2351425 -0.2040263 0.4557809 -0.2495102 -0.1466547 0.4037147 -0.213198 0.4037145 0.3769912 -0.2351425 0.376991 0.2648006 -0.2495397 0.3963018 0.2962 -0.2351425 0.4432945 0.3171966 -0.213198 0.4747182 0.131286 -0.2495102 0.4604429 0.2040262 -0.2351427 0.4925624 0.2184888 -0.213198 0.5274786 0.1113846 -0.213198 0.5599681 0.1040116 -0.2351424 0.5229017 -0.04608333 -0.2496411 0.4753172 0 -0.2351427 0.533146 0 -0.213198 0.5709387 -0.1113846 -0.213198 0.5599681 -0.1040117 -0.2351424 0.5229017 -0.218158 -0.2495647 0.425957 -0.2040262 -0.2351427 0.4925624 -0.2184889 -0.213198 0.5274786 -0.2962 -0.2351425 0.4432945 -0.3171966 -0.213198 0.4747182 -0.3648023 -0.2496421 0.3093044 -0.3769913 -0.2351425 0.376991 -0.4037147 -0.213198 0.4037145 -0.5599685 -0.213198 0.1113844 -0.5229018 -0.2351425 0.1040114 -0.475176 -0.249641 0.0475201 -0.4747183 -0.213198 0.3171965 -0.4432948 -0.2351425 0.2961999 -0.4403472 -0.2495397 0.1823976 -0.4925628 -0.2351425 0.2040259 -0.5274787 -0.213198 0.2184887 -0.3437678 -0.2551759 -0.1890897 0.2496861 -0.2551947 -0.3019765 0.1204211 -0.2551618 -0.3732663 0.3830224 -0.2551634 -0.07618802 0.3291429 -0.2552138 0.2175725 0.03377896 -0.2551758 0.3908827 -0.1123567 -0.2551946 0.3753777 -0.3899613 -0.2551759 0.04314184 -0.3457201 -0.255222 0.1847909 -0.3830223 -0.2551634 -0.07618802 -0.2447333 -0.2551951 -0.3067967 -0.06743752 -0.2551574 -0.389454 0.343768 -0.2551758 -0.1890891 0.3895229 -0.2551356 0.04446369 0.185858 -0.2551353 0.3459853 -0.2485289 -0.2551352 0.3041096 -0.3301854 -0.2459225 -2.38419e-7 -0.3238409 -0.2459225 -0.06441605 -0.3050513 -0.2459225 -0.1263567 -0.274539 -0.2459226 -0.1834414 -0.2334764 -0.2459225 -0.2334765 -0.1834411 -0.2459225 -0.2745392 0.1834411 -0.2459225 -0.2745392 0.2334762 -0.2459225 -0.2334765 -0.06441593 -0.2459226 -0.323841 0 -0.2459223 -0.3301855 0.06441605 -0.2459226 -0.323841 0.1263564 -0.2459225 -0.3050516 -0.1263563 -0.2459225 -0.3050516 0.274539 -0.2459226 -0.1834414 0.3238409 -0.2459225 -0.06441605 0.3301854 -0.2459225 -1.78814e-7 0.3050515 -0.2459225 0.1263563 0.274539 -0.2459225 0.1834411 0.3238409 -0.2459225 0.06441569 0.3050515 -0.2459225 -0.1263567 0.2334762 -0.2459225 0.2334761 0.1834411 -0.2459225 0.2745388 0.1263564 -0.2459226 0.3050512 0.06441605 -0.2459223 0.3238407 0 -0.2459228 0.3301851 -0.06441593 -0.2459223 0.3238407 -0.1263563 -0.2459226 0.3050513 -0.1834411 -0.2459225 0.2745388 -0.2334761 -0.2459225 0.2334761 -0.3238409 -0.2459225 0.06441569 -0.274539 -0.2459225 0.1834411 -0.3050513 -0.2459225 0.1263563 -0.3182249 -0.2597287 -2.38419e-7 -0.3121104 -0.2597286 -0.0620827 -0.2940016 -0.2597287 -0.1217796 -0.2645943 -0.2597287 -0.1767965 -0.2250189 -0.2597287 -0.2250192 -0.1767964 -0.2597287 -0.2645945 0.1767963 -0.2597287 -0.2645945 0.2250189 -0.2597287 -0.2250192 -0.0620827 -0.2597288 -0.3121105 0 -0.2597284 -0.3182251 0.06208264 -0.2597288 -0.3121105 0.1217794 -0.2597287 -0.2940016 -0.1217794 -0.2597287 -0.2940016 0.2645943 -0.2597287 -0.1767965 0.3121103 -0.2597286 -0.0620827 0.3182249 -0.2597287 -1.78814e-7 0.2940015 -0.2597287 0.1217792 0.2645942 -0.2597287 0.1767963 0.3121103 -0.2597287 0.06208229 0.2940015 -0.2597287 -0.1217796 0.2250189 -0.2597287 0.2250188 0.1767963 -0.2597287 0.2645941 0.1217794 -0.2597288 0.2940012 0.06208264 -0.2597284 0.3121101 0 -0.2597289 0.3182247 -0.0620827 -0.2597284 0.3121101 -0.1217794 -0.2597288 0.2940013 -0.1767964 -0.2597287 0.2645941 -0.2250189 -0.2597287 0.2250188 -0.3121104 -0.2597287 0.06208229 -0.2645941 -0.2597287 0.1767963 -0.2940016 -0.2597287 0.1217792 -0.2726286 -0.2597287 -2.38419e-7 -0.26739 -0.2597286 -0.05318725 -0.2518759 -0.2597287 -0.1043305 -0.2266821 -0.2597287 -0.1514645 -0.1927773 -0.2597287 -0.1927776 -0.1514642 -0.2597287 -0.2266824 0.1514642 -0.2597287 -0.2266824 0.1927773 -0.2597287 -0.1927776 -0.07935947 -0.259719 -0.2616075 0 -0.2597284 -0.2726286 0.05318725 -0.2597288 -0.2673901 0.1043304 -0.2597287 -0.2518759 0.2266821 -0.2597287 -0.1514645 0.26739 -0.2597286 -0.05318725 0.2726284 -0.2597287 -1.78814e-7 0.2518758 -0.2597287 0.1043302 0.226682 -0.2597287 0.1514642 0.26739 -0.2597287 0.05318689 0.2518758 -0.2597287 -0.1043305 0.1927773 -0.2597287 0.1927772 0.1514643 -0.2597287 0.226682 0.1043304 -0.2597288 0.2518756 0.05318725 -0.2597284 0.2673897 0 -0.2597289 0.2726283 -0.05318707 -0.2597284 0.2673897 -0.1043303 -0.2597288 0.2518756 -0.1514642 -0.2597287 0.2266821 -0.1927773 -0.2597287 0.1927772 -0.26739 -0.2597287 0.05318689 -0.2266821 -0.2597287 0.1514642 -0.2518759 -0.2597287 0.1043302</float_array>
          <technique_common>
            <accessor source="#Wheel_LOD200-mesh-positions-array" count="486" stride="3">
              <param name="X" type="float"/>
              <param name="Y" type="float"/>
              <param name="Z" type="float"/>
            </accessor>
          </technique_common>
        </source>
        <source id="Wheel_LOD200-mesh-normals">
          <float_array id="Wheel_LOD200-mesh-normals-array" count="2004">-0.8799958 0.3045346 -0.3645079 -0.7919768 0.3045301 -0.5291827 -0.7919755 -0.3045298 -0.5291849 0.6735189 0.3045341 0.6735216 0.5291821 0.3045249 0.7919791 0.5291808 -0.3045334 0.7919768 -0.1858235 0.3045402 -0.9341976 1.42629e-6 0.3045266 -0.9525039 -1.49904e-6 -0.3045348 -0.9525013 -0.5291801 0.3045291 0.7919788 -0.6735188 0.3045299 0.6735236 -0.6735207 -0.3045299 0.6735217 -0.5291827 0.3045337 -0.7919753 -0.3645091 0.3045254 -0.8799986 -0.3645076 -0.304534 -0.8799962 0.1858241 -0.3045291 0.934201 0.3645054 0.3045337 0.8799973 0.1858225 0.3045266 0.9342021 0.3645049 0.3045342 -0.8799973 0.5291817 0.3045256 -0.7919791 0.5291805 -0.3045338 -0.7919768 0.7919757 0.3045296 -0.5291845 0.8799966 0.3045302 -0.3645098 0.8799985 -0.3045309 -0.3645046 0.02450722 0.9995066 0.01965165 -0.1044678 0.9866009 -0.1253199 -0.1448397 0.9860848 -0.08159881 0.01134479 0.9996432 0.02418613 -0.02891176 0.999545 -0.008596479 0.1651806 0.9861652 0.01391077 -0.03184282 0.9994872 0.003364801 0.1586472 0.9867998 -0.03251588 0.1490041 0.9868665 0.06238949 8.50994e-4 0.9993879 0.03497403 -0.0127151 0.9861315 -0.1654787 0.01507467 0.9996517 -0.02166551 -0.1252443 0.9862616 0.1077119 -0.07486969 0.9862031 0.1476421 0.0280947 0.9994831 -0.01563251 -0.07720232 0.9235387 -0.3756542 0.003953874 0.9233778 -0.3838722 0.07090157 0.9242671 -0.3751044 0.04780495 0.9864156 -0.1571598 0.1494116 0.9245063 -0.350663 0.3858407 0.9225617 -0.00263673 0.3756079 0.9235598 0.07717716 0.3204299 0.9233789 0.2114145 0.1268707 0.986579 0.1027911 0.2698664 0.9233781 0.2730295 0.00363928 0.9242665 0.3817308 -0.01571077 0.9864443 0.1633432 -0.07796633 0.9243542 0.3734844 -0.14332 0.9233381 0.3562393 -0.2147966 0.9246116 0.3145725 0.3147767 0.924506 -0.2149522 0.144129 0.9864407 -0.07849586 0.3556053 0.9233419 -0.1448608 -0.2686149 0.9233968 0.2741977 -0.3202885 0.9235041 0.2110821 0.1071773 0.9873399 0.1169322 0.1301677 0.9881907 0.08084225 -0.1138964 0.9879634 0.1046708 -0.01978176 0.9995138 0.02410417 -0.08043992 0.9879633 0.1321286 0.1422159 0.9877215 0.06466007 0.02995038 0.9995127 0.008797585 0.1513881 0.9881622 0.02484387 0.0526275 0.9900086 0.1308187 0.09631305 0.9868093 0.1301202 -0.1570764 0.9875705 -0.005637884 -0.1489713 0.9882326 0.03469896 -0.02484202 0.9881618 -0.1513907 -0.009008347 0.9995176 -0.0297228 -0.06674796 0.9874057 -0.1434392 -0.1398161 0.9880891 -0.0642777 -0.1519638 0.988089 -0.02423232 0.03469926 0.9882324 -0.1489726 0.003675758 0.9995005 -0.03139138 -0.005365431 0.9876329 -0.1566927 0.07718193 0.9900346 -0.1177906 0.05929309 0.98611 -0.1551494 0.1192239 0.9868684 -0.1089793 -0.1459963 0.9877447 0.05518651 -0.02880728 0.99947 0.01516348 -0.1268714 0.98766 0.09182274 0.1564415 0.9876726 0.005377888 0.03234112 0.9994699 -0.003750741 0.1492066 0.9881907 -0.03487902 0.1457781 0.987786 -0.05502349 0.1272695 0.9875611 -0.0923348 -7.6124e-5 1 -1.4269e-4 -6.13205e-6 1 -1.45395e-4 -1.16796e-4 1 -8.30457e-5 4.66159e-5 1 1.52815e-4 -2.20805e-5 1 1.41615e-4 9.77667e-5 1 1.03093e-4 0.03868252 0.937914 0.3447044 0.1771296 0.7932236 0.5825989 0.1701374 0.937807 0.3026074 0.02359938 0.9382908 -0.3450413 0.1205263 0.7948339 -0.5947374 -0.003789663 0.7959918 -0.6052957 -0.1044594 0.9380034 -0.3305118 -0.124592 0.7955057 -0.5929988 -0.2875132 0.7931923 -0.536826 -0.2202234 0.9384388 -0.2661472 -0.1624674 0.8041579 0.571782 -0.2349043 0.7964944 0.5571507 -0.1143728 0.7959916 0.5944043 0.006510853 0.7955054 0.6059117 -0.2110423 0.9384512 0.2734419 -0.4306322 0.7948343 0.4275448 -0.3331342 0.7959913 0.5053904 0.6735207 -0.3045263 0.6735234 0.6735209 -0.3045261 -0.6735231 0.6735189 0.3045344 -0.6735214 -0.3645092 -0.3045251 0.8799986 -0.1858238 -0.3045405 0.9341974 -0.364507 0.304528 0.8799985 0.1858214 -0.3045302 -0.9342011 0.1858258 0.304525 -0.9342021 -0.5291845 -0.3045237 0.7919781 0.7919765 -0.3045346 0.5291805 0.8799998 -0.3045247 0.3645065 0.7919755 0.3045298 0.5291847 -0.5291843 -0.3045255 -0.7919774 -0.6735215 -0.3045283 -0.6735216 0.3645063 -0.3045255 0.8799997 -0.8799983 -0.3045263 0.3645088 -0.7919752 -0.3045339 0.529183 -0.8799959 0.3045346 0.3645079 -0.1858254 -0.3045263 -0.9342016 -0.02109205 -0.9994645 0.02501767 0.1278764 -0.9864133 -0.1031339 -0.02731126 -0.9995048 0.01563787 0.1586917 -0.9860231 -0.05074995 -0.03428226 -0.9993835 0.007578551 0.04472184 -0.9861007 0.1600167 -0.002489268 -0.9995169 -0.03098315 -0.01428443 -0.9995391 -0.02678596 -0.01589643 -0.9864 0.1635924 0.009211301 -0.9994832 -0.03079992 -0.07584029 -0.9861262 0.1476598 0.01937985 -0.9995443 -0.02314424 -0.1256465 -0.9861808 0.1079834 0.02829527 -0.9994789 -0.0155366 -0.3170827 -0.9233378 -0.2165776 -0.1444175 -0.9861308 -0.08179098 -0.3551837 -0.9235597 -0.1445061 -0.2113925 -0.9233877 -0.320419 -0.1056743 -0.9863427 -0.1263369 -0.2724047 -0.9243113 -0.2672907 -0.0115844 -0.986055 -0.1660159 -0.07720232 -0.9235387 -0.3756545 0.003953933 -0.9233777 -0.3838723 0.04585081 -0.9864625 -0.157447 0.07090163 -0.9242671 -0.3751044 0.1489287 -0.9234227 -0.3537101 0.3194177 -0.9242672 -0.2090516 0.2697935 -0.9234224 -0.2729519 0.1652544 -0.9861721 0.01247167 0.3838267 -0.9233967 -0.003947019 0.3757364 -0.9235038 0.07722043 0.3531396 -0.9233773 -0.1505551 0.3743792 -0.924588 -0.07054942 0.1490055 -0.9235388 0.3533743 0.07101231 -0.9233779 0.3772674 0.1259039 -0.9864971 0.1047469 0.3204299 -0.923379 0.2114143 0.2698664 -0.9233782 0.2730295 0.00363934 -0.9242665 0.3817309 -0.07796633 -0.9243541 0.3734845 -0.1433197 -0.9233381 0.3562393 -0.2147966 -0.9246116 0.3145726 -0.3837784 -0.9234225 -0.002232968 -0.1635109 -0.9864085 0.01620805 -0.3761547 -0.9233422 0.07711619 -0.268615 -0.9233968 0.2741978 -0.3202886 -0.9235039 0.2110823 0.1421363 -0.9882878 0.05553954 0.02783161 -0.999492 0.01552838 0.1247546 -0.9881235 0.08971261 0.1144002 -0.9876902 0.1066815 0.01891398 -0.9995157 0.02471262 0.0808866 -0.9881621 0.1303582 -0.1135705 -0.9878163 0.1063993 -0.08260744 -0.9877448 0.1324248 0.02892124 -0.990009 0.1380066 0.004532217 -0.9996523 0.02597659 -0.007907092 -0.9867767 0.1618932 -0.02413147 -0.9872706 0.1572085 -0.009831011 -0.9994973 0.03014236 -0.06309449 -0.9882326 0.1393398 -0.02332973 -0.9996054 -0.01565289 -0.1186392 -0.9897396 -0.07962673 -0.1530776 -0.9865162 -0.05790728 -0.1528977 -0.9882373 0.003048241 -0.03265273 -0.9994593 -0.003877401 -0.1492062 -0.9881908 -0.03487819 -0.05343383 -0.9880324 -0.1446955 -0.09004467 -0.9881416 -0.1243711 0.005283176 -0.9881231 -0.1535741 -0.03616952 -0.9876639 -0.1523545 0.06466621 -0.9876772 -0.1425207 0.02537053 -0.9878163 -0.1535428 -0.1136991 -0.986134 -0.1208813 0.06816792 -0.9859597 0.1524357 0.114328 -0.9878947 -0.104849 0.08044373 -0.9881415 -0.1307869 -0.142136 -0.9882879 0.05553925 -0.1247546 -0.9881235 0.0897119 0.03208094 -0.9994773 -0.004010796 0.1525716 -0.9882877 0.003081858 0.1495915 -0.9881232 -0.03514289 0.1459966 -0.9877573 -0.05496048 0.127269 -0.9875612 -0.0923348 0.9342028 -0.3045244 -0.1858226 0.934199 0.3045349 -0.1858248 -0.1858237 0.3045321 0.9342001 -0.7919772 0.3045257 0.5291846 0.8799966 0.3045302 0.3645098 0.934199 -0.3045349 0.1858247 0.9342017 0.3045263 0.1858254 0.2811659 0.9406077 -0.1902709 -1.39236e-5 1 7.93487e-5 -0.282594 0.9403243 0.1895543 0.9525011 -0.3045352 1.43521e-6 0.9525028 0.30453 0 -0.6735231 0.3045204 -0.6735236 0 0.3045286 0.9525032 -0.6761847 0.7367323 0 -0.9342004 0.3045297 -0.1858264 -0.9525024 0.3045312 0 -0.1588108 0.986818 -0.03113532 -0.9342004 0.3045297 0.1858262 -0.6247115 0.7367343 -0.2587627 -0.562226 0.7367342 -0.3756658 -0.2724124 0.9243118 -0.2672809 -0.4781346 0.7367329 -0.4781338 -0.2114147 0.9233787 -0.3204304 -0.3756675 0.7367342 -0.5622248 0.1062749 0.9858683 -0.1294969 -0.06186008 0.9865939 -0.1510162 0.4781352 0.7367316 -0.4781352 0.3756684 0.7367339 -0.5622245 -0.009705781 0.9994581 0.0314539 -0.1319169 0.7367347 -0.6631892 0.2587646 0.7367341 -0.6247109 0.1319172 0.7367334 -0.6631906 -4.2381e-7 0.7367372 -0.6761793 -0.6631903 0.736734 -0.1319153 -0.3552357 0.9235391 -0.1445103 -0.3169829 0.9233772 -0.2165561 -0.147502 0.9227326 -0.3561009 -0.2587648 0.7367335 -0.6247116 0.2091301 0.9236558 -0.3211305 0.5622234 0.7367364 -0.3756651 0.2741613 0.9236553 -0.267762 0.6631895 0.7367347 -0.1319154 0.6761854 0.7367315 -3.22156e-7 0.6247118 0.7367342 0.2587626 0.5622229 0.7367368 0.3756651 0.66319 0.7367343 0.1319154 0.3561007 0.9227327 0.1475018 0.3780344 0.9227327 -0.07519561 0.08875983 0.9869344 0.1344705 0.04462355 0.9860431 0.1603988 0.4781354 0.7367314 0.4781352 0.3756688 0.7367335 0.5622249 0.1490054 0.9235388 0.3533744 0.2587645 0.7367337 0.6247114 -0.01898306 0.9996287 -0.0195524 0.1319179 0.7367348 0.663189 -0.1319175 0.7367351 0.6631887 -0.258765 0.7367326 0.6247127 0.07101231 0.9233778 0.3772674 0 0.7367346 0.6761821 0.2141395 0.9227328 0.3204818 -0.3756685 0.7367338 0.5622246 -0.4781342 0.7367337 0.4781331 0.6247115 0.7367342 -0.258763 -0.1628271 0.9865275 0.01584249 -0.3780347 0.9227327 -0.07519549 -0.6247117 0.7367341 0.2587628 -0.3561009 0.9227327 0.1475019 -0.1498084 0.9867957 0.06157767 -0.6631902 0.7367342 0.1319152 -0.5622261 0.736734 0.3756659 -0.3760714 0.9233787 0.07708573 -0.3838847 0.9233784 -0.002236723 0.02925914 0.9871661 0.1569936 0 0.9884755 0.1513814 -0.02714675 0.9882371 0.1505014 -0.06530785 0.9876598 0.1423491 -0.1419668 0.9858908 -0.08868432 -0.08368462 0.986755 -0.1389659 -0.1004683 0.9900346 -0.09867888 -0.7558195 0.65478 -7.12908e-7 -0.7413001 0.6547761 -0.1474538 -0.7413016 0.654775 -0.147451 -0.6982943 0.6547711 -0.2892404 -0.6284422 0.6547794 -0.4199101 -0.6284418 0.65478 -0.4199096 -0.534442 0.6547809 -0.5344471 -0.5344443 0.6547806 -0.5344452 -0.4199126 0.6547763 -0.6284437 -0.4199134 0.6547758 -0.6284436 0.4199119 0.6547779 -0.6284425 0.5344452 0.6547794 -0.534446 0.5344451 0.6547794 -0.5344459 -0.1474547 0.6547772 -0.7412987 0 0.6547786 -0.7558208 0 0.6547787 -0.7558207 0.1474523 0.6547784 -0.7412982 0.2892409 0.6547782 -0.6982874 0.2892409 0.6547783 -0.6982873 0.147452 0.6547784 -0.7412983 -0.6982933 0.6547708 -0.2892434 -0.289242 0.6547766 -0.6982884 -0.2892445 0.6547765 -0.6982875 0.6284413 0.6547796 -0.419911 0.6284413 0.6547797 -0.419911 0.741296 0.65478 -0.1474567 0.755818 0.6547818 -1.31377e-7 0.7558174 0.6547826 0 0.6284389 0.6547799 0.4199142 0.6982882 0.6547778 0.2892401 0.6284405 0.6547802 0.4199115 0.7412992 0.6547772 0.1474534 0.6982872 0.6547778 -0.2892424 0.7412971 0.6547795 -0.1474535 0.4199103 0.6547766 0.6284448 0.534446 0.6547787 0.5344459 0.4199131 0.6547764 0.6284433 0.2892388 0.6547775 0.6982889 0.2892388 0.6547772 0.6982891 0 0.6547775 0.7558217 0.1474543 0.6547789 0.7412974 1.73646e-7 0.6547772 0.755822 -0.2892423 0.6547769 0.698288 -0.1474549 0.6547772 0.7412987 -0.2892399 0.6547768 0.6982892 0.1474546 0.6547793 0.741297 0.6982883 0.6547776 0.2892401 0.5344432 0.654779 0.5344483 -0.1474539 0.6547774 0.7412989 -0.1474527 0.6547774 -0.7412991 -0.4199165 0.6547747 0.6284428 -0.4199139 0.6547748 0.6284444 -0.5344479 0.6547761 0.5344471 -0.5344488 0.6547756 0.5344468 0.6982887 0.6547775 -0.2892393 -0.7413016 0.6547743 0.1474542 -0.7558183 0.6547814 -9.07067e-7 -0.6284372 0.6547818 0.4199138 -0.6982931 0.6547715 0.2892423 -0.6982943 0.6547699 0.289243 -0.7413031 0.6547731 0.1474518 -0.6284382 0.6547824 0.4199114 0 1 -9.98569e-7 0 1 4.25945e-7 0 1 1.52823e-7 0 1 0 -3.08159e-7 1 1.00769e-6 0 1 -1.52936e-7 0 1 -3.75211e-7 3.56249e-5 1 1.51949e-5 0 1 -3.16065e-7 0 1 -1.52936e-7 -2.146e-5 1 3.30751e-5 0 1 0 9.93071e-7 1 3.96319e-7 -2.31831e-6 1 -3.67615e-7 1.03533e-6 1 3.07551e-7 -2.16753e-6 1 0 -3.67408e-7 1 6.58003e-7 0 1 -1.14705e-6 1.70783e-7 1 0 0 1 -1.00807e-6 0 1 0 0 1 0 0 1 -1.92015e-7 0 1 -1.21517e-7 0 1 -3.29004e-7 3.19844e-7 1 9.72235e-7 0 1 0 -3.82381e-5 1 -8.40205e-6 0 1 3.29003e-7 1.32067e-6 1 2.00535e-7 -4.20625e-7 1 -1.52935e-7 -3.19207e-7 1 -2.59848e-7 -7.56264e-7 1 4.39626e-7 1.87918e-6 1 7.13805e-7 1.73261e-6 1 8.82552e-7 1.59728e-5 1 -3.738e-5 -7.54519e-7 1 4.21557e-7 -8.92712e-7 1 0 -7.98269e-7 1 -2.82782e-7 0 1 1.52932e-7 4.28845e-7 1 9.60041e-7 0 1 0 0 1 -1.00808e-6 0 1 0 0 1 0 0 1 -1.92014e-7 0.4302248 0.7950266 -0.4275971 0.5029913 0.7962689 -0.3360885 0.56022 0.794483 -0.2344152 0.5705651 0.8011977 -0.1803826 0.595589 0.7948341 -0.1162446 0.5985621 0.8010759 -0.001073479 0.604943 0.7962689 -1.04003e-6 -0.5596871 0.7950268 0.2338433 -0.3310098 0.9388198 0.09513175 0.3354468 0.7950266 -0.5053793 0.2280764 0.8010754 -0.5534071 0.2171255 0.9396057 -0.2645706 -0.423244 0.7957762 -0.433134 -0.3040508 0.9377228 -0.1680162 -0.5597947 0.796826 -0.2273729 -0.3474915 0.9370371 -0.03480559 0.2315029 0.7962686 -0.5588944 -0.5931736 0.7969498 0.1140884 -0.6052861 0.7959947 0.004611313 -0.592756 0.7959946 -0.122609 -0.5011807 0.7959913 -0.3394348 -0.502991 0.7962694 0.336088 0.3310853 0.7952811 0.5078489 0.3281549 0.9388721 0.1040845 0.5571122 0.7966307 0.2345325 0.595279 0.7950267 0.1165138 0.424845 0.7964948 0.430236 0.2718364 0.9378112 0.2159057 0.5053898 0.795992 0.3331337 -0.9525034 -0.3045284 0 -0.9341993 -0.3045355 0.1858219 0.7919764 -0.3045347 -0.5291805 -0.8799984 -0.3045264 -0.3645087 -1.21216e-6 -1 1.02476e-4 0.2827692 -0.940396 -0.1889367 0.2827933 -0.9403902 0.1889294 -0.9341995 -0.304535 -0.1858221 0.3645062 -0.3045259 -0.8799996 -0.1585171 -0.9868465 -0.03172284 -0.6631894 -0.7367348 -0.1319154 -0.6631891 -0.7367351 0.1319152 -0.6247113 -0.7367345 -0.2587625 -0.5622262 -0.7367337 -0.3756664 -0.4781349 -0.7367328 -0.4781339 -0.3756675 -0.7367341 -0.5622249 -0.06184118 -0.9869749 -0.148514 0.4781354 -0.7367314 -0.4781355 0.3756682 -0.736734 -0.5622244 3.79714e-7 -0.7367373 -0.6761791 -0.1319165 -0.7367337 -0.6631904 0.2587649 -0.7367339 -0.624711 0.1319177 -0.7367341 -0.6631897 -0.1475019 -0.9227326 -0.3561009 -0.2587645 -0.7367337 -0.6247115 0.5622225 -0.7367371 -0.3756651 0.2141392 -0.9227328 -0.320482 0.08952695 -0.9868108 -0.1348688 0.676185 -0.736732 1.44542e-7 0.6247109 -0.7367347 -0.2587631 0.663191 -0.7367333 -0.1319158 0.562222 -0.7367376 0.375665 0.6631897 -0.7367346 0.1319153 0.3561009 -0.9227327 0.147502 0.6247125 -0.7367334 0.258763 0.4781351 -0.7367317 0.4781352 0.09012156 -0.9868945 0.1338557 0.3756687 -0.7367337 0.5622246 0.2587648 -0.7367337 0.6247115 -6.28978e-7 -0.7367354 0.6761812 1.36633e-6 -0.304526 0.952504 -0.1319177 -0.7367351 0.6631887 0.1319178 -0.7367342 0.6631897 0.1492919 -0.986912 0.06096589 0.2141394 -0.9227327 0.3204818 -0.2587643 -0.736733 0.6247125 -0.3756687 -0.736733 0.5622256 -0.4781342 -0.7367338 0.4781329 0.03470194 -0.9993745 0.006820499 -0.3780345 -0.9227327 -0.07519561 -0.6761862 -0.7367308 0 -0.6247116 -0.7367342 0.2587627 -0.5622261 -0.736734 0.3756662 -0.149851 -0.9867852 0.06164044 -0.3561009 -0.9227327 0.1475018 -0.7558189 -0.6547809 -1.09614e-6 -0.7413013 -0.6547747 -0.1474537 -0.7413015 -0.6547744 -0.1474534 -0.6284418 -0.6547797 -0.4199099 -0.6982938 -0.6547719 -0.2892395 -0.6284415 -0.6547804 -0.4199095 -0.5344417 -0.6547813 -0.5344471 -0.534444 -0.6547807 -0.5344453 -0.4199123 -0.6547757 -0.6284445 -0.4199131 -0.6547752 -0.6284445 0.5344455 -0.6547787 -0.5344464 0.4199123 -0.6547774 -0.6284427 0.5344454 -0.6547788 -0.5344463 0 -0.6547791 -0.7558205 -0.1474549 -0.6547764 -0.7412995 0 -0.6547795 -0.75582 0.289241 -0.654778 -0.6982876 0.1474521 -0.6547784 -0.7412983 0.2892409 -0.654778 -0.6982876 -0.6982929 -0.6547716 -0.2892426 -0.2892417 -0.6547768 -0.6982885 -0.2892442 -0.6547765 -0.6982876 0.6284413 -0.6547795 -0.4199111 0.7558183 -0.6547815 -6.03189e-7 0.7412984 -0.654778 -0.1474533 0.7558184 -0.6547814 -3.86318e-6 0.6284393 -0.6547797 0.419914 0.6982883 -0.6547774 0.2892405 0.6982884 -0.6547772 0.2892407 0.7412996 -0.6547766 0.1474539 0.7413004 -0.6547763 0.1474511 0.6982883 -0.6547777 -0.28924 0.7412988 -0.6547777 -0.1474531 0.4199103 -0.6547767 0.6284448 0.5344465 -0.6547775 0.5344468 0.5344439 -0.6547778 0.534449 0.2892391 -0.6547778 0.6982885 0.4199129 -0.6547766 0.6284432 -3.18066e-6 -0.6547781 0.7558213 0.1474541 -0.6547783 0.741298 0.1474542 -0.6547785 0.7412979 -0.2892421 -0.6547763 0.6982886 -0.1474546 -0.6547771 0.741299 -0.1474573 -0.6547773 0.7412983 0.6284409 -0.6547798 0.4199113 3.05023e-7 -0.6547778 0.7558215 -0.1474527 -0.6547762 -0.7413002 -0.4199163 -0.6547754 0.6284421 -0.2892396 -0.6547762 0.6982898 -0.5344474 -0.654776 0.5344477 -0.4199138 -0.6547755 0.6284438 0.6982884 -0.6547775 -0.2892402 -0.755819 -0.6547806 -4.33491e-6 -0.7413012 -0.6547746 0.147454 -0.7413027 -0.6547735 0.1474515 -0.6982929 -0.6547718 0.289242 -0.628437 -0.6547817 0.4199141 -0.6982942 -0.6547703 0.2892427 -0.6284379 -0.6547823 0.4199119 0 -1 -5.24163e-7 0 -1 -4.6278e-7 0 -1 -3.19903e-7 0 -1 0 -1.5408e-7 -1 3.19499e-7 -1.83704e-7 -1 6.58002e-7 0 -1 0 0 -1 -1.92009e-7 0 -1 0 0 -1 0 -2.14601e-5 -1 3.32279e-5 -2.20805e-5 -1 1.41947e-4 0 -1 0 9.93071e-7 -1 5.76832e-7 -2.31831e-6 -1 -5.65602e-7 -2.16753e-6 -1 -3.39176e-7 9.77665e-5 -1 1.03167e-4 3.56247e-5 -1 1.56722e-5 0 -1 0 1.03533e-6 -1 5.82006e-7 0 -1 -1.92013e-7 0 -1 -5.47803e-7 0 -1 0 0 -1 -1.64502e-7 0 -1 0 0 -1 2.68475e-7 0 -1 0 0 -1 0 0 -1 -2.05627e-7 1.59922e-7 -1 5.97938e-7 9.31772e-7 -1 -9.20972e-7 0 -1 -2.10713e-7 9.11591e-7 -1 -4.21426e-7 -2.20113e-6 -1 4.62167e-7 -2.09222e-6 -1 7.18396e-7 -4.20627e-7 -1 -3.44104e-7 1.32067e-6 -1 1.83892e-7 -3.19207e-7 -1 -2.9697e-7 1.87918e-6 -1 6.75572e-7 -7.56265e-7 -1 3.04698e-7 1.73261e-6 -1 9.56794e-7 1.45944e-6 -1 -1.62193e-7 0 -1 -3.84019e-7 -7.54519e-7 -1 2.76055e-7 -8.92712e-7 -1 -3.50923e-7 -7.98269e-7 -1 -4.77483e-7 4.6615e-5 -1 1.53049e-4 0 -1 -2.43034e-7 0 -1 -6.58007e-7 2.14423e-7 -1 4.8301e-7 0 -1 0 0 -1 0 0.4302251 -0.7950267 -0.4275969 0.5029913 -0.7962689 -0.3360887 0.5596877 -0.7950268 -0.233842 0.5952791 -0.7950266 -0.1165139 0.5721133 -0.801603 -0.1735488 0.598904 -0.8008209 2.87687e-6 0.604943 -0.7962688 -4.95015e-7 -0.5565896 -0.7969496 0.2346898 -0.2696562 -0.9371852 0.221291 -0.5058387 -0.7959952 0.3324437 0.3329229 -0.7966305 -0.5045219 0.1095023 -0.9385051 -0.327441 0.2351385 -0.7959914 -0.5577701 0.2149559 -0.9389086 -0.2687839 0.1162432 -0.7948343 -0.5955888 6.12603e-6 -0.8013305 -0.598222 0 -0.796269 -0.6049427 -0.4298769 -0.7966304 -0.424954 -0.5204805 -0.8039892 -0.2875785 -0.5011804 -0.7959913 -0.3394349 -0.5597952 -0.7968254 -0.2273736 -0.3469907 -0.9372248 -0.03474539 -0.5927561 -0.7959947 -0.122608 -0.1162428 -0.7948343 -0.5955889 -0.1096605 -0.9383123 -0.3279402 -0.2351394 -0.7959917 -0.5577696 -0.3329228 -0.796631 -0.5045213 -0.5931743 -0.7969492 0.1140886 -0.605286 -0.7959947 0.004610478 -0.2193431 -0.9383174 -0.2673 -0.3314203 -0.9381111 0.1005398 0.1011956 -0.9365638 0.3355708 0.3266928 -0.7947274 0.5115469 0.1759199 -0.7954535 0.5799189 -0.2280989 -0.7966304 0.5597776 -0.3387647 -0.7969495 0.5001102 -0.1637805 -0.9382134 0.3048469 -0.4247408 -0.7959949 0.4312624 -0.03886973 -0.9377362 0.3451665 -0.1218051 -0.7959915 0.5929259 0.5952789 -0.7950268 0.1165142 0.5596871 -0.7950271 0.2338426 0.5721133 -0.8016028 0.1735491 0.01290208 -0.7945999 0.6069965 0.4302247 -0.7950271 0.4275966 0.5029908 -0.7962694 0.3360882 0.2145469 -0.9388362 0.2693632 -5.33319e-5 1 3.32624e-6 -8.10361e-5 1 -1.21122e-5 -0.001290619 0.9999992 3.90444e-4 0.419912 0.6547777 -0.6284426 0.7412998 0.6547766 0.147453 0 1 -5.76041e-7 -9.17712e-5 -1 -1.01558e-5 -0.001147568 -0.9999993 -3.46125e-4 7.98446e-5 -1 3.80883e-5 -4.99328e-4 -1 1.51597e-4 0.1484706 -0.9884757 0.02953267 -0.1484702 -0.9884758 0.02953267 0.4199125 -0.6547771 -0.6284428 0.1474519 -0.6547783 -0.7412984 0.6284412 -0.6547798 -0.4199109 0.2892392 -0.6547778 0.6982885 -0.5344483 -0.6547755 0.5344475 0 -1 -3.36026e-7 0 -1 -2.88021e-7 0 -1 1.92013e-7 0 -1 3.84028e-7</float_array>
          <technique_common>
            <accessor source="#Wheel_LOD200-mesh-normals-array" count="668" stride="3">
              <param name="X" type="float"/>
              <param name="Y" type="float"/>
              <param name="Z" type="float"/>
            </accessor>
          </technique_common>
        </source>
        <source id="Wheel_LOD200-mesh-map-0">
          <float_array id="Wheel_LOD200-mesh-map-0-array" count="5808">0.0321328 0.9680763 0.0321328 0.9833223 0.0321328 0.9833223 0.0321328 0.7546331 0.0321328 0.769879 0.0321328 0.769879 0.0321328 0.5564357 0.0321328 0.5716816 0.0321328 0.5716816 0.0321328 0.8613547 0.0321328 0.8766005 0.0321328 0.8766005 0.0321328 0.5259438 0.0321328 0.5411897 0.0321328 0.5411897 0.0321328 0.8003709 0.0321328 0.7851249 0.0321328 0.8003708 0.0321328 0.6021735 0.0321328 0.6174194 0.0321328 0.6174194 0.0321328 0.6479113 0.0321328 0.6631572 0.0321328 0.6631572 0.06672513 0.9897369 0.05416268 0.9985682 0.05416268 0.9770104 0.06672513 0.5392841 0.05416268 0.5183208 0.06672513 0.5106979 0.06672513 0.7165182 0.05416268 0.6999027 0.06672513 0.6846562 0.06672513 0.6846562 0.05416268 0.6999027 0.05416268 0.6784031 0.06672513 0.7165182 0.05416268 0.7241411 0.05416268 0.6999027 0.06672513 0.5716816 0.05416268 0.5653684 0.06672513 0.5392841 0.06672513 0.8631085 0.05416268 0.8829724 0.05416268 0.8523615 0.06672513 0.8994697 0.05416268 0.8829724 0.06672513 0.8631085 0.04567146 0.5564357 0.05416268 0.5653684 0.04567146 0.5716816 0.04567146 0.5869275 0.05416268 0.594433 0.04567146 0.6021735 0.04567146 0.6936492 0.05416268 0.6999027 0.04567146 0.7088951 0.04567146 0.739387 0.05416268 0.7470101 0.04567146 0.7546331 0.04567146 0.8156169 0.05416268 0.8231211 0.04567146 0.8308628 0.04567146 0.8461087 0.05416268 0.8523615 0.04567146 0.8613546 0.04567146 0.6479113 0.05416268 0.6556506 0.04567146 0.6631572 0.04567146 0.8766005 0.05416268 0.8829724 0.04567146 0.8918465 0.0756126 0.9985682 0.06672513 0.9897369 0.0756126 0.9833223 0.0756126 0.6326654 0.06672513 0.6250424 0.0756126 0.6174194 0.0756126 0.9680764 0.06672513 0.9593682 0.0756126 0.9528303 0.0756126 0.5411897 0.06672513 0.5392841 0.0756126 0.5259438 0.0756126 0.6936492 0.06672513 0.6846562 0.0756126 0.6784031 0.0756126 0.8003708 0.06672513 0.7938343 0.0756126 0.7851249 0.0756126 0.7241411 0.06672513 0.7165182 0.0756126 0.7088951 0.0756126 0.8308628 0.06672513 0.8246118 0.0756126 0.8156169 0.0756126 0.8613546 0.06672513 0.8631085 0.0756126 0.8461087 0.0756126 0.8766005 0.06672513 0.8631085 0.0756126 0.8613546 0.0756126 0.6631572 0.06672513 0.6552478 0.0756126 0.6479113 0.0756126 0.9375844 0.06672513 0.9287528 0.0756126 0.9223385 0.0756126 0.9070925 0.06672513 0.8994697 0.0756126 0.8918465 0.2981606 0.9902537 0.3014125 0.9978207 0.292261 0.9960004 0.3060783 0.9098703 0.3014126 0.9030832 0.3107434 0.9030832 0.0956003 0.8932452 0.07836705 0.8866936 0.09560018 0.87885 0.09560018 0.7852855 0.07836693 0.7895299 0.07836693 0.7823327 0.09560018 0.7708905 0.07836693 0.7751353 0.07836693 0.7679379 0.0956003 0.9982525 0.07836705 0.9946536 0.0956003 0.9874568 0.0956003 0.9076395 0.07836705 0.9118846 0.07836705 0.9046873 0.0956003 0.8932452 0.07836705 0.89749 0.07836705 0.8866936 0.0956003 0.922034 0.07836705 0.9262793 0.07836705 0.9190819 0.0321328 0.769879 0.0321328 0.7546331 0.0321328 0.7546331 0.0321328 0.6326654 0.0321328 0.6174194 0.0321328 0.6326654 0.0321328 0.8461087 0.0321328 0.8308628 0.0321328 0.8461087 0.0321328 0.5869275 0.0321328 0.5716816 0.0321328 0.5869275 0.0321328 0.8766005 0.0321328 0.8613546 0.0321328 0.8613547 0.0321328 0.739387 0.0321328 0.7241411 0.0321328 0.739387 0.0321328 0.5259438 0.0321328 0.5106979 0.0321328 0.5259438 0.0321328 0.7851249 0.0321328 0.769879 0.0321328 0.7851249 0.0321328 0.9070925 0.0321328 0.8918465 0.0321328 0.9070925 0.0321328 0.5564357 0.0321328 0.5411897 0.0321328 0.5564357 0.06672513 0.6253288 0.05416268 0.6404057 0.06672513 0.6545962 0.06672513 0.6545962 0.05416268 0.6694694 0.06672513 0.6784031 0.05416268 0.7940576 0.06672513 0.8089292 0.06672513 0.7773395 0.05416268 0.8231211 0.06672513 0.8381974 0.06672513 0.8089292 0.05416268 0.8523616 0.06672513 0.8688163 0.06672513 0.8381974 0.05416268 0.8829724 0.06672513 0.8994696 0.06672513 0.8688163 0.04567146 0.9833223 0.05416268 0.9770692 0.04567146 0.9680764 0.04567146 0.5259438 0.05416268 0.5183212 0.04567146 0.5106979 0.05416268 0.5653684 0.04567146 0.5564357 0.04567146 0.5716816 0.05416268 0.5944328 0.04567146 0.5869275 0.04567146 0.6021735 0.04567146 0.6479113 0.05416268 0.6404057 0.04567146 0.6326654 0.05416268 0.700021 0.04567146 0.6936492 0.04567146 0.7088951 0.05416268 0.6694694 0.04567146 0.6631572 0.04567146 0.6784031 0.05416268 0.7940576 0.04567146 0.7851249 0.04567146 0.8003708 0.05416268 0.7470101 0.04567146 0.739387 0.04567146 0.7546331 0.05416268 0.8231211 0.04567146 0.8156169 0.04567146 0.8308628 0.05416268 0.8523616 0.04567146 0.8461087 0.04567146 0.8613546 0.04567146 0.9375844 0.05416268 0.9298446 0.04567146 0.9223385 0.05416268 0.8829724 0.04567146 0.8766005 0.04567146 0.8918465 0.0756126 0.9680764 0.06672513 0.9766375 0.0756126 0.9833223 0.0756126 0.5106979 0.06672513 0.5194059 0.0756126 0.5259438 0.06672513 0.6253288 0.0756126 0.6326654 0.0756126 0.6174194 0.0756126 0.5564357 0.06672513 0.5583422 0.0756126 0.5716816 0.0756126 0.5869275 0.06672513 0.5959211 0.0756126 0.6021735 0.06672513 0.7390413 0.0756126 0.739387 0.0756126 0.7241411 0.0756126 0.6936492 0.06672513 0.7024809 0.0756126 0.7088951 0.06672513 0.7773395 0.0756126 0.7851249 0.0756126 0.769879 0.06672513 0.8089292 0.0756126 0.8156169 0.0756126 0.8003708 0.06672513 0.8381974 0.0756126 0.8461087 0.0756126 0.8308628 0.0756126 0.739387 0.06672513 0.7390413 0.0756126 0.7546331 0.0756126 0.5411897 0.06672513 0.5583422 0.0756126 0.5564357 0.06672513 0.8688163 0.0756126 0.8766005 0.0756126 0.8613546 0.06672513 0.6545962 0.0756126 0.6631572 0.0756126 0.6479113 0.06672513 0.9290232 0.0756126 0.9375844 0.0756126 0.9223385 0.06672513 0.8994696 0.0756126 0.9070925 0.0756126 0.8918465 0.0321328 0.6784031 0.0321328 0.6631572 0.0321328 0.6784031 0.0321328 0.6174194 0.0321328 0.6174194 0.0321328 0.6326654 0.0321328 0.8308628 0.0321328 0.8308628 0.0321328 0.8461087 0.0321328 0.5716816 0.0321328 0.5716816 0.0321328 0.5869275 0.0321328 0.8918465 0.0321328 0.8766005 0.0321328 0.8918465 0.0321328 0.7241411 0.0321328 0.7088951 0.0321328 0.7088951 0.1421567 0.8487657 0.1284593 0.8544393 0.1097559 0.8092849 0.0321328 0.6936492 0.0321328 0.6784031 0.0321328 0.6936492 0.0321328 0.9985682 0.0321328 0.9833223 0.0321328 0.9985682 0.0321328 0.739387 0.0321328 0.7241411 0.0321328 0.7241411 0.0321328 0.7088951 0.0321328 0.6936492 0.0321328 0.7088951 0.0321328 0.8308628 0.0321328 0.8156169 0.0321328 0.8308628 0.0321328 0.5106979 0.0321328 0.5106979 0.0321328 0.5259438 0.0321328 0.769879 0.0321328 0.769879 0.0321328 0.7851249 0.0321328 0.8918465 0.0321328 0.8918465 0.0321328 0.9070925 0.0321328 0.8156169 0.0321328 0.8003709 0.0321328 0.8003708 0.0321328 0.5411897 0.0321328 0.5411897 0.0321328 0.5564357 0.0393089 0.9375844 0.0321328 0.9528303 0.0321328 0.9375844 0.06672513 0.9593682 0.05416268 0.9770104 0.05416268 0.9528303 0.0321328 0.9223385 0.0393089 0.9375844 0.0321328 0.9375844 0.0393089 0.9680764 0.0321328 0.9833223 0.0321328 0.9680763 0.0393089 0.9833223 0.04567146 0.9985682 0.0393089 0.9985682 0.06672513 0.9593682 0.06672513 0.9897369 0.05416268 0.9770104 0.0321328 0.9985682 0.0393089 0.9833223 0.0393089 0.9985682 0.0393089 0.5106979 0.04567146 0.5259438 0.0393089 0.5259438 0.0321328 0.5106979 0.0393089 0.5259438 0.0321328 0.5259438 0.05416268 0.6250423 0.06672513 0.6552478 0.05416268 0.6556506 0.06672513 0.5392841 0.05416268 0.5411897 0.05416268 0.5183208 0.0321328 0.6174194 0.0393089 0.6326654 0.0321328 0.6326654 0.0321328 0.6021735 0.0393089 0.6174194 0.0321328 0.6174194 0.05416268 0.594433 0.06672513 0.5716816 0.06672513 0.5948374 0.0393089 0.5564357 0.0321328 0.5716816 0.0321328 0.5564357 0.0321328 0.5411897 0.0393089 0.5564357 0.0321328 0.5564357 0.0321328 0.5869275 0.0393089 0.6021735 0.0321328 0.6021735 0.0393089 0.5869275 0.04567146 0.5716816 0.04567146 0.5869275 0.0321328 0.5869275 0.0393089 0.5716816 0.0393089 0.5869275 0.0393089 0.6021735 0.04567146 0.5869275 0.04567146 0.6021735 0.0393089 0.9528303 0.04567146 0.9680764 0.0393089 0.9680764 0.0321328 0.9680763 0.0393089 0.9528303 0.0393089 0.9680764 0.0393089 0.9680764 0.04567146 0.9833223 0.0393089 0.9833223 0.0393089 0.5259438 0.04567146 0.5411897 0.0393089 0.5411897 0.0321328 0.5259438 0.0393089 0.5411897 0.0321328 0.5411897 0.0393089 0.6174194 0.04567146 0.6021735 0.04567146 0.6174194 0.0393089 0.6326654 0.04567146 0.6479113 0.0393089 0.6479113 0.0321328 0.6326654 0.0393089 0.6479113 0.0321328 0.6479113 0.0393089 0.5411897 0.04567146 0.5564357 0.0393089 0.5564357 0.0393089 0.6326654 0.04567146 0.6174194 0.04567146 0.6326654 0.05416268 0.6250423 0.06672513 0.5948374 0.06672513 0.6250424 0.0321328 0.6936492 0.0393089 0.6784031 0.0393089 0.6936492 0.0321328 0.6631572 0.0393089 0.6784031 0.0321328 0.6784031 0.0321328 0.739387 0.0393089 0.7241411 0.0393089 0.739387 0.0321328 0.7241411 0.0393089 0.7088951 0.0393089 0.7241411 0.0393089 0.6936492 0.04567146 0.7088951 0.0393089 0.7088951 0.0393089 0.6936492 0.0321328 0.7088951 0.0321328 0.6936492 0.0393089 0.7088951 0.04567146 0.7241411 0.0393089 0.7241411 0.0393089 0.6936492 0.04567146 0.6784031 0.04567146 0.6936492 0.06672513 0.6552478 0.05416268 0.6784031 0.05416268 0.6556506 0.05416268 0.769879 0.06672513 0.7938343 0.05416268 0.7940576 0.0321328 0.769879 0.0393089 0.7546331 0.0393089 0.769879 0.0393089 0.769879 0.04567146 0.7851249 0.0393089 0.7851249 0.06672513 0.7562976 0.05416268 0.769879 0.05416268 0.7470101 0.0321328 0.7851249 0.0393089 0.769879 0.0393089 0.7851249 0.0393089 0.8003708 0.0321328 0.8156169 0.0321328 0.8003708 0.05416268 0.8231211 0.06672513 0.7938343 0.06672513 0.8246118 0.0321328 0.8461087 0.0393089 0.8308628 0.0393089 0.8461087 0.05416268 0.8523615 0.06672513 0.8246118 0.06672513 0.8631085 0.0393089 0.7851249 0.04567146 0.8003708 0.0393089 0.8003708 0.0321328 0.8003708 0.0393089 0.7851249 0.0393089 0.8003708 0.0393089 0.8003708 0.04567146 0.8156169 0.0393089 0.8156169 0.05416268 0.7470101 0.06672513 0.7165182 0.06672513 0.7562976 0.0393089 0.7241411 0.04567146 0.739387 0.0393089 0.739387 0.0393089 0.7546331 0.04567146 0.739387 0.04567146 0.7546331 0.0321328 0.7546331 0.0393089 0.739387 0.0393089 0.7546331 0.0393089 0.7546331 0.04567146 0.769879 0.0393089 0.769879 0.0393089 0.8308628 0.04567146 0.8156169 0.04567146 0.8308628 0.0321328 0.8156169 0.0393089 0.8308628 0.0321328 0.8308628 0.0393089 0.8461087 0.04567146 0.8308628 0.04567146 0.8461087 0.0393089 0.5564357 0.04567146 0.5716816 0.0393089 0.5716816 0.0393089 0.8613546 0.04567146 0.8461087 0.04567146 0.8613546 0.06672513 0.5392841 0.05416268 0.5653684 0.05416268 0.5411897 0.0321328 0.8461087 0.0393089 0.8613546 0.0321328 0.8613547 0.0393089 0.8766005 0.04567146 0.8613546 0.04567146 0.8766005 0.0321328 0.8613547 0.0393089 0.8766005 0.0321328 0.8766005 0.0393089 0.6631572 0.04567146 0.6479113 0.04567146 0.6631572 0.0321328 0.6479113 0.0393089 0.6631572 0.0321328 0.6631572 0.0393089 0.6784031 0.04567146 0.6631572 0.04567146 0.6784031 0.06672513 0.9287528 0.05416268 0.9528303 0.05416268 0.9299614 0.0393089 0.9375844 0.04567146 0.9528303 0.0393089 0.9528303 0.0321328 0.8918465 0.0393089 0.9070925 0.0321328 0.9070925 0.0393089 0.9070925 0.04567146 0.8918465 0.04567146 0.9070925 0.06672513 0.8994697 0.05416268 0.9070925 0.05416268 0.8829724 0.0321328 0.9070925 0.0393089 0.9223385 0.0321328 0.9223385 0.05416268 0.9070925 0.06672513 0.9287528 0.05416268 0.9299614 0.0393089 0.8918465 0.04567146 0.8766005 0.04567146 0.8918465 0.0321328 0.8766005 0.0393089 0.8918465 0.0321328 0.8918465 0.0393089 0.9223385 0.04567146 0.9070925 0.04567146 0.9223385 0.05416268 0.9528303 0.04567146 0.9375844 0.05416268 0.9299614 0.05416268 0.9770104 0.04567146 0.9985682 0.04567146 0.9833223 0.04567146 0.9833223 0.04567146 0.9680764 0.05416268 0.9770104 0.05416268 0.5653684 0.04567146 0.5869275 0.04567146 0.5716816 0.04567146 0.5259438 0.04567146 0.5106979 0.05416268 0.5183208 0.04567146 0.6326654 0.04567146 0.6174194 0.05416268 0.6250423 0.05416268 0.9528303 0.04567146 0.9680764 0.04567146 0.9528303 0.05416268 0.5411897 0.04567146 0.5259438 0.05416268 0.5183208 0.05416268 0.6250423 0.04567146 0.6479113 0.04567146 0.6326654 0.05416268 0.6250423 0.04567146 0.6021735 0.05416268 0.594433 0.04567146 0.6936492 0.05416268 0.6784031 0.05416268 0.6999027 0.05416268 0.7241411 0.04567146 0.739387 0.04567146 0.7241411 0.05416268 0.6784031 0.04567146 0.6631572 0.05416268 0.6556506 0.05416268 0.769879 0.04567146 0.7546331 0.05416268 0.7470101 0.05416268 0.769879 0.04567146 0.7851249 0.04567146 0.769879 0.05416268 0.7940576 0.04567146 0.8156169 0.04567146 0.8003708 0.05416268 0.8523615 0.04567146 0.8308628 0.05416268 0.8231211 0.05416268 0.7241411 0.04567146 0.7088951 0.05416268 0.6999027 0.04567146 0.8003708 0.04567146 0.7851249 0.05416268 0.7940576 0.05416268 0.5411897 0.04567146 0.5564357 0.04567146 0.5411897 0.05416268 0.8829724 0.04567146 0.8613546 0.05416268 0.8523615 0.05416268 0.9070925 0.04567146 0.8918465 0.05416268 0.8829724 0.04567146 0.9375844 0.04567146 0.9223385 0.05416268 0.9299614 0.05416268 0.9070925 0.04567146 0.9223385 0.04567146 0.9070925 0.0393089 0.9375844 0.04567146 0.9223385 0.04567146 0.9375844 0.06672513 0.9593682 0.0756126 0.9375844 0.0756126 0.9528303 0.06672513 0.9897369 0.0756126 0.9680764 0.0756126 0.9833223 0.06672513 0.5106979 0.0756126 0.5259438 0.06672513 0.5392841 0.06672513 0.5716816 0.0756126 0.5564357 0.0756126 0.5716816 0.06672513 0.5716816 0.0756126 0.5869275 0.06672513 0.5948374 0.0756126 0.5869275 0.0756126 0.6021735 0.06672513 0.5948374 0.0756126 0.6326654 0.06672513 0.6552478 0.06672513 0.6250424 0.06672513 0.5948374 0.0756126 0.6174194 0.06672513 0.6250424 0.06672513 0.7165182 0.0756126 0.739387 0.06672513 0.7562976 0.06672513 0.7165182 0.0756126 0.6936492 0.0756126 0.7088951 0.06672513 0.6846562 0.0756126 0.6631572 0.0756126 0.6784031 0.0756126 0.769879 0.06672513 0.7938343 0.06672513 0.7562976 0.0756126 0.7546331 0.0756126 0.769879 0.06672513 0.7562976 0.06672513 0.7938343 0.0756126 0.8156169 0.06672513 0.8246118 0.06672513 0.8246118 0.0756126 0.8461087 0.06672513 0.8631085 0.06672513 0.9287528 0.0756126 0.9070925 0.0756126 0.9223385 0.0756126 0.739387 0.0756126 0.7546331 0.06672513 0.7562976 0.0756126 0.5411897 0.0756126 0.5564357 0.06672513 0.5392841 0.0756126 0.8766005 0.06672513 0.8994697 0.06672513 0.8631085 0.001723766 0.734316 0.004478573 0.7437246 0.001723766 0.7437246 0.001723766 0.7531332 0.004478573 0.7625418 0.001723766 0.7625418 0.001723766 0.7719504 0.004478573 0.7625418 0.004478573 0.7719504 0.001723766 0.781359 0.004478573 0.7719504 0.004478573 0.781359 0.001723766 0.8378106 0.004478573 0.8472192 0.001723766 0.8472192 0.001723766 0.8001763 0.004478573 0.8095849 0.001723766 0.8095849 0.001723766 0.8189935 0.004478573 0.8284021 0.001723766 0.8284021 0.001723766 0.8189935 0.004478573 0.8095849 0.004478573 0.8189935 0.001723766 0.7437246 0.004478573 0.7531332 0.001723766 0.7531332 0.001723766 0.781359 0.004478573 0.7907676 0.001723766 0.7907676 0.001723766 0.8566278 0.004478573 0.8472192 0.004478573 0.8566278 0.004478573 0.8284021 0.001723766 0.8378106 0.001723766 0.8284021 0.001723766 0.875445 0.004478573 0.8848536 0.001723766 0.8848536 0.001723766 0.9130795 0.004478573 0.9036709 0.004478573 0.9130795 0.004478573 0.8848536 0.001723766 0.8942623 0.001723766 0.8848536 0.001723766 0.8660364 0.004478573 0.875445 0.001723766 0.875445 0.001723766 0.9318967 0.004478573 0.9224881 0.004478573 0.9318967 0.001723766 0.9413053 0.004478573 0.9318967 0.004478573 0.9413053 0.001723766 0.9601225 0.004478573 0.9507139 0.004478573 0.9601225 0.001723766 0.9789397 0.004478573 0.9695311 0.004478573 0.9789397 0.001723766 0.9413053 0.004478573 0.9507139 0.001723766 0.9507139 0.001723766 0.8942623 0.004478573 0.9036709 0.001723766 0.9036709 0.001723766 0.9224881 0.004478573 0.9130795 0.004478573 0.9224881 0.001723766 0.9601225 0.004478573 0.9695311 0.001723766 0.9695311 0.001723766 0.7907676 0.004478573 0.8001763 0.001723766 0.8001763 0.001723766 0.9883483 0.004478573 0.9789397 0.004478573 0.9883483 0.001723766 0.9977568 0.004478573 0.9883483 0.004478573 0.9977568 0.001723766 0.8566278 0.004478573 0.8660364 0.001723766 0.8660364 0.001723766 0.734316 0.004478573 0.7249074 0.004478573 0.734316 0.001723766 0.7060902 0.004478573 0.7154988 0.001723766 0.7154988 0.001723766 0.7249074 0.004478573 0.7154988 0.004478573 0.7249074 0.001723766 0.6966815 0.004478573 0.7060902 0.001723766 0.7060902 0.3516264 0.936635 0.3420409 0.9312294 0.3480557 0.9280145 0.3362739 0.9136582 0.3375997 0.9245827 0.3319472 0.9189302 0.3285155 0.9084743 0.3319472 0.9189302 0.3253005 0.9144891 0.3198949 0.9049036 0.3253005 0.9144891 0.3179152 0.9114298 0.2692842 0.9202561 0.270115 0.9312294 0.2641003 0.9280143 0.3014126 0.9030832 0.2942408 0.9114298 0.2922611 0.9049036 0.2758821 0.9136582 0.2868553 0.9144891 0.2802088 0.9189302 0.2836404 0.9084743 0.2942408 0.9114298 0.2868553 0.9144891 0.3480557 0.9280145 0.3375997 0.9245827 0.3428717 0.9202562 0.3107434 0.9030832 0.3179152 0.9114298 0.3060783 0.9098703 0.2641003 0.9280143 0.2670559 0.9386148 0.2605296 0.936635 0.2802088 0.9189302 0.2692842 0.9202561 0.2758821 0.9136582 0.2605296 0.9642689 0.2654964 0.9544489 0.2670559 0.9622892 0.2758821 0.9872456 0.2745562 0.9763212 0.2802088 0.9819737 0.2605296 0.9642689 0.270115 0.9696745 0.2641003 0.9728894 0.2587093 0.9457864 0.2654964 0.9544489 0.2587091 0.9551173 0.2868553 0.9864149 0.292261 0.9960004 0.2836404 0.9924296 0.3107434 0.9978208 0.3179152 0.989474 0.3198949 0.9960004 0.3285155 0.9924296 0.3319472 0.9819737 0.3362737 0.9872456 0.3014125 0.9978207 0.3100749 0.9910335 0.3107434 0.9978208 0.2692842 0.9806478 0.270115 0.9696745 0.2745562 0.9763212 0.2758821 0.9872456 0.2868553 0.9864149 0.2836404 0.9924296 0.3198949 0.9960004 0.3253005 0.9864149 0.3285155 0.9924296 0.3362737 0.9872456 0.3375997 0.9763213 0.3428717 0.9806478 0.3428717 0.9806478 0.3420409 0.9696745 0.3480556 0.9728894 0.2605296 0.936635 0.2654964 0.9464551 0.2587093 0.9457864 0.3516264 0.936635 0.3466596 0.9464551 0.3451 0.9386148 0.3516264 0.964269 0.3466596 0.954449 0.3534467 0.9551173 0.3534467 0.9551173 0.3466596 0.9464551 0.3534467 0.9457865 0.3516264 0.964269 0.3420409 0.9696745 0.3451 0.9622892 0.07836693 0.811122 0.09560018 0.8183192 0.07836693 0.8183192 0.09560018 0.8183192 0.07836693 0.8255165 0.07836693 0.8183192 0.09560018 0.8284686 0.07836693 0.8327139 0.07836693 0.8255165 0.07836693 0.8327139 0.09560018 0.8399112 0.07836693 0.8399112 0.07836705 0.9406738 0.0956003 0.9334766 0.0956003 0.9442728 0.07836693 0.8039247 0.09560018 0.7967272 0.09560018 0.8075233 0.09560018 0.8075233 0.07836693 0.811122 0.07836693 0.8039247 0.07836705 0.983858 0.0956003 0.9737086 0.0956003 0.9874568 0.07836705 0.9694632 0.0956003 0.9586675 0.0956003 0.9737086 0.07836693 0.7895299 0.09560018 0.7967272 0.07836693 0.7967272 0.07836693 0.7751353 0.09560018 0.7852855 0.07836693 0.7823327 0.07836705 0.9478713 0.0956003 0.9586675 0.07836705 0.9550687 0.0956003 0.9874568 0.07836705 0.9946536 0.07836705 0.983858 0.0956003 0.9442728 0.07836705 0.9478713 0.07836705 0.9406738 0.0956003 0.9586675 0.07836705 0.962266 0.07836705 0.9550687 0.0956003 0.9737086 0.07836705 0.9766606 0.07836705 0.9694632 0.07836705 0.9118846 0.0956003 0.922034 0.07836705 0.9190819 0.07836705 0.9262793 0.0956003 0.9334766 0.07836705 0.9334766 0.07836705 0.89749 0.0956003 0.9076395 0.07836705 0.9046873 0.09560018 0.87885 0.07836705 0.8866936 0.07836693 0.8758979 0.09560018 0.8507069 0.07836693 0.8543058 0.07836693 0.8471085 0.07836693 0.8687006 0.09560018 0.87885 0.07836693 0.8758979 0.07836693 0.8543058 0.09560018 0.8644555 0.07836693 0.8615033 0.09560018 0.8644555 0.07836693 0.8687006 0.07836693 0.8615033 0.07836693 0.8471085 0.09560018 0.8399112 0.09560018 0.8507069 0.0321328 0.9223385 0.0321328 0.9375844 0.0321328 0.9223385 0.0321328 0.7546331 0.0321328 0.739387 0.0321328 0.739387 0.0321328 0.6326654 0.0321328 0.6479113 0.0321328 0.6326654 0.0321328 0.9833223 0.0321328 0.9680764 0.0321328 0.9680763 0.0321328 0.5716816 0.0321328 0.5564357 0.0321328 0.5564357 0.1185432 0.8534626 0.1421567 0.8487657 0.1503936 0.8216124 0.0321328 0.9680763 0.0321328 0.9528303 0.0321328 0.9528303 0.0321328 0.9070925 0.0321328 0.9223385 0.0321328 0.9070925 0.0321328 0.5411897 0.0321328 0.5259438 0.0321328 0.5259438 0.0321328 0.8003709 0.0321328 0.7851249 0.0321328 0.7851249 0.0321328 0.6174194 0.0321328 0.6021735 0.0321328 0.6021735 0.0321328 0.8461087 0.0321328 0.8613546 0.0321328 0.8461087 0.0321328 0.6021735 0.0321328 0.5869275 0.0321328 0.5869275 0.0321328 0.6631572 0.0321328 0.6479113 0.0321328 0.6479113 0.06672513 0.9766375 0.05416268 0.9528303 0.05416268 0.9770692 0.0393089 0.9528303 0.0321328 0.9375844 0.0321328 0.9528303 0.0321328 0.9375844 0.0393089 0.9223385 0.0321328 0.9223385 0.06672513 0.9766375 0.05416268 0.9985682 0.06672513 0.9985682 0.0321328 0.9833223 0.0393089 0.9680764 0.0321328 0.9680764 0.04567146 0.9985682 0.0393089 0.9833223 0.0393089 0.9985682 0.0393089 0.9833223 0.0321328 0.9985682 0.0393089 0.9985682 0.04567146 0.5259438 0.0393089 0.5106979 0.0393089 0.5259438 0.0393089 0.5259438 0.0321328 0.5106979 0.0321328 0.5259438 0.05416268 0.5411897 0.06672513 0.5194059 0.05416268 0.5183212 0.0393089 0.6326654 0.0321328 0.6174194 0.0321328 0.6326654 0.0393089 0.6174194 0.0321328 0.6021735 0.0321328 0.6174194 0.06672513 0.5959211 0.05416268 0.5653684 0.05416268 0.5944328 0.0393089 0.5716816 0.0321328 0.5564357 0.0321328 0.5716816 0.0393089 0.5564357 0.0321328 0.5411897 0.0321328 0.5564357 0.0393089 0.6021735 0.0321328 0.5869275 0.0321328 0.6021735 0.05416268 0.6404057 0.05416268 0.6694694 0.06672513 0.6545962 0.0393089 0.5869275 0.04567146 0.5716816 0.0393089 0.5716816 0.0393089 0.5869275 0.0321328 0.5716816 0.0321328 0.5869275 0.04567146 0.5869275 0.0393089 0.6021735 0.04567146 0.6021735 0.04567146 0.9680764 0.0393089 0.9528303 0.0393089 0.9680764 0.0393089 0.9528303 0.0321328 0.9680764 0.0393089 0.9680764 0.04567146 0.9833223 0.0393089 0.9680764 0.0393089 0.9833223 0.04567146 0.5411897 0.0393089 0.5259438 0.0393089 0.5411897 0.0393089 0.5411897 0.0321328 0.5259438 0.0321328 0.5411897 0.0393089 0.6174194 0.04567146 0.6021735 0.0393089 0.6021735 0.04567146 0.6479113 0.0393089 0.6326654 0.0393089 0.6479113 0.0393089 0.6479113 0.0321328 0.6326654 0.0321328 0.6479113 0.04567146 0.5564357 0.0393089 0.5411897 0.0393089 0.5564357 0.0393089 0.6326654 0.04567146 0.6174194 0.0393089 0.6174194 0.05416268 0.6174194 0.05416268 0.6404057 0.06672513 0.6253288 0.05416268 0.6174194 0.06672513 0.5959211 0.05416268 0.5944328 0.0393089 0.6936492 0.0321328 0.6784031 0.0321328 0.6936492 0.0393089 0.6631572 0.0321328 0.6784031 0.0393089 0.6784031 0.0393089 0.739387 0.0321328 0.7241411 0.0321328 0.739387 0.0321328 0.7241411 0.0393089 0.7088951 0.0321328 0.7088951 0.04567146 0.7088951 0.0393089 0.6936492 0.0393089 0.7088951 0.0393089 0.6936492 0.0321328 0.7088951 0.0393089 0.7088951 0.04567146 0.7241411 0.0393089 0.7088951 0.0393089 0.7241411 0.05416268 0.700021 0.06672513 0.6784031 0.05416268 0.6694694 0.0393089 0.6936492 0.04567146 0.6784031 0.0393089 0.6784031 0.0321328 0.769879 0.0393089 0.7546331 0.0321328 0.7546331 0.05416268 0.769879 0.05416268 0.7940576 0.06672513 0.7773395 0.06672513 0.7773395 0.05416268 0.7470101 0.05416268 0.769879 0.04567146 0.7851249 0.0393089 0.769879 0.0393089 0.7851249 0.0321328 0.7851249 0.0393089 0.769879 0.0321328 0.769879 0.0393089 0.8156169 0.0321328 0.8003709 0.0321328 0.8156169 0.0321328 0.8461087 0.0393089 0.8308628 0.0321328 0.8308628 0.06672513 0.8089292 0.05416268 0.7940576 0.05416268 0.8231211 0.04567146 0.8003708 0.0393089 0.7851249 0.0393089 0.8003708 0.06672513 0.8381974 0.05416268 0.8231211 0.05416268 0.8523616 0.0321328 0.8003709 0.0393089 0.7851249 0.0321328 0.7851249 0.04567146 0.8156169 0.0393089 0.8003708 0.0393089 0.8156169 0.04567146 0.739387 0.0393089 0.7241411 0.0393089 0.739387 0.06672513 0.7390413 0.05416268 0.7241411 0.05416268 0.7470101 0.06672513 0.7024809 0.05416268 0.7241411 0.06672513 0.7390413 0.04567146 0.739387 0.0393089 0.7546331 0.04567146 0.7546331 0.0321328 0.7546331 0.0393089 0.739387 0.0321328 0.739387 0.04567146 0.769879 0.0393089 0.7546331 0.0393089 0.769879 0.0393089 0.8308628 0.04567146 0.8156169 0.0393089 0.8156169 0.0393089 0.8308628 0.0321328 0.8156169 0.0321328 0.8308628 0.0393089 0.8461087 0.04567146 0.8308628 0.0393089 0.8308628 0.04567146 0.5716816 0.0393089 0.5564357 0.0393089 0.5716816 0.0393089 0.8613546 0.04567146 0.8461087 0.0393089 0.8461087 0.05416268 0.5411897 0.05416268 0.5653684 0.06672513 0.5583422 0.0393089 0.8461087 0.0321328 0.8613546 0.0393089 0.8613546 0.0393089 0.8766005 0.04567146 0.8613546 0.0393089 0.8613546 0.06672513 0.8688163 0.05416268 0.8523616 0.05416268 0.8829724 0.0393089 0.8766005 0.0321328 0.8613546 0.0321328 0.8766005 0.0393089 0.6631572 0.04567146 0.6479113 0.0393089 0.6479113 0.0393089 0.6479113 0.0321328 0.6631572 0.0393089 0.6631572 0.0393089 0.6784031 0.04567146 0.6631572 0.0393089 0.6631572 0.06672513 0.9528303 0.05416268 0.9298446 0.05416268 0.9528303 0.04567146 0.9528303 0.0393089 0.9375844 0.0393089 0.9528303 0.0393089 0.9070925 0.0321328 0.8918465 0.0321328 0.9070925 0.0393089 0.9070925 0.04567146 0.8918465 0.0393089 0.8918465 0.05416268 0.8829724 0.05416268 0.9070925 0.06672513 0.8994696 0.0393089 0.9223385 0.0321328 0.9070925 0.0321328 0.9223385 0.06672513 0.9290232 0.05416268 0.9070925 0.05416268 0.9298446 0.0393089 0.8918465 0.04567146 0.8766005 0.0393089 0.8766005 0.0393089 0.8918465 0.0321328 0.8766005 0.0321328 0.8918465 0.0393089 0.9223385 0.04567146 0.9070925 0.0393089 0.9070925 0.0321328 0.9528303 0.0321328 0.9375844 0.0321328 0.9375844 0.04567146 0.9375844 0.05416268 0.9528303 0.05416268 0.9298446 0.05416268 0.9770692 0.04567146 0.9985682 0.05416268 0.9985682 0.05416268 0.6174194 0.04567146 0.6326654 0.05416268 0.6404057 0.05416268 0.5653684 0.04567146 0.5869275 0.05416268 0.5944328 0.05416268 0.9528303 0.04567146 0.9680764 0.05416268 0.9770692 0.04567146 0.5259438 0.05416268 0.5411897 0.05416268 0.5183212 0.04567146 0.6021735 0.05416268 0.6174194 0.05416268 0.5944328 0.04567146 0.6784031 0.05416268 0.700021 0.05416268 0.6694694 0.05416268 0.7241411 0.04567146 0.739387 0.05416268 0.7470101 0.04567146 0.7546331 0.05416268 0.769879 0.05416268 0.7470101 0.05416268 0.769879 0.04567146 0.7851249 0.05416268 0.7940576 0.05416268 0.7940576 0.04567146 0.8156169 0.05416268 0.8231211 0.04567146 0.8308628 0.05416268 0.8523616 0.05416268 0.8231211 0.04567146 0.7088951 0.05416268 0.7241411 0.05416268 0.700021 0.05416268 0.5411897 0.04567146 0.5564357 0.05416268 0.5653684 0.04567146 0.8613546 0.05416268 0.8829724 0.05416268 0.8523616 0.04567146 0.6479113 0.05416268 0.6694694 0.05416268 0.6404057 0.04567146 0.8918465 0.05416268 0.9070925 0.05416268 0.8829724 0.05416268 0.9070925 0.04567146 0.9223385 0.05416268 0.9298446 0.0393089 0.9375844 0.04567146 0.9223385 0.0393089 0.9223385 0.06672513 0.9528303 0.0756126 0.9375844 0.06672513 0.9290232 0.0756126 0.9985682 0.06672513 0.9766375 0.06672513 0.9985682 0.0756126 0.5716816 0.06672513 0.5959211 0.0756126 0.5869275 0.0756126 0.9680764 0.06672513 0.9528303 0.06672513 0.9766375 0.0756126 0.5411897 0.06672513 0.5194059 0.06672513 0.5583422 0.06672513 0.6545962 0.0756126 0.6326654 0.06672513 0.6253288 0.0756126 0.6174194 0.06672513 0.5959211 0.06672513 0.6253288 0.0756126 0.6936492 0.06672513 0.6784031 0.06672513 0.7024809 0.06672513 0.6784031 0.0756126 0.6631572 0.06672513 0.6545962 0.06672513 0.7773395 0.0756126 0.7546331 0.06672513 0.7390413 0.0756126 0.8003708 0.06672513 0.7773395 0.06672513 0.8089292 0.0756126 0.7241411 0.06672513 0.7024809 0.06672513 0.7390413 0.0756126 0.8308628 0.06672513 0.8089292 0.06672513 0.8381974 0.06672513 0.8688163 0.0756126 0.8461087 0.06672513 0.8381974 0.06672513 0.9290232 0.0756126 0.9070925 0.06672513 0.8994696 0.0756126 0.8766005 0.06672513 0.8994696 0.0756126 0.8918465 0.004478573 0.734316 0.001723766 0.7437246 0.004478573 0.7437246 0.004478573 0.7625418 0.001723766 0.7531332 0.001723766 0.7625418 0.001723766 0.7719504 0.004478573 0.7625418 0.001723766 0.7625418 0.004478573 0.7719504 0.001723766 0.781359 0.004478573 0.781359 0.004478573 0.8472192 0.001723766 0.8378106 0.001723766 0.8472192 0.004478573 0.8095849 0.001723766 0.8001763 0.001723766 0.8095849 0.004478573 0.8284021 0.001723766 0.8189935 0.001723766 0.8284021 0.001723766 0.8189935 0.004478573 0.8095849 0.001723766 0.8095849 0.004478573 0.7531332 0.001723766 0.7437246 0.001723766 0.7531332 0.004478573 0.7907676 0.001723766 0.781359 0.001723766 0.7907676 0.001723766 0.8566278 0.004478573 0.8472192 0.001723766 0.8472192 0.001723766 0.8378106 0.004478573 0.8284021 0.001723766 0.8284021 0.004478573 0.8848536 0.001723766 0.875445 0.001723766 0.8848536 0.001723766 0.9130795 0.004478573 0.9036709 0.001723766 0.9036709 0.004478573 0.8942623 0.001723766 0.8848536 0.001723766 0.8942623 0.004478573 0.8660364 0.001723766 0.875445 0.004478573 0.875445 0.001723766 0.9318967 0.004478573 0.9224881 0.001723766 0.9224881 0.001723766 0.9413053 0.004478573 0.9318967 0.001723766 0.9318967 0.001723766 0.9601225 0.004478573 0.9507139 0.001723766 0.9507139 0.001723766 0.9789397 0.004478573 0.9695311 0.001723766 0.9695311 0.004478573 0.9507139 0.001723766 0.9413053 0.001723766 0.9507139 0.004478573 0.9036709 0.001723766 0.8942623 0.001723766 0.9036709 0.001723766 0.9224881 0.004478573 0.9130795 0.001723766 0.9130795 0.004478573 0.9601225 0.001723766 0.9695311 0.004478573 0.9695311 0.004478573 0.8001763 0.001723766 0.7907676 0.001723766 0.8001763 0.001723766 0.9883483 0.004478573 0.9789397 0.001723766 0.9789397 0.001723766 0.9977568 0.004478573 0.9883483 0.001723766 0.9883483 0.004478573 0.8660364 0.001723766 0.8566278 0.001723766 0.8660364 0.001723766 0.734316 0.004478573 0.7249074 0.001723766 0.7249074 0.004478573 0.7154988 0.001723766 0.7060902 0.001723766 0.7154988 0.001723766 0.7249074 0.004478573 0.7154988 0.001723766 0.7154988 0.004478573 0.7060902 0.001723766 0.6966815 0.001723766 0.7060902 0.3420409 0.9312294 0.3516264 0.936635 0.3480557 0.9280145 0.3362739 0.9136582 0.3375997 0.9245827 0.3428717 0.9202562 0.3285155 0.9084743 0.3319472 0.9189302 0.3362739 0.9136582 0.3198949 0.9049036 0.3253005 0.9144891 0.3285155 0.9084743 0.270115 0.9312294 0.2692842 0.9202561 0.2641003 0.9280143 0.2942408 0.9114298 0.3014126 0.9030832 0.2922611 0.9049036 0.2758821 0.9136582 0.2868553 0.9144891 0.2836404 0.9084743 0.2836404 0.9084743 0.2942408 0.9114298 0.2922611 0.9049036 0.3375997 0.9245827 0.3480557 0.9280145 0.3428717 0.9202562 0.3107434 0.9030832 0.3179152 0.9114298 0.3198949 0.9049036 0.2670559 0.9386148 0.2641003 0.9280143 0.2605296 0.936635 0.2802088 0.9189302 0.2692842 0.9202561 0.2745562 0.9245827 0.2605296 0.9642689 0.2654964 0.9544489 0.2587091 0.9551173 0.2758821 0.9872456 0.2745562 0.9763212 0.2692842 0.9806478 0.270115 0.9696745 0.2605296 0.9642689 0.2641003 0.9728894 0.2654964 0.9544489 0.2587093 0.9457864 0.2587091 0.9551173 0.2942407 0.989474 0.2836404 0.9924296 0.292261 0.9960004 0.302081 0.9910335 0.292261 0.9960004 0.3014125 0.9978207 0.3179152 0.989474 0.3107434 0.9978208 0.3198949 0.9960004 0.3319472 0.9819737 0.3285155 0.9924296 0.3362737 0.9872456 0.3100749 0.9910335 0.3014125 0.9978207 0.3107434 0.9978208 0.2692842 0.9806478 0.270115 0.9696745 0.2641003 0.9728894 0.2868553 0.9864149 0.2758821 0.9872456 0.2836404 0.9924296 0.3253005 0.9864149 0.3198949 0.9960004 0.3285155 0.9924296 0.3375997 0.9763213 0.3362737 0.9872456 0.3428717 0.9806478 0.3060783 0.9098703 0.3107434 0.9030832 0.3014126 0.9030832 0.3420409 0.9696745 0.3428717 0.9806478 0.3480556 0.9728894 0.2654964 0.9464551 0.2605296 0.936635 0.2587093 0.9457864 0.3516264 0.936635 0.3466596 0.9464551 0.3534467 0.9457865 0.3466596 0.954449 0.3516264 0.964269 0.3534467 0.9551173 0.3466596 0.9464551 0.3534467 0.9551173 0.3534467 0.9457865 0.3516264 0.964269 0.3420409 0.9696745 0.3480556 0.9728894 0.09560018 0.8183192 0.07836693 0.811122 0.07836693 0.8183192 0.07836693 0.8255165 0.09560018 0.8183192 0.07836693 0.8183192 0.07836693 0.8255165 0.07836693 0.8327139 0.09560018 0.8291152 0.09560018 0.8399112 0.07836693 0.8327139 0.07836693 0.8399112 0.07836705 0.9406738 0.0956003 0.9298778 0.07836705 0.9334766 0.07836693 0.8039247 0.09560018 0.7937746 0.07836693 0.7967272 0.07836693 0.8039247 0.07836693 0.811122 0.09560018 0.8075233 0.07836693 0.7895299 0.09560018 0.7823327 0.07836693 0.7823327 0.07836705 0.983858 0.0956003 0.9737086 0.07836705 0.9766606 0.07836705 0.9694632 0.0956003 0.9586674 0.07836705 0.962266 0.09560018 0.7823327 0.07836693 0.7751353 0.07836693 0.7823327 0.09560018 0.7708905 0.07836693 0.7679379 0.07836693 0.7751353 0.07836693 0.7895299 0.07836693 0.7967272 0.09560018 0.7937746 0.0956003 0.9982525 0.07836705 0.9910553 0.07836705 0.9982525 0.0956003 0.9586674 0.07836705 0.9478713 0.07836705 0.9550687 0.07836705 0.983858 0.07836705 0.9910553 0.0956003 0.9874567 0.07836705 0.9406738 0.07836705 0.9478713 0.0956003 0.9442728 0.07836705 0.9550687 0.07836705 0.962266 0.0956003 0.9586674 0.07836705 0.9694632 0.07836705 0.9766606 0.0956003 0.9737086 0.09560024 0.8866936 0.07836693 0.8758979 0.07836705 0.8866936 0.07836705 0.9118846 0.07836705 0.9190819 0.0956003 0.9154832 0.07836705 0.9262793 0.07836705 0.9334766 0.0956003 0.9298778 0.07836705 0.9118846 0.0956003 0.9017347 0.07836705 0.9046873 0.07836693 0.8471085 0.07836693 0.8543058 0.09560018 0.8507069 0.07836705 0.89749 0.07836705 0.9046873 0.0956003 0.9017347 0.07836705 0.89749 0.09560024 0.8866936 0.07836705 0.8866936 0.0956003 0.9298778 0.07836705 0.9190819 0.07836705 0.9262793 0.07836693 0.8687006 0.09560018 0.8615033 0.07836693 0.8615033 0.07836693 0.8687006 0.07836693 0.8758979 0.09560018 0.8722993 0.09560018 0.8615033 0.07836693 0.8543058 0.07836693 0.8615033 0.07836693 0.8471085 0.09560018 0.8399112 0.07836693 0.8399112 0.0321328 0.6784031 0.0321328 0.6631572 0.0321328 0.6631572 0.0321328 0.8918465 0.0321328 0.8766005 0.0321328 0.8766005 0.0321328 0.7241411 0.0321328 0.7241411 0.0321328 0.7088951 0.1284593 0.8544393 0.1205576 0.8538633 0.1114633 0.8499066 0.1114633 0.8499066 0.1048253 0.8431445 0.1284593 0.8544393 0.1048253 0.8431445 0.1011183 0.8344245 0.1097559 0.8092849 0.1284593 0.8544393 0.1048253 0.8431445 0.1097559 0.8092849 0.1011183 0.8344245 0.1010306 0.8240672 0.1048253 0.8149061 0.1048253 0.8149061 0.1097559 0.8092849 0.1011183 0.8344245 0.1097559 0.8092849 0.1166464 0.8053737 0.126406 0.8036113 0.126406 0.8036113 0.136097 0.8057178 0.1097559 0.8092849 0.136097 0.8057178 0.1442447 0.8113729 0.1503936 0.8364383 0.1442447 0.8113729 0.1496078 0.8197152 0.1503936 0.8364383 0.1496078 0.8197152 0.1513703 0.8290255 0.1503936 0.8364383 0.1503936 0.8364383 0.1468374 0.8435185 0.1421567 0.8487657 0.1421567 0.8487657 0.1356817 0.8525048 0.1284593 0.8544393 0.1097559 0.8092849 0.136097 0.8057178 0.1503936 0.8364383 0.1503936 0.8364383 0.1421567 0.8487657 0.1097559 0.8092849 0.0321328 0.6936492 0.0321328 0.6784031 0.0321328 0.6784031 0.0321328 0.9985682 0.0321328 0.9833223 0.0321328 0.9833223 0.0321328 0.7088951 0.0321328 0.6936492 0.0321328 0.6936492 0.0321328 0.8308628 0.0321328 0.8156169 0.0321328 0.8156169 0.0321328 0.8156169 0.0321328 0.8156169 0.0321328 0.8003709 0.0393089 0.9375844 0.0393089 0.9528303 0.0321328 0.9528303 0.0321328 0.9223385 0.0393089 0.9223385 0.0393089 0.9375844 0.0393089 0.9680764 0.0393089 0.9833223 0.0321328 0.9833223 0.0393089 0.9833223 0.04567146 0.9833223 0.04567146 0.9985682 0.0321328 0.9985682 0.0321328 0.9833223 0.0393089 0.9833223 0.0393089 0.5106979 0.04567146 0.5106979 0.04567146 0.5259438 0.0321328 0.5106979 0.0393089 0.5106979 0.0393089 0.5259438 0.05416268 0.6250423 0.06672513 0.6250424 0.06672513 0.6552478 0.0321328 0.6174194 0.0393089 0.6174194 0.0393089 0.6326654 0.0321328 0.6021735 0.0393089 0.6021735 0.0393089 0.6174194 0.05416268 0.594433 0.05416268 0.5653684 0.06672513 0.5716816 0.0393089 0.5564357 0.0393089 0.5716816 0.0321328 0.5716816 0.0321328 0.5411897 0.0393089 0.5411897 0.0393089 0.5564357 0.0321328 0.5869275 0.0393089 0.5869275 0.0393089 0.6021735 0.0393089 0.5869275 0.0393089 0.5716816 0.04567146 0.5716816 0.0321328 0.5869275 0.0321328 0.5716816 0.0393089 0.5716816 0.0393089 0.6021735 0.0393089 0.5869275 0.04567146 0.5869275 0.0393089 0.9528303 0.04567146 0.9528303 0.04567146 0.9680764 0.0321328 0.9680763 0.0321328 0.9528303 0.0393089 0.9528303 0.0393089 0.9680764 0.04567146 0.9680764 0.04567146 0.9833223 0.0393089 0.5259438 0.04567146 0.5259438 0.04567146 0.5411897 0.0321328 0.5259438 0.0393089 0.5259438 0.0393089 0.5411897 0.0393089 0.6174194 0.0393089 0.6021735 0.04567146 0.6021735 0.0393089 0.6326654 0.04567146 0.6326654 0.04567146 0.6479113 0.0321328 0.6326654 0.0393089 0.6326654 0.0393089 0.6479113 0.0393089 0.5411897 0.04567146 0.5411897 0.04567146 0.5564357 0.0393089 0.6326654 0.0393089 0.6174194 0.04567146 0.6174194 0.05416268 0.6250423 0.05416268 0.594433 0.06672513 0.5948374 0.0321328 0.6936492 0.0321328 0.6784031 0.0393089 0.6784031 0.0321328 0.6631572 0.0393089 0.6631572 0.0393089 0.6784031 0.0321328 0.739387 0.0321328 0.7241411 0.0393089 0.7241411 0.0321328 0.7241411 0.0321328 0.7088951 0.0393089 0.7088951 0.0393089 0.6936492 0.04567146 0.6936492 0.04567146 0.7088951 0.0393089 0.6936492 0.0393089 0.7088951 0.0321328 0.7088951 0.0393089 0.7088951 0.04567146 0.7088951 0.04567146 0.7241411 0.0393089 0.6936492 0.0393089 0.6784031 0.04567146 0.6784031 0.06672513 0.6552478 0.06672513 0.6846562 0.05416268 0.6784031 0.05416268 0.769879 0.06672513 0.7562976 0.06672513 0.7938343 0.0321328 0.769879 0.0321328 0.7546331 0.0393089 0.7546331 0.0393089 0.769879 0.04567146 0.769879 0.04567146 0.7851249 0.0321328 0.7851249 0.0321328 0.769879 0.0393089 0.769879 0.0393089 0.8003708 0.0393089 0.8156169 0.0321328 0.8156169 0.05416268 0.8231211 0.05416268 0.7940576 0.06672513 0.7938343 0.0321328 0.8461087 0.0321328 0.8308628 0.0393089 0.8308628 0.05416268 0.8523615 0.05416268 0.8231211 0.06672513 0.8246118 0.0393089 0.7851249 0.04567146 0.7851249 0.04567146 0.8003708 0.0321328 0.8003708 0.0321328 0.7851249 0.0393089 0.7851249 0.0393089 0.8003708 0.04567146 0.8003708 0.04567146 0.8156169 0.05416268 0.7470101 0.05416268 0.7241411 0.06672513 0.7165182 0.0393089 0.7241411 0.04567146 0.7241411 0.04567146 0.739387 0.0393089 0.7546331 0.0393089 0.739387 0.04567146 0.739387 0.0321328 0.7546331 0.0321328 0.739387 0.0393089 0.739387 0.0393089 0.7546331 0.04567146 0.7546331 0.04567146 0.769879 0.0393089 0.8308628 0.0393089 0.8156169 0.04567146 0.8156169 0.0321328 0.8156169 0.0393089 0.8156169 0.0393089 0.8308628 0.0393089 0.8461087 0.0393089 0.8308628 0.04567146 0.8308628 0.0393089 0.5564357 0.04567146 0.5564357 0.04567146 0.5716816 0.0393089 0.8613546 0.0393089 0.8461087 0.04567146 0.8461087 0.0321328 0.8461087 0.0393089 0.8461087 0.0393089 0.8613546 0.0393089 0.8766005 0.0393089 0.8613546 0.04567146 0.8613546 0.0321328 0.8613547 0.0393089 0.8613546 0.0393089 0.8766005 0.0393089 0.6631572 0.0393089 0.6479113 0.04567146 0.6479113 0.0321328 0.6479113 0.0393089 0.6479113 0.0393089 0.6631572 0.0393089 0.6784031 0.0393089 0.6631572 0.04567146 0.6631572 0.06672513 0.9287528 0.06672513 0.9593682 0.05416268 0.9528303 0.0393089 0.9375844 0.04567146 0.9375844 0.04567146 0.9528303 0.0321328 0.8918465 0.0393089 0.8918465 0.0393089 0.9070925 0.0393089 0.9070925 0.0393089 0.8918465 0.04567146 0.8918465 0.0321328 0.9070925 0.0393089 0.9070925 0.0393089 0.9223385 0.05416268 0.9070925 0.06672513 0.8994697 0.06672513 0.9287528 0.0393089 0.8918465 0.0393089 0.8766005 0.04567146 0.8766005 0.0321328 0.8766005 0.0393089 0.8766005 0.0393089 0.8918465 0.0393089 0.9223385 0.0393089 0.9070925 0.04567146 0.9070925 0.05416268 0.9528303 0.04567146 0.9528303 0.04567146 0.9375844 0.05416268 0.9770104 0.05416268 0.9985682 0.04567146 0.9985682 0.05416268 0.5653684 0.05416268 0.594433 0.04567146 0.5869275 0.05416268 0.9528303 0.05416268 0.9770104 0.04567146 0.9680764 0.05416268 0.5411897 0.04567146 0.5411897 0.04567146 0.5259438 0.05416268 0.6250423 0.05416268 0.6556506 0.04567146 0.6479113 0.05416268 0.6250423 0.04567146 0.6174194 0.04567146 0.6021735 0.04567146 0.6936492 0.04567146 0.6784031 0.05416268 0.6784031 0.05416268 0.7241411 0.05416268 0.7470101 0.04567146 0.739387 0.05416268 0.6784031 0.04567146 0.6784031 0.04567146 0.6631572 0.05416268 0.769879 0.04567146 0.769879 0.04567146 0.7546331 0.05416268 0.769879 0.05416268 0.7940576 0.04567146 0.7851249 0.05416268 0.7940576 0.05416268 0.8231211 0.04567146 0.8156169 0.05416268 0.8523615 0.04567146 0.8461087 0.04567146 0.8308628 0.05416268 0.7241411 0.04567146 0.7241411 0.04567146 0.7088951 0.05416268 0.5411897 0.05416268 0.5653684 0.04567146 0.5564357 0.05416268 0.8829724 0.04567146 0.8766005 0.04567146 0.8613546 0.05416268 0.9070925 0.04567146 0.9070925 0.04567146 0.8918465 0.05416268 0.9070925 0.05416268 0.9299614 0.04567146 0.9223385 0.0393089 0.9375844 0.0393089 0.9223385 0.04567146 0.9223385 0.06672513 0.9593682 0.06672513 0.9287528 0.0756126 0.9375844 0.06672513 0.9897369 0.06672513 0.9593682 0.0756126 0.9680764 0.06672513 0.5106979 0.0756126 0.5106979 0.0756126 0.5259438 0.06672513 0.5716816 0.06672513 0.5392841 0.0756126 0.5564357 0.06672513 0.5716816 0.0756126 0.5716816 0.0756126 0.5869275 0.0756126 0.6326654 0.0756126 0.6479113 0.06672513 0.6552478 0.06672513 0.5948374 0.0756126 0.6021735 0.0756126 0.6174194 0.06672513 0.7165182 0.0756126 0.7241411 0.0756126 0.739387 0.06672513 0.7165182 0.06672513 0.6846562 0.0756126 0.6936492 0.06672513 0.6846562 0.06672513 0.6552478 0.0756126 0.6631572 0.0756126 0.769879 0.0756126 0.7851249 0.06672513 0.7938343 0.06672513 0.7938343 0.0756126 0.8003708 0.0756126 0.8156169 0.06672513 0.8246118 0.0756126 0.8308628 0.0756126 0.8461087 0.06672513 0.9287528 0.06672513 0.8994697 0.0756126 0.9070925 0.0756126 0.8766005 0.0756126 0.8918465 0.06672513 0.8994697 0.001723766 0.734316 0.004478573 0.734316 0.004478573 0.7437246 0.001723766 0.7531332 0.004478573 0.7531332 0.004478573 0.7625418 0.001723766 0.7719504 0.001723766 0.7625418 0.004478573 0.7625418 0.001723766 0.781359 0.001723766 0.7719504 0.004478573 0.7719504 0.001723766 0.8378106 0.004478573 0.8378106 0.004478573 0.8472192 0.001723766 0.8001763 0.004478573 0.8001763 0.004478573 0.8095849 0.001723766 0.8189935 0.004478573 0.8189935 0.004478573 0.8284021 0.001723766 0.8189935 0.001723766 0.8095849 0.004478573 0.8095849 0.001723766 0.7437246 0.004478573 0.7437246 0.004478573 0.7531332 0.001723766 0.781359 0.004478573 0.781359 0.004478573 0.7907676 0.001723766 0.8566278 0.001723766 0.8472192 0.004478573 0.8472192 0.004478573 0.8284021 0.004478573 0.8378106 0.001723766 0.8378106 0.001723766 0.875445 0.004478573 0.875445 0.004478573 0.8848536 0.001723766 0.9130795 0.001723766 0.9036709 0.004478573 0.9036709 0.004478573 0.8848536 0.004478573 0.8942623 0.001723766 0.8942623 0.001723766 0.8660364 0.004478573 0.8660364 0.004478573 0.875445 0.001723766 0.9318967 0.001723766 0.9224881 0.004478573 0.9224881 0.001723766 0.9413053 0.001723766 0.9318967 0.004478573 0.9318967 0.001723766 0.9601225 0.001723766 0.9507139 0.004478573 0.9507139 0.001723766 0.9789397 0.001723766 0.9695311 0.004478573 0.9695311 0.001723766 0.9413053 0.004478573 0.9413053 0.004478573 0.9507139 0.001723766 0.8942623 0.004478573 0.8942623 0.004478573 0.9036709 0.001723766 0.9224881 0.001723766 0.9130795 0.004478573 0.9130795 0.001723766 0.9601225 0.004478573 0.9601225 0.004478573 0.9695311 0.001723766 0.7907676 0.004478573 0.7907676 0.004478573 0.8001763 0.001723766 0.9883483 0.001723766 0.9789397 0.004478573 0.9789397 0.001723766 0.9977568 0.001723766 0.9883483 0.004478573 0.9883483 0.001723766 0.8566278 0.004478573 0.8566278 0.004478573 0.8660364 0.001723766 0.734316 0.001723766 0.7249074 0.004478573 0.7249074 0.001723766 0.7060902 0.004478573 0.7060902 0.004478573 0.7154988 0.001723766 0.7249074 0.001723766 0.7154988 0.004478573 0.7154988 0.001723766 0.6966815 0.004478573 0.6966815 0.004478573 0.7060902 0.3516264 0.936635 0.3451 0.9386148 0.3420409 0.9312294 0.3362739 0.9136582 0.3428717 0.9202562 0.3375997 0.9245827 0.3285155 0.9084743 0.3362739 0.9136582 0.3319472 0.9189302 0.3198949 0.9049036 0.3285155 0.9084743 0.3253005 0.9144891 0.2692842 0.9202561 0.2745562 0.9245827 0.270115 0.9312294 0.3014126 0.9030832 0.3060783 0.9098703 0.2942408 0.9114298 0.2758821 0.9136582 0.2836404 0.9084743 0.2868553 0.9144891 0.2836404 0.9084743 0.2922611 0.9049036 0.2942408 0.9114298 0.3480557 0.9280145 0.3420409 0.9312294 0.3375997 0.9245827 0.3107434 0.9030832 0.3198949 0.9049036 0.3179152 0.9114298 0.2641003 0.9280143 0.270115 0.9312294 0.2670559 0.9386148 0.2802088 0.9189302 0.2745562 0.9245827 0.2692842 0.9202561 0.2605296 0.9642689 0.2587091 0.9551173 0.2654964 0.9544489 0.2758821 0.9872456 0.2692842 0.9806478 0.2745562 0.9763212 0.2605296 0.9642689 0.2670559 0.9622892 0.270115 0.9696745 0.2587093 0.9457864 0.2654964 0.9464551 0.2654964 0.9544489 0.2868553 0.9864149 0.2981606 0.9902537 0.292261 0.9960004 0.3107434 0.9978208 0.3100749 0.9910335 0.3179152 0.989474 0.3285155 0.9924296 0.3253005 0.9864149 0.3319472 0.9819737 0.3014125 0.9978207 0.2981606 0.9902537 0.3100749 0.9910335 0.2692842 0.9806478 0.2641003 0.9728894 0.270115 0.9696745 0.2758821 0.9872456 0.2802088 0.9819737 0.2868553 0.9864149 0.3198949 0.9960004 0.3179152 0.989474 0.3253005 0.9864149 0.3362737 0.9872456 0.3319472 0.9819737 0.3375997 0.9763213 0.3428717 0.9806478 0.3375997 0.9763213 0.3420409 0.9696745 0.2605296 0.936635 0.2670559 0.9386148 0.2654964 0.9464551 0.3516264 0.936635 0.3534467 0.9457865 0.3466596 0.9464551 0.3516264 0.964269 0.3451 0.9622892 0.3466596 0.954449 0.3534467 0.9551173 0.3466596 0.954449 0.3466596 0.9464551 0.3516264 0.964269 0.3480556 0.9728894 0.3420409 0.9696745 0.07836693 0.811122 0.09560018 0.8075233 0.09560018 0.8183192 0.09560018 0.8183192 0.09560018 0.8284686 0.07836693 0.8255165 0.07836693 0.8327139 0.09560018 0.8284686 0.09560018 0.8399112 0.07836705 0.9406738 0.07836705 0.9334766 0.0956003 0.9334766 0.07836693 0.8039247 0.07836693 0.7967272 0.09560018 0.7967272 0.07836705 0.983858 0.07836705 0.9766606 0.0956003 0.9737086 0.07836705 0.9694632 0.07836705 0.962266 0.0956003 0.9586675 0.07836693 0.7895299 0.09560018 0.7852855 0.09560018 0.7967272 0.07836693 0.7751353 0.09560018 0.7708905 0.09560018 0.7852855 0.07836705 0.9478713 0.0956003 0.9442728 0.0956003 0.9586675 0.07836705 0.9118846 0.0956003 0.9076395 0.0956003 0.922034 0.07836705 0.9262793 0.0956003 0.922034 0.0956003 0.9334766 0.07836705 0.89749 0.0956003 0.8932452 0.0956003 0.9076395 0.07836693 0.8687006 0.09560018 0.8644555 0.09560018 0.87885 0.07836693 0.8543058 0.09560018 0.8507069 0.09560018 0.8644555 0.07836693 0.8471085 0.07836693 0.8399112 0.09560018 0.8399112 0.0321328 0.9223385 0.0321328 0.9375844 0.0321328 0.9375844 0.0321328 0.7546331 0.0321328 0.7546331 0.0321328 0.739387 0.0321328 0.6326654 0.0321328 0.6479113 0.0321328 0.6479113 0.1503936 0.8364383 0.1513703 0.8290254 0.1503936 0.8216124 0.1503936 0.8216124 0.1470873 0.814906 0.1304736 0.804012 0.1470873 0.814906 0.1400758 0.8078945 0.1304736 0.804012 0.1304736 0.804012 0.1209984 0.8040997 0.1503936 0.8216124 0.1209984 0.8040997 0.1118372 0.8078942 0.1048253 0.8149061 0.1048253 0.8149061 0.1010306 0.8240672 0.1011183 0.8344244 0.1011183 0.8344244 0.1048253 0.8431445 0.1048253 0.8149061 0.1048253 0.8431445 0.1114633 0.8499065 0.1185432 0.8534626 0.1185432 0.8534626 0.1264055 0.8544393 0.1356817 0.8525048 0.1421567 0.8487657 0.1185432 0.8534626 0.1356817 0.8525048 0.1421567 0.8487657 0.1470872 0.8431445 0.1503936 0.8364383 0.1503936 0.8364383 0.1503936 0.8216124 0.1421567 0.8487657 0.1209984 0.8040997 0.1048253 0.8149061 0.1503936 0.8216124 0.1503936 0.8216124 0.1048253 0.8149061 0.1185432 0.8534626 0.1048253 0.8431445 0.1185432 0.8534626 0.1048253 0.8149061 0.0321328 0.9680763 0.0321328 0.9680764 0.0321328 0.9528303 0.0321328 0.9070925 0.0321328 0.9223385 0.0321328 0.9223385 0.0321328 0.8461087 0.0321328 0.8613547 0.0321328 0.8613546 0.0321328 0.6021735 0.0321328 0.6021735 0.0321328 0.5869275 0.06672513 0.9766375 0.06672513 0.9528303 0.05416268 0.9528303 0.0393089 0.9528303 0.0393089 0.9375844 0.0321328 0.9375844 0.0321328 0.9375844 0.0393089 0.9375844 0.0393089 0.9223385 0.06672513 0.9766375 0.05416268 0.9770692 0.05416268 0.9985682 0.0321328 0.9833223 0.0393089 0.9833223 0.0393089 0.9680764 0.04567146 0.9985682 0.04567146 0.9833223 0.0393089 0.9833223 0.0393089 0.9833223 0.0321328 0.9833223 0.0321328 0.9985682 0.04567146 0.5259438 0.04567146 0.5106979 0.0393089 0.5106979 0.0393089 0.5259438 0.0393089 0.5106979 0.0321328 0.5106979 0.05416268 0.5411897 0.06672513 0.5583422 0.06672513 0.5194059 0.0393089 0.6326654 0.0393089 0.6174194 0.0321328 0.6174194 0.0393089 0.6174194 0.0393089 0.6021735 0.0321328 0.6021735 0.06672513 0.5959211 0.06672513 0.5583422 0.05416268 0.5653684 0.0393089 0.5716816 0.0393089 0.5564357 0.0321328 0.5564357 0.0393089 0.5564357 0.0393089 0.5411897 0.0321328 0.5411897 0.0393089 0.6021735 0.0393089 0.5869275 0.0321328 0.5869275 0.0393089 0.5869275 0.04567146 0.5869275 0.04567146 0.5716816 0.0393089 0.5869275 0.0393089 0.5716816 0.0321328 0.5716816 0.04567146 0.5869275 0.0393089 0.5869275 0.0393089 0.6021735 0.04567146 0.9680764 0.04567146 0.9528303 0.0393089 0.9528303 0.0393089 0.9528303 0.0321328 0.9528303 0.0321328 0.9680764 0.04567146 0.9833223 0.04567146 0.9680764 0.0393089 0.9680764 0.04567146 0.5411897 0.04567146 0.5259438 0.0393089 0.5259438 0.0393089 0.5411897 0.0393089 0.5259438 0.0321328 0.5259438 0.0393089 0.6174194 0.04567146 0.6174194 0.04567146 0.6021735 0.04567146 0.6479113 0.04567146 0.6326654 0.0393089 0.6326654 0.0393089 0.6479113 0.0393089 0.6326654 0.0321328 0.6326654 0.04567146 0.5564357 0.04567146 0.5411897 0.0393089 0.5411897 0.0393089 0.6326654 0.04567146 0.6326654 0.04567146 0.6174194 0.05416268 0.6174194 0.06672513 0.6253288 0.06672513 0.5959211 0.0393089 0.6936492 0.0393089 0.6784031 0.0321328 0.6784031 0.0393089 0.6631572 0.0321328 0.6631572 0.0321328 0.6784031 0.0393089 0.739387 0.0393089 0.7241411 0.0321328 0.7241411 0.0321328 0.7241411 0.0393089 0.7241411 0.0393089 0.7088951 0.04567146 0.7088951 0.04567146 0.6936492 0.0393089 0.6936492 0.0393089 0.6936492 0.0321328 0.6936492 0.0321328 0.7088951 0.04567146 0.7241411 0.04567146 0.7088951 0.0393089 0.7088951 0.05416268 0.700021 0.06672513 0.7024809 0.06672513 0.6784031 0.0393089 0.6936492 0.04567146 0.6936492 0.04567146 0.6784031 0.0321328 0.769879 0.0393089 0.769879 0.0393089 0.7546331 0.06672513 0.7773395 0.06672513 0.7390413 0.05416268 0.7470101 0.04567146 0.7851249 0.04567146 0.769879 0.0393089 0.769879 0.0321328 0.7851249 0.0393089 0.7851249 0.0393089 0.769879 0.0393089 0.8156169 0.0393089 0.8003708 0.0321328 0.8003709 0.0321328 0.8461087 0.0393089 0.8461087 0.0393089 0.8308628 0.04567146 0.8003708 0.04567146 0.7851249 0.0393089 0.7851249 0.0321328 0.8003709 0.0393089 0.8003708 0.0393089 0.7851249 0.04567146 0.8156169 0.04567146 0.8003708 0.0393089 0.8003708 0.04567146 0.739387 0.04567146 0.7241411 0.0393089 0.7241411 0.06672513 0.7024809 0.05416268 0.700021 0.05416268 0.7241411 0.04567146 0.739387 0.0393089 0.739387 0.0393089 0.7546331 0.0321328 0.7546331 0.0393089 0.7546331 0.0393089 0.739387 0.04567146 0.769879 0.04567146 0.7546331 0.0393089 0.7546331 0.0393089 0.8308628 0.04567146 0.8308628 0.04567146 0.8156169 0.0393089 0.8308628 0.0393089 0.8156169 0.0321328 0.8156169 0.0393089 0.8461087 0.04567146 0.8461087 0.04567146 0.8308628 0.04567146 0.5716816 0.04567146 0.5564357 0.0393089 0.5564357 0.0393089 0.8613546 0.04567146 0.8613546 0.04567146 0.8461087 0.0393089 0.8461087 0.0321328 0.8461087 0.0321328 0.8613546 0.0393089 0.8766005 0.04567146 0.8766005 0.04567146 0.8613546 0.0393089 0.8766005 0.0393089 0.8613546 0.0321328 0.8613546 0.0393089 0.6631572 0.04567146 0.6631572 0.04567146 0.6479113 0.0393089 0.6479113 0.0321328 0.6479113 0.0321328 0.6631572 0.0393089 0.6784031 0.04567146 0.6784031 0.04567146 0.6631572 0.06672513 0.9528303 0.06672513 0.9290232 0.05416268 0.9298446 0.04567146 0.9528303 0.04567146 0.9375844 0.0393089 0.9375844 0.0393089 0.9070925 0.0393089 0.8918465 0.0321328 0.8918465 0.0393089 0.9070925 0.04567146 0.9070925 0.04567146 0.8918465 0.0393089 0.9223385 0.0393089 0.9070925 0.0321328 0.9070925 0.06672513 0.9290232 0.06672513 0.8994696 0.05416268 0.9070925 0.0393089 0.8918465 0.04567146 0.8918465 0.04567146 0.8766005 0.0393089 0.8918465 0.0393089 0.8766005 0.0321328 0.8766005 0.0393089 0.9223385 0.04567146 0.9223385 0.04567146 0.9070925 0.0321328 0.9528303 0.0321328 0.9528303 0.0321328 0.9375844 0.04567146 0.9375844 0.04567146 0.9528303 0.05416268 0.9528303 0.05416268 0.9770692 0.04567146 0.9833223 0.04567146 0.9985682 0.05416268 0.6174194 0.04567146 0.6174194 0.04567146 0.6326654 0.05416268 0.5653684 0.04567146 0.5716816 0.04567146 0.5869275 0.05416268 0.9528303 0.04567146 0.9528303 0.04567146 0.9680764 0.04567146 0.5259438 0.04567146 0.5411897 0.05416268 0.5411897 0.04567146 0.6021735 0.04567146 0.6174194 0.05416268 0.6174194 0.04567146 0.6784031 0.04567146 0.6936492 0.05416268 0.700021 0.05416268 0.7241411 0.04567146 0.7241411 0.04567146 0.739387 0.04567146 0.7546331 0.04567146 0.769879 0.05416268 0.769879 0.05416268 0.769879 0.04567146 0.769879 0.04567146 0.7851249 0.05416268 0.7940576 0.04567146 0.8003708 0.04567146 0.8156169 0.04567146 0.8308628 0.04567146 0.8461087 0.05416268 0.8523616 0.04567146 0.7088951 0.04567146 0.7241411 0.05416268 0.7241411 0.05416268 0.5411897 0.04567146 0.5411897 0.04567146 0.5564357 0.04567146 0.8613546 0.04567146 0.8766005 0.05416268 0.8829724 0.04567146 0.6479113 0.04567146 0.6631572 0.05416268 0.6694694 0.04567146 0.8918465 0.04567146 0.9070925 0.05416268 0.9070925 0.05416268 0.9070925 0.04567146 0.9070925 0.04567146 0.9223385 0.0393089 0.9375844 0.04567146 0.9375844 0.04567146 0.9223385 0.06672513 0.9528303 0.0756126 0.9528303 0.0756126 0.9375844 0.0756126 0.9985682 0.0756126 0.9833223 0.06672513 0.9766375 0.0756126 0.5716816 0.06672513 0.5583422 0.06672513 0.5959211 0.0756126 0.9680764 0.0756126 0.9528303 0.06672513 0.9528303 0.0756126 0.5411897 0.0756126 0.5259438 0.06672513 0.5194059 0.06672513 0.6545962 0.0756126 0.6479113 0.0756126 0.6326654 0.0756126 0.6174194 0.0756126 0.6021735 0.06672513 0.5959211 0.0756126 0.6936492 0.0756126 0.6784031 0.06672513 0.6784031 0.06672513 0.6784031 0.0756126 0.6784031 0.0756126 0.6631572 0.06672513 0.7773395 0.0756126 0.769879 0.0756126 0.7546331 0.0756126 0.8003708 0.0756126 0.7851249 0.06672513 0.7773395 0.0756126 0.7241411 0.0756126 0.7088951 0.06672513 0.7024809 0.0756126 0.8308628 0.0756126 0.8156169 0.06672513 0.8089292 0.06672513 0.8688163 0.0756126 0.8613546 0.0756126 0.8461087 0.06672513 0.9290232 0.0756126 0.9223385 0.0756126 0.9070925 0.0756126 0.8766005 0.06672513 0.8688163 0.06672513 0.8994696 0.004478573 0.734316 0.001723766 0.734316 0.001723766 0.7437246 0.004478573 0.7625418 0.004478573 0.7531332 0.001723766 0.7531332 0.001723766 0.7719504 0.004478573 0.7719504 0.004478573 0.7625418 0.004478573 0.7719504 0.001723766 0.7719504 0.001723766 0.781359 0.004478573 0.8472192 0.004478573 0.8378106 0.001723766 0.8378106 0.004478573 0.8095849 0.004478573 0.8001763 0.001723766 0.8001763 0.004478573 0.8284021 0.004478573 0.8189935 0.001723766 0.8189935 0.001723766 0.8189935 0.004478573 0.8189935 0.004478573 0.8095849 0.004478573 0.7531332 0.004478573 0.7437246 0.001723766 0.7437246 0.004478573 0.7907676 0.004478573 0.781359 0.001723766 0.781359 0.001723766 0.8566278 0.004478573 0.8566278 0.004478573 0.8472192 0.001723766 0.8378106 0.004478573 0.8378106 0.004478573 0.8284021 0.004478573 0.8848536 0.004478573 0.875445 0.001723766 0.875445 0.001723766 0.9130795 0.004478573 0.9130795 0.004478573 0.9036709 0.004478573 0.8942623 0.004478573 0.8848536 0.001723766 0.8848536 0.004478573 0.8660364 0.001723766 0.8660364 0.001723766 0.875445 0.001723766 0.9318967 0.004478573 0.9318967 0.004478573 0.9224881 0.001723766 0.9413053 0.004478573 0.9413053 0.004478573 0.9318967 0.001723766 0.9601225 0.004478573 0.9601225 0.004478573 0.9507139 0.001723766 0.9789397 0.004478573 0.9789397 0.004478573 0.9695311 0.004478573 0.9507139 0.004478573 0.9413053 0.001723766 0.9413053 0.004478573 0.9036709 0.004478573 0.8942623 0.001723766 0.8942623 0.001723766 0.9224881 0.004478573 0.9224881 0.004478573 0.9130795 0.004478573 0.9601225 0.001723766 0.9601225 0.001723766 0.9695311 0.004478573 0.8001763 0.004478573 0.7907676 0.001723766 0.7907676 0.001723766 0.9883483 0.004478573 0.9883483 0.004478573 0.9789397 0.001723766 0.9977568 0.004478573 0.9977568 0.004478573 0.9883483 0.004478573 0.8660364 0.004478573 0.8566278 0.001723766 0.8566278 0.001723766 0.734316 0.004478573 0.734316 0.004478573 0.7249074 0.004478573 0.7154988 0.004478573 0.7060902 0.001723766 0.7060902 0.001723766 0.7249074 0.004478573 0.7249074 0.004478573 0.7154988 0.004478573 0.7060902 0.004478573 0.6966815 0.001723766 0.6966815 0.3420409 0.9312294 0.3451 0.9386148 0.3516264 0.936635 0.3362739 0.9136582 0.3319472 0.9189302 0.3375997 0.9245827 0.3285155 0.9084743 0.3253005 0.9144891 0.3319472 0.9189302 0.3198949 0.9049036 0.3179152 0.9114298 0.3253005 0.9144891 0.270115 0.9312294 0.2745562 0.9245827 0.2692842 0.9202561 0.2942408 0.9114298 0.3060783 0.9098703 0.3014126 0.9030832 0.2758821 0.9136582 0.2802088 0.9189302 0.2868553 0.9144891 0.2836404 0.9084743 0.2868553 0.9144891 0.2942408 0.9114298 0.3375997 0.9245827 0.3420409 0.9312294 0.3480557 0.9280145 0.3107434 0.9030832 0.3060783 0.9098703 0.3179152 0.9114298 0.2670559 0.9386148 0.270115 0.9312294 0.2641003 0.9280143 0.2802088 0.9189302 0.2758821 0.9136582 0.2692842 0.9202561 0.2605296 0.9642689 0.2670559 0.9622892 0.2654964 0.9544489 0.2758821 0.9872456 0.2802088 0.9819737 0.2745562 0.9763212 0.270115 0.9696745 0.2670559 0.9622892 0.2605296 0.9642689 0.2654964 0.9544489 0.2654964 0.9464551 0.2587093 0.9457864 0.2942407 0.989474 0.2868553 0.9864149 0.2836404 0.9924296 0.302081 0.9910335 0.2942407 0.989474 0.292261 0.9960004 0.3179152 0.989474 0.3100749 0.9910335 0.3107434 0.9978208 0.3319472 0.9819737 0.3253005 0.9864149 0.3285155 0.9924296 0.3100749 0.9910335 0.302081 0.9910335 0.3014125 0.9978207 0.2692842 0.9806478 0.2745562 0.9763212 0.270115 0.9696745 0.2868553 0.9864149 0.2802088 0.9819737 0.2758821 0.9872456 0.3253005 0.9864149 0.3179152 0.989474 0.3198949 0.9960004 0.3375997 0.9763213 0.3319472 0.9819737 0.3362737 0.9872456 0.3420409 0.9696745 0.3375997 0.9763213 0.3428717 0.9806478 0.2654964 0.9464551 0.2670559 0.9386148 0.2605296 0.936635 0.3516264 0.936635 0.3451 0.9386148 0.3466596 0.9464551 0.3466596 0.954449 0.3451 0.9622892 0.3516264 0.964269 0.3466596 0.9464551 0.3466596 0.954449 0.3534467 0.9551173 0.3516264 0.964269 0.3451 0.9622892 0.3420409 0.9696745 0.09560018 0.8183192 0.09560018 0.8075233 0.07836693 0.811122 0.07836693 0.8255165 0.09560018 0.8291152 0.09560018 0.8183192 0.09560018 0.8399112 0.09560018 0.8291152 0.07836693 0.8327139 0.07836705 0.9406738 0.0956003 0.9442728 0.0956003 0.9298778 0.07836693 0.8039247 0.09560018 0.8075233 0.09560018 0.7937746 0.07836693 0.7895299 0.09560018 0.7937746 0.09560018 0.7823327 0.07836705 0.983858 0.0956003 0.9874567 0.0956003 0.9737086 0.07836705 0.9694632 0.0956003 0.9737086 0.0956003 0.9586674 0.09560018 0.7823327 0.09560018 0.7708905 0.07836693 0.7751353 0.0956003 0.9982525 0.0956003 0.9874567 0.07836705 0.9910553 0.0956003 0.9586674 0.0956003 0.9442728 0.07836705 0.9478713 0.09560024 0.8866936 0.09560018 0.8722993 0.07836693 0.8758979 0.07836705 0.9118846 0.0956003 0.9154832 0.0956003 0.9017347 0.07836705 0.89749 0.0956003 0.9017347 0.09560024 0.8866936 0.0956003 0.9298778 0.0956003 0.9154832 0.07836705 0.9190819 0.07836693 0.8687006 0.09560018 0.8722993 0.09560018 0.8615033 0.09560018 0.8615033 0.09560018 0.8507069 0.07836693 0.8543058 0.07836693 0.8471085 0.09560018 0.8507069 0.09560018 0.8399112</float_array>
          <technique_common>
            <accessor source="#Wheel_LOD200-mesh-map-0-array" count="2904" stride="2">
              <param name="S" type="float"/>
              <param name="T" type="float"/>
            </accessor>
          </technique_common>
        </source>
        <source id="Wheel_LOD200-mesh-colors-Attribute" name="Attribute">
          <float_array id="Wheel_LOD200-mesh-colors-Attribute-array" count="11616">1 1 1 1 1 1 1 1 1 1 1 1 1 1 1 1 1 1 1 1 1 1 1 1 1 1 1 1 1 1 1 1 1 1 1 1 1 1 1 1 1 1 1 1 1 1 1 1 1 1 1 1 1 1 1 1 1 1 1 1 1 1 1 1 1 1 1 1 1 1 1 1 1 1 1 1 1 1 1 1 1 1 1 1 1 1 1 1 1 1 1 1 1 1 1 1 1 1 1 1 1 1 1 1 1 1 1 1 1 1 1 1 1 1 1 1 1 1 1 1 1 1 1 1 1 1 1 1 1 1 1 1 1 1 1 1 1 1 1 1 1 1 1 1 1 1 1 1 1 1 1 1 1 1 1 1 1 1 1 1 1 1 1 1 1 1 1 1 1 1 1 1 1 1 1 1 1 1 1 1 1 1 1 1 1 1 1 1 1 1 1 1 1 1 1 1 1 1 1 1 1 1 1 1 1 1 1 1 1 1 1 1 1 1 1 1 1 1 1 1 1 1 1 1 1 1 1 1 1 1 1 1 1 1 1 1 1 1 1 1 1 1 1 1 1 1 1 1 1 1 1 1 1 1 1 1 1 1 1 1 1 1 1 1 1 1 1 1 1 1 1 1 1 1 1 1 1 1 1 1 1 1 1 1 1 1 1 1 1 1 1 1 1 1 1 1 1 1 1 1 1 1 1 1 1 1 1 1 1 1 1 1 1 1 1 1 1 1 1 1 1 1 1 1 1 1 1 1 1 1 1 1 1 1 1 1 1 1 1 1 1 1 1 1 1 1 1 1 1 1 1 1 1 1 1 1 1 1 1 1 1 1 1 1 1 1 1 1 1 1 1 1 1 1 1 1 1 1 1 1 1 1 1 1 1 1 1 1 1 1 1 1 1 1 1 1 1 1 1 1 1 1 1 1 1 1 1 1 1 1 1 1 1 1 1 1 1 1 1 1 1 1 1 1 1 1 1 1 1 1 1 1 1 1 1 1 1 1 1 1 1 1 1 1 1 1 1 1 1 1 1 1 1 1 1 1 1 1 1 1 1 1 1 1 1 1 1 1 1 1 1 1 1 1 1 1 1 1 1 1 1 1 1 1 1 1 1 1 1 1 1 1 1 1 1 1 1 1 1 1 1 1 1 1 1 1 1 1 1 1 1 1 1 1 1 1 1 1 1 1 1 1 1 1 1 1 1 1 1 1 1 1 1 1 1 1 1 1 1 1 1 1 1 1 1 1 1 1 1 1 1 1 1 1 1 1 1 1 1 1 1 1 1 1 1 1 1 1 1 1 1 1 1 1 1 1 1 1 1 1 1 1 1 1 1 1 1 1 1 1 1 1 1 1 1 1 1 1 1 1 1 1 1 1 1 1 1 1 1 1 1 1 1 1 1 1 1 1 1 1 1 1 1 1 1 1 1 1 1 1 1 1 1 1 1 1 1 1 1 1 1 1 1 1 1 1 1 1 1 1 1 1 1 1 1 1 1 1 1 1 1 1 1 1 1 1 1 1 1 1 1 1 1 1 1 1 1 1 1 1 1 1 1 1 1 1 1 1 1 1 1 1 1 1 1 1 1 1 1 1 1 1 1 1 1 1 1 1 1 1 1 1 1 1 1 1 1 1 1 1 1 1 1 1 1 1 1 1 1 1 1 1 1 1 1 1 1 1 1 1 1 1 1 1 1 1 1 1 1 1 1 1 1 1 1 1 1 1 1 1 1 1 1 1 1 1 1 1 1 1 1 1 1 1 1 1 1 1 1 1 1 1 1 1 1 1 1 1 1 1 1 1 1 1 1 1 1 1 1 1 1 1 1 1 1 1 1 1 1 1 1 1 1 1 1 1 1 1 1 1 1 1 1 1 1 1 1 1 1 1 1 1 1 1 1 1 1 1 1 1 1 1 1 1 1 1 1 1 1 1 1 1 1 1 1 1 1 1 1 1 1 1 1 1 1 1 1 1 1 1 1 1 1 1 1 1 1 1 1 1 1 1 1 1 1 1 1 1 1 1 1 1 1 1 1 1 1 1 1 1 1 1 1 1 1 1 1 1 1 1 1 1 1 1 1 1 1 1 1 1 1 1 1 1 1 1 1 1 1 1 1 1 1 1 1 1 1 1 1 1 1 1 1 1 1 1 1 1 1 1 1 1 1 1 1 1 1 1 1 1 1 1 1 1 1 1 1 1 1 1 1 1 1 1 1 1 1 1 1 1 1 1 1 1 1 1 1 1 1 1 1 1 1 1 1 1 1 1 1 1 1 1 1 1 1 1 1 1 1 1 1 1 1 1 1 1 1 1 1 1 1 1 1 1 1 1 1 1 1 1 1 1 1 1 1 1 1 1 1 1 1 1 1 1 1 1 1 1 1 1 1 1 1 1 1 1 1 1 1 1 1 1 1 1 1 1 1 1 1 1 1 1 1 1 1 1 1 1 1 1 1 1 1 1 1 1 1 1 1 1 1 1 1 1 1 1 1 1 1 1 1 1 1 1 1 1 1 1 1 1 1 1 1 1 1 1 1 1 1 1 1 1 1 1 1 1 1 1 1 1 1 1 1 1 1 1 1 1 1 1 1 1 1 1 1 1 1 1 1 1 1 1 1 1 1 1 1 1 1 1 1 1 1 1 1 1 1 1 1 1 1 1 1 1 1 1 1 1 1 1 1 1 1 1 1 1 1 1 1 1 1 1 1 1 1 1 1 1 1 1 1 1 1 1 1 1 1 1 1 1 1 1 1 1 1 1 1 1 1 1 1 1 1 1 1 1 1 1 1 1 1 1 1 1 1 1 1 1 1 1 1 1 1 1 1 1 1 1 1 1 1 1 1 1 1 1 1 1 1 1 1 1 1 1 1 1 1 1 1 1 1 1 1 1 1 1 1 1 1 1 1 1 1 1 1 1 1 1 1 1 1 1 1 1 1 1 1 1 1 1 1 1 1 1 1 1 1 1 1 1 1 1 1 1 1 1 1 1 1 1 1 1 1 1 1 1 1 1 1 1 1 1 1 1 1 1 1 1 1 1 1 1 1 1 1 1 1 1 1 1 1 1 1 1 1 1 1 1 1 1 1 1 1 1 1 1 1 1 1 1 1 1 1 1 1 1 1 1 1 1 1 1 1 1 1 1 1 1 1 1 1 1 1 1 1 1 1 1 1 1 1 1 1 1 1 1 1 1 1 1 1 1 1 1 1 1 1 1 1 1 1 1 1 1 1 1 1 1 1 1 1 1 1 1 1 1 1 1 1 1 1 1 1 1 1 1 1 1 1 1 1 1 1 1 1 1 1 1 1 1 1 1 1 1 1 1 1 1 1 1 1 1 1 1 1 1 1 1 1 1 1 1 1 1 1 1 1 1 1 1 1 1 1 1 1 1 1 1 1 1 1 1 1 1 1 1 1 1 1 1 1 1 1 1 1 1 1 1 1 1 1 1 1 1 1 1 1 1 1 1 1 1 1 1 1 1 1 1 1 1 1 1 1 1 1 1 1 1 1 1 1 1 1 1 1 1 1 1 1 1 1 1 1 1 1 1 1 1 1 1 1 1 1 1 1 1 1 1 1 1 1 1 1 1 1 1 1 1 1 1 1 1 1 1 1 1 1 1 1 1 1 1 1 1 1 1 1 1 1 1 1 1 1 1 1 1 1 1 1 1 1 1 1 1 1 1 1 1 1 1 1 1 1 1 1 1 1 1 1 1 1 1 1 1 1 1 1 1 1 1 1 1 1 1 1 1 1 1 1 1 1 1 1 1 1 1 1 1 1 1 1 1 1 1 1 1 1 1 1 1 1 1 1 1 1 1 1 1 1 1 1 1 1 1 1 1 1 1 1 1 1 1 1 1 1 1 1 1 1 1 1 1 1 1 1 1 1 1 1 1 1 1 1 1 1 1 1 1 1 1 1 1 1 1 1 1 1 1 1 1 1 1 1 1 1 1 1 1 1 1 1 1 1 1 1 1 1 1 1 1 1 1 1 1 1 1 1 1 1 1 1 1 1 1 1 1 1 1 1 1 1 1 1 1 1 1 1 1 1 1 1 1 1 1 1 1 1 1 1 1 1 1 1 1 1 1 1 1 1 1 1 1 1 1 1 1 1 1 1 1 1 1 1 1 1 1 1 1 1 1 1 1 1 1 1 1 1 1 1 1 1 1 1 1 1 1 1 1 1 1 1 1 1 1 1 1 1 1 1 1 1 1 1 1 1 1 1 1 1 1 1 1 1 1 1 1 1 1 1 1 1 1 1 1 1 1 1 1 1 1 1 1 1 1 1 1 1 1 1 1 1 1 1 1 1 1 1 1 1 1 1 1 1 1 1 1 1 1 1 1 1 1 1 1 1 1 1 1 1 1 1 1 1 1 1 1 1 1 1 1 1 1 1 1 1 1 1 1 1 1 1 1 1 1 1 1 1 1 1 1 1 1 1 1 1 1 1 1 1 1 1 1 1 1 1 1 1 1 1 1 1 1 1 1 1 1 1 1 1 1 1 1 1 1 1 1 1 1 1 1 1 1 1 1 1 1 1 1 1 1 1 1 1 1 1 1 1 1 1 1 1 1 1 1 1 1 1 1 1 1 1 1 1 1 1 1 1 1 1 1 1 1 1 1 1 1 1 1 1 1 1 1 1 1 1 1 1 1 1 1 1 1 1 1 1 1 1 1 1 1 1 1 1 1 1 1 1 1 1 1 1 1 1 1 1 1 1 1 1 1 1 1 1 1 1 1 1 1 1 1 1 1 1 1 1 1 1 1 1 1 1 1 1 1 1 1 1 1 1 1 1 1 1 1 1 1 1 1 1 1 1 1 1 1 1 1 1 1 1 1 1 1 1 1 1 1 1 1 1 1 1 1 1 1 1 1 1 1 1 1 1 1 1 1 1 1 1 1 1 1 1 1 1 1 1 1 1 1 1 1 1 1 1 1 1 1 1 1 1 1 1 1 1 1 1 1 1 1 1 1 1 1 1 1 1 1 1 1 1 1 1 1 1 1 1 1 1 1 1 1 1 1 1 1 1 1 1 1 1 1 1 1 1 1 1 1 1 1 1 1 1 1 1 1 1 1 1 1 1 1 1 1 1 1 1 1 1 1 1 1 1 1 1 1 1 1 1 1 1 1 1 1 1 1 1 1 1 1 1 1 1 1 1 1 1 1 1 1 1 1 1 1 1 1 1 1 1 1 1 1 1 1 1 1 1 1 1 1 1 1 1 1 1 1 1 1 1 1 1 1 1 1 1 1 1 1 1 1 1 1 1 1 1 1 1 1 1 1 1 1 1 1 1 1 1 1 1 1 1 1 1 1 1 1 1 1 1 1 1 1 1 1 1 1 1 1 1 1 1 1 1 1 1 1 1 1 1 1 1 1 1 1 1 1 1 1 1 1 1 1 1 1 1 1 1 1 1 1 1 1 1 1 1 1 1 1 1 1 1 1 1 1 1 1 1 1 1 1 1 1 1 1 1 1 1 1 1 1 1 1 1 1 1 1 1 1 1 1 1 1 1 1 1 1 1 1 1 1 1 1 1 1 1 1 1 1 1 1 1 1 1 1 1 1 1 1 1 1 1 1 1 1 1 1 1 1 1 1 1 1 1 1 1 1 1 1 1 1 1 1 1 1 1 1 1 1 1 1 1 1 1 1 1 1 1 1 1 1 1 1 1 1 1 1 1 1 1 1 1 1 1 1 1 1 1 1 1 1 1 1 1 1 1 1 1 1 1 1 1 1 1 1 1 1 1 1 1 1 1 1 1 1 1 1 1 1 1 1 1 1 1 1 1 1 1 1 1 1 1 1 1 1 1 1 1 1 1 1 1 1 1 1 1 1 1 1 1 1 1 1 1 1 1 1 1 1 1 1 1 1 1 1 1 1 1 1 1 1 1 1 1 1 1 1 1 1 1 1 1 1 1 1 1 1 1 1 1 1 1 1 1 1 1 1 1 1 1 1 1 1 1 1 1 1 1 1 1 1 1 1 1 1 1 1 1 1 1 1 1 1 1 1 1 1 1 1 1 1 1 1 1 1 1 1 1 1 1 1 1 1 1 1 1 1 1 1 1 1 1 1 1 1 1 1 1 1 1 1 1 1 1 1 1 1 1 1 1 1 1 1 1 1 1 1 1 1 1 1 1 1 1 1 1 1 1 1 1 1 1 1 1 1 1 1 1 1 1 1 1 1 1 1 1 1 1 1 1 1 1 1 1 1 1 1 1 1 1 1 1 1 1 1 1 1 1 1 1 1 1 1 1 1 1 1 1 1 1 1 1 1 1 1 1 1 1 1 1 1 1 1 1 1 1 1 1 1 1 1 1 1 1 1 1 1 1 1 1 1 1 1 1 1 1 1 1 1 1 1 1 1 1 1 1 1 1 1 1 1 1 1 1 1 1 1 1 1 1 1 1 1 1 1 1 1 1 1 1 1 1 1 1 1 1 1 1 1 1 1 1 1 1 1 1 1 1 1 1 1 1 1 1 1 1 1 1 1 1 1 1 1 1 1 1 1 1 1 1 1 1 1 1 1 1 1 1 1 1 1 1 1 1 1 1 1 1 1 1 1 1 1 1 1 1 1 1 1 1 1 1 1 1 1 1 1 1 1 1 1 1 1 1 1 1 1 1 1 1 1 1 1 1 1 1 1 1 1 1 1 1 1 1 1 1 1 1 1 1 1 1 1 1 1 1 1 1 1 1 1 1 1 1 1 1 1 1 1 1 1 1 1 1 1 1 1 1 1 1 1 1 1 1 1 1 1 1 1 1 1 1 1 1 1 1 1 1 1 1 1 1 1 1 1 1 1 1 1 1 1 1 1 1 1 1 1 1 1 1 1 1 1 1 1 1 1 1 1 1 1 1 1 1 1 1 1 1 1 1 1 1 1 1 1 1 1 1 1 1 1 1 1 1 1 1 1 1 1 1 1 1 1 1 1 1 1 1 1 1 1 1 1 1 1 1 1 1 1 1 1 1 1 1 1 1 1 1 1 1 1 1 1 1 1 1 1 1 1 1 1 1 1 1 1 1 1 1 1 1 1 1 1 1 1 1 1 1 1 1 1 1 1 1 1 1 1 1 1 1 1 1 1 1 1 1 1 1 1 1 1 1 1 1 1 1 1 1 1 1 1 1 1 1 1 1 1 1 1 1 1 1 1 1 1 1 1 1 1 1 1 1 1 1 1 1 1 1 1 1 1 1 1 1 1 1 1 1 1 1 1 1 1 1 1 1 1 1 1 1 1 1 1 1 1 1 1 1 1 1 1 1 1 1 1 1 1 1 1 1 1 1 1 1 1 1 1 1 1 1 1 1 1 1 1 1 1 1 1 1 1 1 1 1 1 1 1 1 1 1 1 1 1 1 1 1 1 1 1 1 1 1 1 1 1 1 1 1 1 1 1 1 1 1 1 1 1 1 1 1 1 1 1 1 1 1 1 1 1 1 1 1 1 1 1 1 1 1 1 1 1 1 1 1 1 1 1 1 1 1 1 1 1 1 1 1 1 1 1 1 1 1 1 1 1 1 1 1 1 1 1 1 1 1 1 1 1 1 1 1 1 1 1 1 1 1 1 1 1 1 1 1 1 1 1 1 1 1 1 1 1 1 1 1 1 1 1 1 1 1 1 1 1 1 1 1 1 1 1 1 1 1 1 1 1 1 1 1 1 1 1 1 1 1 1 1 1 1 1 1 1 1 1 1 1 1 1 1 1 1 1 1 1 1 1 1 1 1 1 1 1 1 1 1 1 1 1 1 1 1 1 1 1 1 1 1 1 1 1 1 1 1 1 1 1 1 1 1 1 1 1 1 1 1 1 1 1 1 1 1 1 1 1 1 1 1 1 1 1 1 1 1 1 1 1 1 1 1 1 1 1 1 1 1 1 1 1 1 1 1 1 1 1 1 1 1 1 1 1 1 1 1 1 1 1 1 1 1 1 1 1 1 1 1 1 1 1 1 1 1 1 1 1 1 1 1 1 1 1 1 1 1 1 1 1 1 1 1 1 1 1 1 1 1 1 1 1 1 1 1 1 1 1 1 1 1 1 1 1 1 1 1 1 1 1 1 1 1 1 1 1 1 1 1 1 1 1 1 1 1 1 1 1 1 1 1 1 1 1 1 1 1 1 1 1 1 1 1 1 1 1 1 1 1 1 1 1 1 1 1 1 1 1 1 1 1 1 1 1 1 1 1 1 1 1 1 1 1 1 1 1 1 1 1 1 1 1 1 1 1 1 1 1 1 1 1 1 1 1 1 1 1 1 1 1 1 1 1 1 1 1 1 1 1 1 1 1 1 1 1 1 1 1 1 1 1 1 1 1 1 1 1 1 1 1 1 1 1 1 1 1 1 1 1 1 1 1 1 1 1 1 1 1 1 1 1 1 1 1 1 1 1 1 1 1 1 1 1 1 1 1 1 1 1 1 1 1 1 1 1 1 1 1 1 1 1 1 1 1 1 1 1 1 1 1 1 1 1 1 1 1 1 1 1 1 1 1 1 1 1 1 1 1 1 1 1 1 1 1 1 1 1 1 1 1 1 1 1 1 1 1 1 1 1 1 1 1 1 1 1 1 1 1 1 1 1 1 1 1 1 1 1 1 1 1 1 1 1 1 1 1 1 1 1 1 1 1 1 1 1 1 1 1 1 1 1 1 1 1 1 1 1 1 1 1 1 1 1 1 1 1 1 1 1 1 1 1 1 1 1 1 1 1 1 1 1 1 1 1 1 1 1 1 1 1 1 1 1 1 1 1 1 1 1 1 1 1 1 1 1 1 1 1 1 1 1 1 1 1 1 1 1 1 1 1 1 1 1 1 1 1 1 1 1 1 1 1 1 1 1 1 1 1 1 1 1 1 1 1 1 1 1 1 1 1 1 1 1 1 1 1 1 1 1 1 1 1 1 1 1 1 1 1 1 1 1 1 1 1 1 1 1 1 1 1 1 1 1 1 1 1 1 1 1 1 1 1 1 1 1 1 1 1 1 1 1 1 1 1 1 1 1 1 1 1 1 1 1 1 1 1 1 1 1 1 1 1 1 1 1 1 1 1 1 1 1 1 1 1 1 1 1 1 1 1 1 1 1 1 1 1 1 1 1 1 1 1 1 1 1 1 1 1 1 1 1 1 1 1 1 1 1 1 1 1 1 1 1 1 1 1 1 1 1 1 1 1 1 1 1 1 1 1 1 1 1 1 1 1 1 1 1 1 1 1 1 1 1 1 1 1 1 1 1 1 1 1 1 1 1 1 1 1 1 1 1 1 1 1 1 1 1 1 1 1 1 1 1 1 1 1 1 1 1 1 1 1 1 1 1 1 1 1 1 1 1 1 1 1 1 1 1 1 1 1 1 1 1 1 1 1 1 1 1 1 1 1 1 1 1 1 1 1 1 1 1 1 1 1 1 1 1 1 1 1 1 1 1 1 1 1 1 1 1 1 1 1 1 1 1 1 1 1 1 1 1 1 1 1 1 1 1 1 1 1 1 1 1 1 1 1 1 1 1 1 1 1 1 1 1 1 1 1 1 1 1 1 1 1 1 1 1 1 1 1 1 1 1 1 1 1 1 1 1 1 1 1 1 1 1 1 1 1 1 1 1 1 1 1 1 1 1 1 1 1 1 1 1 1 1 1 1 1 1 1 1 1 1 1 1 1 1 1 1 1 1 1 1 1 1 1 1 1 1 1 1 1 1 1 1 1 1 1 1 1 1 1 1 1 1 1 1 1 1 1 1 1 1 1 1 1 1 1 1 1 1 1 1 1 1 1 1 1 1 1 1 1 1 1 1 1 1 1 1 1 1 1 1 1 1 1 1 1 1 1 1 1 1 1 1 1 1 1 1 1 1 1 1 1 1 1 1 1 1 1 1 1 1 1 1 1 1 1 1 1 1 1 1 1 1 1 1 1 1 1 1 1 1 1 1 1 1 1 1 1 1 1 1 1 1 1 1 1 1 1 1 1 1 1 1 1 1 1 1 1 1 1 1 1 1 1 1 1 1 1 1 1 1 1 1 1 1 1 1 1 1 1 1 1 1 1 1 1 1 1 1 1 1 1 1 1 1 1 1 1 1 1 1 1 1 1 1 1 1 1 1 1 1 1 1 1 1 1 1 1 1 1 1 1 1 1 1 1 1 1 1 1 1 1 1 1 1 1 1 1 1 1 1 1 1 1 1 1 1 1 1 1 1 1 1 1 1 1 1 1 1 1 1 1 1 1 1 1 1 1 1 1 1 1 1 1 1 1 1 1 1 1 1 1 1 1 1 1 1 1 1 1 1 1 1 1 1 1 1 1 1 1 1 1 1 1 1 1 1 1 1 1 1 1 1 1 1 1 1 1 1 1 1 1 1 1 1 1 1 1 1 1 1 1 1 1 1 1 1 1 1 1 1 1 1 1 1 1 1 1 1 1 1 1 1 1 1 1 1 1 1 1 1 1 1 1 1 1 1 1 1 1 1 1 1 1 1 1 1 1 1 1 1 1 1 1 1 1 1 1 1 1 1 1 1 1 1 1 1 1 1 1 1 1 1 1 1 1 1 1 1 1 1 1 1 1 1 1 1 1 1 1 1 1 1 1 1 1 1 1 1 1 1 1 1 1 1 1 1 1 1 1 1 1 1 1 1 1 1 1 1 1 1 1 1 1 1 1 1 1 1 1 1 1 1 1 1 1 1 1 1 1 1 1 1 1 1 1 1 1 1 1 1 1 1 1 1 1 1 1 1 1 1 1 1 1 1 1 1 1 1 1 1 1 1 1 1 1 1 1 1 1 1 1 1 1 1 1 1 1 1 1 1 1 1 1 1 1 1 1 1 1 1 1 1 1 1 1 1 1 1 1 1 1 1 1 1 1 1 1 1 1 1 1 1 1 1 1 1 1 1 1 1 1 1 1 1 1 1 1 1 1 1 1 1 1 1 1 1 1 1 1 1 1 1 1 1 1 1 1 1 1 1 1 1 1 1 1 1 1 1 1 1 1 1 1 1 1 1 1 1 1 1 1 1 1 1 1 1 1 1 1 1 1 1 1 1 1 1 1 1 1 1 1 1 1 1 1 1 1 1 1 1 1 1 1 1 1 1 1 1 1 1 1 1 1 1 1 1 1 1 1 1 1 1 1 1 1 1 1 1 1 1 1 1 1 1 1 1 1 1 1 1 1 1 1 1 1 1 1 1 1 1 1 1 1 1 1 1 1 1 1 1 1 1 1 1 1 1 1 1 1 1 1 1 1 1 1 1 1 1 1 1 1 1 1 1 1 1 1 1 1 1 1 1 1 1 1 1 1 1 1 1 1 1 1 1 1 1 1 1 1 1 1 1 1 1 1 1 1 1 1 1 1 1 1 1 1 1 1 1 1 1 1 1 1 1 1 1 1 1 1 1 1 1 1 1 1 1 1 1 1 1 1 1 1 1 1 1 1 1 1 1 1 1 1 1 1 1 1 1 1 1 1 1 1 1 1 1 1 1 1 1 1 1 1 1 1 1 1 1 1 1 1 1 1 1 1 1 1 1 1 1 1 1 1 1 1 1 1 1 1 1 1 1 1 1 1 1 1 1 1 1 1 1 1 1 1 1 1 1 1 1 1 1 1 1 1 1 1 1 1 1 1 1 1 1 1 1 1 1 1 1 1 1 1 1 1 1 1 1 1 1 1 1 1 1 1 1 1 1 1 1 1 1 1 1 1 1 1 1 1 1 1 1 1 1 1 1 1 1 1 1 1 1 1 1 1 1 1 1 1 1 1 1 1 1 1 1 1 1 1 1 1 1 1 1 1 1 1 1 1 1 1 1 1 1 1 1 1 1 1 1 1 1 1 1 1 1 1 1 1 1 1 1 1 1 1 1 1 1 1 1 1 1 1 1 1 1 1 1 1 1 1 1 1 1 1 1 1 1 1 1 1 1 1 1 1 1 1 1 1 1 1 1 1 1 1 1 1 1 1 1 1 1 1 1 1 1 1 1 1 1 1 1 1 1 1 1 1 1 1 1 1 1 1 1 1 1 1 1 1 1 1 1 1 1 1 1 1 1 1 1 1 1 1 1 1 1 1 1 1 1 1 1 1 1 1 1 1 1 1 1 1 1 1 1 1 1 1 1 1 1 1 1 1 1 1 1 1 1 1 1 1 1 1 1 1 1 1 1 1 1 1 1 1 1 1 1 1 1 1 1 1 1 1 1 1 1 1 1 1 1 1 1 1 1 1 1 1 1 1 1 1 1 1 1 1 1 1 1 1 1 1 1 1 1 1 1 1 1 1 1 1 1 1 1 1 1 1 1 1 1 1 1 1 1 1 1 1 1 1 1 1 1 1 1 1 1 1 1 1 1 1 1 1 1 1 1 1 1 1 1 1 1 1 1 1 1 1 1 1 1 1 1 1 1 1 1 1 1 1 1 1 1 1 1 1 1 1 1 1 1 1 1 1 1 1 1 1 1 1 1 1 1 1 1 1 1 1 1 1 1 1 1 1 1 1 1 1 1 1 1 1 1 1 1 1 1 1 1 1 1 1 1 1 1 1 1 1 1 1 1 1 1 1 1 1 1 1 1 1 1 1 1 1 1 1 1 1 1 1 1 1 1 1 1 1 1 1 1 1 1 1 1 1 1 1 1 1 1 1 1 1 1 1 1 1 1 1 1 1 1 1 1 1 1 1 1 1 1 1 1 1 1 1 1 1 1 1 1 1 1 1 1 1 1 1 1 1 1 1 1 1 1 1 1 1 1 1 1 1 1 1 1 1 1 1 1 1 1 1 1 1 1 1 1 1 1 1 1 1 1 1 1 1 1 1 1 1 1 1 1 1 1 1 1 1 1 1 1 1 1 1 1 1 1 1 1 1 1 1 1 1 1 1 1 1 1 1 1 1 1 1 1 1 1 1 1 1 1 1 1 1 1 1 1 1 1 1 1 1 1 1 1 1 1 1 1 1 1 1 1 1 1 1 1 1 1 1 1 1 1 1 1 1 1 1 1 1 1 1 1 1 1 1 1 1 1 1 1 1 1 1 1 1 1 1 1 1 1 1 1 1 1 1 1 1 1 1 1 1 1 1 1 1 1 1 1 1 1 1 1 1 1 1 1 1 1 1 1 1 1 1 1 1 1 1 1 1 1 1 1 1 1 1 1 1 1 1 1 1 1 1 1 1 1 1 1 1 1 1 1 1 1 1 1 1 1 1 1 1 1 1 1 1 1 1 1 1 1 1 1 1 1 1 1 1 1 1 1 1 1 1 1 1 1 1 1 1 1 1 1 1 1 1 1 1 1 1 1 1 1 1 1 1 1 1 1 1 1 1 1 1 1 1 1 1 1 1 1 1 1 1 1 1 1 1 1 1 1 1 1 1 1 1 1 1 1 1 1 1 1 1 1 1 1 1 1 1 1 1 1 1 1 1 1 1 1 1 1 1 1 1 1 1 1 1 1 1 1 1 1 1 1 1 1 1 1 1 1 1 1 1 1 1 1 1 1 1 1 1 1 1 1 1 1 1 1 1 1 1 1 1 1 1 1 1 1 1 1 1 1 1 1 1 1 1 1 1 1 1 1 1 1 1 1 1 1 1 1 1 1 1 1 1 1 1 1 1 1 1 1 1 1 1 1 1 1 1 1 1 1 1 1 1 1 1 1 1 1 1 1 1 1 1 1 1 1 1 1 1 1 1 1 1 1 1 1 1 1 1 1 1 1 1 1 1 1 1 1 1 1 1 1 1 1 1 1 1 1 1 1 1 1 1 1 1 1 1 1 1 1 1 1 1 1 1 1 1 1 1 1 1 1 1 1 1 1 1 1 1 1 1 1 1 1 1 1 1 1 1 1 1 1 1 1 1 1 1 1 1 1 1 1 1 1 1 1 1 1 1 1 1 1 1 1 1 1 1 1 1 1 1 1 1 1 1 1 1 1 1 1 1 1 1 1 1 1 1 1 1 1 1 1 1 1 1 1 1 1 1 1 1 1 1 1 1 1 1 1 1 1 1 1 1 1 1 1 1 1 1 1 1 1 1 1 1 1 1 1 1 1 1 1 1 1 1 1 1 1 1 1 1 1 1 1 1 1 1 1 1 1 1 1 1 1 1 1 1 1 1 1 1 1 1 1 1 1 1 1 1 1 1 1 1 1 1 1 1 1 1 1 1 1 1 1 1 1 1 1 1 1 1 1 1 1 1 1 1 1 1 1 1 1 1 1 1 1 1 1 1 1 1 1 1 1 1 1 1 1 1 1 1 1 1 1 1 1 1 1 1 1 1 1 1 1 1 1 1 1 1 1 1 1 1 1 1 1 1 1 1 1 1 1 1 1 1 1 1 1 1 1 1 1 1 1 1 1 1 1 1 1 1 1 1 1 1 1 1 1 1 1 1 1 1 1 1 1 1 1 1 1 1 1 1 1 1 1 1 1 1 1 1 1 1 1 1 1 1 1 1 1 1 1 1 1 1 1 1 1 1 1 1 1 1 1 1 1 1 1 1 1 1 1 1 1 1 1 1 1 1 1 1 1 1 1 1 1 1 1 1 1 1 1 1 1 1 1 1 1 1 1 1 1 1 1 1 1 1 1 1 1 1 1 1 1 1 1 1 1 1 1 1 1 1 1 1 1 1 1 1 1 1 1 1 1 1 1 1 1 1 1 1 1 1 1 1 1 1 1 1 1 1 1 1 1 1 1 1 1 1 1 1 1 1 1 1 1 1 1 1 1 1 1 1 1 1 1 1 1 1 1 1 1 1 1 1 1 1 1 1 1 1 1 1 1 1 1 1 1 1 1 1 1 1 1 1 1 1 1 1 1 1 1 1 1 1 1 1 1 1 1 1 1 1 1 1 1 1 1 1 1 1 1 1 1 1 1 1 1 1 1 1 1 1 1 1 1 1 1 1 1 1 1 1 1 1 1 1 1 1 1 1 1 1 1 1 1 1 1 1 1 1 1 1 1 1 1 1 1 1 1 1 1 1 1 1 1 1 1 1 1 1 1 1 1 1 1 1 1 1 1 1 1 1 1 1 1 1 1 1 1 1 1 1 1 1 1 1 1 1 1 1 1 1 1 1 1 1 1 1 1 1 1 1 1 1 1 1 1 1 1 1 1 1 1 1 1 1 1 1 1 1 1 1 1 1 1 1 1 1 1 1 1 1 1 1 1 1 1 1 1 1 1 1 1 1 1 1 1 1 1 1 1 1 1 1 1 1 1 1 1 1 1 1 1 1 1 1 1 1 1 1 1 1 1 1 1 1 1 1 1 1 1 1 1 1 1 1 1 1 1 1 1 1 1 1 1 1 1 1 1 1 1 1 1 1 1 1 1 1 1 1 1 1 1 1 1 1 1 1 1 1 1 1 1 1 1 1 1 1 1 1 1 1 1 1 1 1 1 1 1 1 1 1 1 1 1 1 1 1 1 1 1 1 1 1 1 1 1 1 1 1 1 1 1 1 1 1 1 1 1 1 1 1 1 1 1 1 1 1 1 1 1 1 1 1 1 1 1 1 1 1 1 1 1 1 1 1 1 1 1 1 1 1 1 1 1 1 1 1 1 1 1 1 1 1 1 1 1 1 1 1 1 1 1 1 1 1 1 1 1 1 1 1 1 1 1 1 1 1 1 1 1 1 1 1 1 1 1 1 1 1 1 1 1 1 1 1 1 1 1 1 1 1 1 1 1 1 1 1 1 1 1 1 1 1 1 1 1 1 1 1 1 1 1 1 1 1 1 1 1 1 1 1 1 1 1 1 1 1 1 1 1 1 1 1 1 1 1 1 1 1 1 1 1 1 1 1 1 1 1 1 1 1 1 1 1 1 1 1 1 1 1 1 1 1 1 1 1 1 1 1 1 1 1 1 1 1 1 1 1 1 1 1 1 1 1 1 1 1 1 1 1 1 1 1 1 1 1 1 1 1 1 1 1 1 1 1 1 1 1 1 1 1 1 1 1 1 1 1 1 1 1 1 1 1 1 1 1 1 1 1 1 1 1 1 1 1 1 1 1 1 1 1 1 1 1 1 1 1 1 1 1 1 1 1 1 1 1 1 1 1 1 1 1 1 1 1 1 1 1 1 1 1 1 1 1 1 1 1 1 1 1 1 1 1 1 1 1 1 1 1 1 1 1 1 1 1 1 1 1 1 1 1 1 1 1 1 1 1 1 1 1 1 1 1 1 1 1 1 1 1 1 1 1 1 1 1 1 1 1 1 1 1 1 1 1 1 1 1 1 1 1 1 1 1 1 1 1 1 1 1 1 1 1 1 1 1 1 1 1 1 1 1 1 1 1 1 1 1 1 1 1 1 1 1 1 1 1 1 1 1 1 1 1 1 1 1 1 1 1 1 1 1 1 1 1 1 1 1 1 1 1 1 1 1 1 1 1 1 1 1 1 1 1 1 1 1 1 1 1 1 1 1 1 1 1 1 1 1 1 1 1 1 1 1 1 1 1 1 1 1 1 1 1 1 1 1 1 1 1 1 1 1 1 1 1 1 1 1 1 1 1 1 1 1 1 1 1 1 1 1 1 1 1 1 1 1 1 1 1 1 1 1 1 1 1 1 1 1 1 1 1 1 1 1 1 1 1 1 1 1 1 1 1 1 1 1 1 1 1 1 1 1 1 1 1 1 1 1 1 1 1 1 1 1 1 1 1 1 1 1 1 1 1 1 1 1 1 1 1 1 1 1 1 1 1 1 1 1 1 1 1 1 1 1 1 1 1 1 1 1 1 1 1 1 1 1 1 1 1 1 1 1 1 1 1 1 1 1 1 1 1 1 1 1 1 1 1 1 1 1 1 1 1 1 1 1 1 1 1 1 1 1 1 1 1 1 1 1 1 1 1 1 1 1 1 1 1 1 1 1 1 1 1 1 1 1 1 1 1 1 1 1 1 1 1 1 1 1 1 1 1 1 1 1 1 1 1 1 1 1 1 1 1 1 1 1 1 1 1 1 1 1 1 1 1 1 1 1 1 1 1 1 1 1 1 1 1 1 1 1 1 1 1 1 1 1 1 1 1 1 1 1 1 1 1 1 1 1 1 1 1 1 1 1 1 1 1 1 1 1 1 1 1 1 1 1 1 1 1 1 1 1 1 1 1 1 1 1 1 1 1 1 1 1 1 1 1 1 1 1 1 1 1 1 1 1 1 1 1 1 1 1 1 1 1 1 1 1 1 1 1 1 1 1 1 1 1 1 1 1 1 1 1 1 1 1 1 1 1 1 1 1 1 1 1 1 1 1 1 1 1 1 1 1 1 1 1 1 1 1 1 1 1 1 1 1 1 1 1 1 1 1 1 1 1 1 1 1 1 1 1 1 1 1 1 1 1 1 1 1 1 1 1 1 1 1 1 1 1 1 1 1 1 1 1 1 1 1 1 1 1 1 1 1 1 1 1 1 1 1 1 1 1 1 1 1 1 1 1 1 1 1 1 1 1 1 1 1 1 1 1 1 1 1 1 1 1 1 1 1 1 1 1 1 1 1 1 1 1 1 1 1 1 1 1 1 1 1 1 1 1 1 1 1 1 1 1 1 1 1 1 1 1 1 1 1 1 1 1 1 1 1 1 1 1 1 1 1 1 1 1 1 1 1 1 1 1 1 1 1 1 1 1 1 1 1 1 1 1 1 1 1 1 1 1 1 1 1 1 1 1 1 1 1 1 1 1 1 1 1 1 1 1 1 1 1 1 1 1 1 1 1 1 1 1 1 1 1 1 1 1 1 1 1 1 1 1 1 1 1 1 1 1 1 1 1 1 1 1 1 1 1 1 1 1 1 1 1 1 1 1 1 1 1 1 1 1 1 1 1 1 1 1 1 1 1 1 1 1 1 1 1 1 1 1 1 1 1 1 1 1 1 1 1 1 1 1 1 1 1 1 1 1 1 1 1 1 1 1 1 1 1 1 1 1 1 1 1 1 1 1 1 1 1 1 1 1 1 1 1 1 1 1 1 1 1 1 1 1 1 1 1 1 1 1 1 1 1 1 1 1 1 1 1 1 1 1 1 1 1 1 1 1 1 1 1 1 1 1 1 1 1 1 1 1 1 1 1 1 1 1 1 1 1 1 1 1 1 1 1 1 1 1 1 1 1 1 1 1 1 1 1 1 1 1 1 1 1 1 1 1 1 1 1 1 1 1 1 1 1 1 1 1 1 1 1 1 1 1 1 1 1 1 1 1 1 1 1 1 1 1 1 1 1 1 1 1 1 1 1 1 1 1 1 1 1 1 1 1 1 1 1 1 1 1 1 1 1 1 1 1 1 1 1 1 1 1 1 1 1 1 1 1 1 1 1 1 1 1 1 1 1 1 1 1 1 1 1 1 1 1 1 1 1 1 1 1 1 1 1 1 1 1 1 1 1 1 1 1 1 1 1 1 1 1 1 1 1 1 1 1 1 1 1 1 1 1 1 1 1 1 1 1 1 1 1 1 1 1 1 1 1 1 1 1 1 1 1 1 1 1 1 1 1 1 1 1 1 1 1 1 1 1 1 1 1 1 1 1 1 1 1 1 1 1 1 1 1 1 1 1 1 1 1 1 1 1 1 1 1 1 1 1 1 1 1 1 1 1 1 1 1 1 1 1 1 1 1 1 1 1 1 1 1 1 1 1 1 1 1 1 1 1 1 1 1 1 1 1 1 1 1 1 1 1 1 1 1 1 1 1 1 1 1 1 1 1 1 1 1 1 1 1 1 1 1 1 1 1 1 1 1 1 1 1 1 1 1 1 1 1 1 1 1 1 1 1 1 1 1 1 1 1 1 1 1 1 1 1 1 1 1 1 1 1 1 1 1 1 1 1 1 1 1 1 1 1 1 1 1 1 1 1 1 1 1 1 1 1 1 1 1 1 1 1 1 1 1 1 1 1 1 1 1 1 1 1 1 1 1 1 1 1 1 1 1 1 1 1 1 1 1 1 1 1 1 1 1 1 1 1 1 1 1 1 1 1 1 1 1 1 1 1 1 1 1 1 1 1 1 1 1 1 1 1 1 1 1 1 1 1 1 1 1 1 1 1 1 1 1 1 1 1 1 1 1 1 1 1 1 1 1 1 1 1 1 1 1 1 1 1 1 1 1 1 1 1 1 1 1 1 1 1 1 1 1 1 1 1 1 1 1 1 1 1 1 1 1 1 1 1 1 1 1 1 1 1 1 1 1 1 1 1 1 1 1 1 1 1 1 1 1 1 1 1 1 1 1 1 1 1 1 1 1 1 1 1 1 1 1 1 1 1 1 1 1 1 1 1 1 1 1 1 1 1 1 1 1 1 1 1 1 1 1 1 1 1 1 1 1 1 1 1 1 1 1 1 1 1 1 1 1 1 1 1 1 1 1 1 1 1 1 1 1 1 1 1 1 1 1 1 1 1 1 1 1 1 1 1 1 1 1 1 1 1 1 1 1 1 1 1 1 1 1 1 1 1 1 1 1 1 1 1 1 1 1 1 1 1 1 1 1 1 1 1 1 1 1 1 1 1 1 1 1 1 1 1 1 1 1 1 1 1 1 1 1 1 1 1 1 1 1 1 1 1 1 1 1 1 1 1 1 1 1 1 1 1 1 1 1 1 1 1 1 1 1 1 1 1 1 1 1 1 1 1 1 1 1 1 1 1 1 1 1 1 1 1 1 1 1 1 1 1 1 1 1 1 1 1 1 1 1 1 1 1 1 1 1 1 1 1 1 1 1 1 1 1 1 1 1 1 1 1 1 1 1 1 1 1 1 1 1 1 1 1 1 1 1 1 1 1 1 1 1 1 1 1 1 1 1 1 1 1 1 1 1 1 1 1 1 1 1 1 1 1 1 1 1 1 1 1 1 1 1 1 1 1 1 1 1 1 1 1 1 1 1 1 1 1 1 1 1 1 1 1 1 1 1 1 1 1 1 1 1 1 1 1 1 1 1 1 1 1 1 1 1 1 1 1 1 1 1 1 1 1 1 1 1 1 1 1 1 1 1 1 1 1 1 1 1 1 1 1 1 1 1 1 1 1 1 1 1 1 1 1 1 1 1 1 1 1 1 1 1 1 1 1 1 1 1 1 1 1 1 1 1 1 1 1 1 1 1 1 1 1 1 1 1 1 1 1 1 1 1 1 1 1 1 1 1 1 1 1 1 1 1 1 1 1 1 1 1 1 1 1 1 1 1 1 1 1 1 1 1 1 1 1 1 1 1 1 1 1 1 1 1 1 1 1 1 1 1 1 1 1 1 1 1 1 1 1 1 1 1 1 1 1 1 1 1 1 1 1 1 1 1 1 1 1 1 1 1 1 1 1 1 1 1 1 1 1 1 1 1 1 1 1 1 1 1 1 1 1 1 1 1 1 1 1 1 1 1 1 1 1 1 1 1 1 1 1 1 1 1 1 1 1 1 1 1 1 1 1 1 1 1 1 1 1 1 1 1 1 1 1 1 1 1 1 1 1 1 1 1 1 1 1 1 1 1 1 1 1 1 1 1 1 1 1 1 1 1 1 1 1 1 1 1 1 1 1 1 1 1 1 1 1 1 1 1 1 1 1 1 1 1 1 1 1 1 1 1 1 1 1 1 1 1 1 1 1 1 1 1 1 1 1 1 1 1 1 1 1 1 1 1 1 1 1 1 1 1 1 1 1 1 1 1 1 1 1 1 1 1 1 1 1 1 1 1 1 1 1 1 1 1 1 1 1 1 1 1 1 1 1 1 1 1 1 1 1 1 1 1 1 1 1 1 1 1 1 1 1 1 1 1 1 1 1 1 1 1 1 1 1 1 1 1 1 1 1 1 1 1 1 1 1 1 1 1 1 1 1 1 1 1 1 1 1 1 1 1 1 1 1 1 1 1 1 1 1 1 1 1 1 1 1 1 1 1 1 1 1 1 1 1 1 1 1 1 1 1 1 1 1 1 1 1 1 1 1 1 1 1 1 1 1 1 1 1 1 1 1 1 1 1 1 1 1 1 1 1 1 1 1 1 1 1 1 1 1 1 1 1 1 1 1 1 1 1 1 1 1 1 1 1 1 1 1 1 1 1 1 1 1 1 1 1 1 1 1 1 1 1 1 1 1 1 1 1 1 1 1 1 1 1 1 1 1 1 1 1 1 1 1 1 1 1 1 1 1 1 1 1 1 1 1 1 1 1 1 1 1 1 1 1 1 1 1 1 1 1 1 1 1 1 1 1 1 1 1 1 1 1 1 1 1 1 1 1 1 1 1 1 1 1 1 1 1 1 1 1 1 1 1 1 1 1 1 1 1 1 1 1 1 1 1 1 1 1 1 1 1 1 1 1 1 1 1 1 1 1 1 1 1 1 1 1 1 1 1 1 1 1 1 1 1 1 1 1 1 1 1 1 1 1 1 1 1 1 1 1 1 1 1 1 1 1 1 1 1 1 1 1 1 1 1 1 1 1 1 1 1 1 1 1 1 1 1 1 1 1 1 1 1 1 1 1 1 1 1 1 1 1 1 1 1 1 1 1 1 1 1 1 1 1 1 1 1 1 1 1 1 1 1 1 1 1 1 1 1 1 1 1 1 1 1 1 1 1 1 1 1 1 1 1 1 1 1 1 1 1 1 1 1 1 1 1 1 1 1 1 1 1 1 1 1 1 1 1 1 1 1 1 1 1 1 1 1 1 1 1 1 1 1 1 1 1 1 1 1 1 1 1 1 1 1 1 1 1 1 1 1 1 1 1 1 1 1 1 1 1 1 1 1 1 1 1 1 1 1 1 1 1 1 1 1 1 1 1 1 1 1 1 1 1 1 1 1 1 1 1 1 1 1 1 1 1 1 1 1 1 1 1 1 1 1 1 1 1 1 1 1 1 1 1 1 1 1 1 1 1 1 1 1 1 1 1 1 1 1 1 1 1 1 1 1 1 1 1 1 1 1 1 1 1 1 1 1 1 1 1 1 1 1 1 1 1 1 1 1 1 1 1 1 1 1 1 1 1 1 1 1 1 1 1 1 1 1 1 1 1 1 1 1 1 1 1 1 1 1 1 1 1 1 1 1 1 1 1 1 1 1 1 1 1 1 1 1 1 1 1 1 1 1 1 1 1 1 1 1 1 1 1 1 1 1 1 1 1 1 1 1 1 1 1 1 1 1 1 1 1 1 1 1 1 1 1 1 1 1 1 1 1 1 1 1 1 1 1 1 1 1 1 1 1 1 1 1 1 1 1 1 1 1 1 1 1 1 1 1 1 1 1 1 1 1 1 1 1 1 1 1 1 1 1 1 1 1 1 1 1 1 1 1 1 1 1 1 1 1 1 1 1 1 1 1 1 1 1 1 1 1 1 1 1 1 1 1 1 1 1 1 1 1 1 1 1 1 1 1 1 1 1 1 1 1 1 1 1 1 1 1 1 1 1 1 1 1 1 1 1 1 1 1 1 1 1 1 1 1 1 1 1 1 1 1 1 1 1 1 1 1 1 1 1 1 1 1 1 1 1 1 1 1 1 1 1 1 1 1 1 1 1 1 1 1 1 1 1 1 1 1 1 1 1 1 1 1 1 1 1 1 1 1 1 1 1 1 1 1 1 1 1 1 1 1 1 1 1 1 1 1 1 1 1 1 1 1 1 1 1 1 1 1 1 1 1 1 1 1 1 1 1 1 1 1 1 1 1 1 1 1 1 1 1 1 1 1 1 1 1 1 1 1 1 1 1 1 1 1 1 1 1 1 1 1 1 1 1 1 1 1 1 1 1 1 1 1 1 1 1 1 1 1 1 1 1 1 1 1 1 1 1 1 1 1 1 1 1 1 1 1 1 1 1 1 1 1 1 1 1 1 1 1 1 1 1 1 1 1 1 1 1 1 1 1 1 1 1 1 1 1 1 1 1 1 1 1 1 1 1 1 1 1 1 1 1 1 1 1 1 1 1 1 1 1 1 1 1 1 1 1 1 1 1 1 1 1 1 1 1 1 1 1 1 1 1 1 1 1 1 1 1 1 1 1 1 1 1 1 1 1 1 1 1 1 1 1 1 1 1 1 1 1 1 1 1 1 1 1 1 1 1 1 1 1 1 1 1 1 1 1 1 1 1 1 1 1 1 1 1 1 1 1 1 1 1 1 1 1 1 1 1 1 1 1 1 1 1 1 1 1 1 1 1 1 1 1 1 1 1 1 1 1 1 1 1 1 1 1 1 1 1 1 1 1 1 1 1 1 1 1 1 1 1 1 1 1 1 1 1 1 1 1 1 1 1 1 1 1 1 1 1 1 1 1 1 1 1 1 1 1 1 1 1 1 1 1 1 1 1 1 1 1 1 1 1 1 1 1 1 1 1 1 1 1 1 1 1 1 1 1 1 1 1 1 1 1 1 1 1 1 1 1 1 1 1 1 1 1 1 1 1 1 1 1 1 1 1 1 1 1 1 1 1 1 1 1 1 1 1 1 1 1 1 1 1 1 1 1 1 1 1 1 1 1 1 1 1 1 1 1 1 1 1 1 1 1 1 1 1 1 1 1 1 1 1 1 1 1 1 1 1 1 1 1 1 1 1 1 1 1 1 1 1 1 1 1 1 1 1 1 1 1 1 1 1 1 1 1 1 1 1 1 1 1 1 1 1 1 1 1 1 1 1 1 1 1 1 1 1 1 1 1 1 1 1 1 1 1 1 1 1 1 1 1 1 1 1 1 1 1 1 1 1 1 1 1 1 1 1 1 1 1 1 1 1 1 1 1 1 1 1 1 1 1 1 1 1 1 1 1 1 1 1 1 1 1 1 1 1 1 1 1 1 1 1 1 1 1 1 1 1 1 1 1 1 1 1 1 1 1 1 1 1 1 1 1 1 1 1 1 1 1 1 1 1 1 1 1 1 1 1 1 1 1 1 1 1 1 1 1 1 1 1 1 1 1 1 1 1 1 1 1 1 1 1 1 1 1 1 1 1 1 1 1 1 1 1 1 1 1 1 1 1 1 1 1 1 1 1 1 1 1 1 1 1 1 1 1 1 1 1 1 1 1 1 1 1 1 1 1 1 1 1 1 1 1 1 1 1 1 1 1 1 1 1 1 1 1 1 1 1 1 1 1 1 1 1 1 1 1 1 1 1 1 1 1 1 1 1 1 1 1 1 1 1 1 1 1 1 1 1 1 1 1 1 1 1 1 1 1 1 1 1 1 1 1 1 1 1 1 1 1 1 1 1 1 1 1 1 1 1 1 1 1 1 1 1 1 1 1 1 1 1 1 1 1 1 1 1 1 1 1 1 1 1 1 1 1 1 1 1 1 1 1 1 1 1 1 1 1 1 1 1 1 1 1 1 1 1 1 1 1 1 1 1 1 1 1 1 1 1 1 1 1 1 1 1 1 1 1 1 1 1 1 1 1 1 1 1 1 1 1 1 1 1 1 1 1 1 1 1 1 1 1 1 1 1 1 1 1 1 1 1 1 1 1 1 1 1 1 1 1 1 1 1 1 1 1 1 1 1 1 1 1 1 1 1 1 1 1 1 1 1 1 1 1 1 1 1 1 1 1 1 1 1 1 1 1 1 1 1 1 1 1 1 1 1 1 1 1 1 1 1 1 1 1 1 1 1 1 1 1 1 1 1 1 1 1 1 1 1 1 1 1 1 1 1 1 1 1 1 1 1 1 1 1 1 1 1 1 1 1 1 1 1 1 1 1 1 1 1 1 1 1 1 1 1 1 1 1 1 1 1 1 1 1 1 1 1 1 1 1 1 1 1 1 1 1 1 1 1 1 1 1 1 1 1 1 1 1 1 1 1 1 1 1 1 1 1 1 1 1 1 1 1 1 1 1 1 1 1 1 1 1 1 1 1 1 1 1 1 1 1 1 1 1 1 1 1 1 1 1 1 1 1 1 1 1 1 1 1 1 1 1 1 1 1 1 1 1 1 1 1 1 1 1 1 1 1 1 1 1 1 1 1 1 1 1 1 1 1 1 1 1 1 1 1 1 1 1 1 1 1 1 1 1 1 1 1 1 1 1 1 1 1 1 1 1 1 1 1 1 1 1 1 1 1 1 1 1 1 1 1 1 1 1 1 1 1 1 1 1 1 1 1 1 1 1 1 1 1 1 1 1 1 1 1 1 1 1 1 1 1 1 1 1 1 1 1 1 1 1 1 1 1 1 1 1 1 1 1 1 1 1 1 1 1 1 1 1 1 1 1 1 1 1 1 1 1 1 1 1 1 1 1 1 1 1 1 1 1 1 1 1 1 1 1 1 1 1 1 1 1 1 1 1 1 1 1 1 1 1 1 1 1 1 1 1 1 1 1 1 1 1 1 1 1 1 1 1 1 1 1 1 1 1 1 1 1 1 1 1 1 1 1 1 1 1 1 1 1 1 1 1 1 1 1 1 1 1 1 1 1 1 1 1 1 1 1 1 1 1 1 1 1 1 1 1 1 1 1 1 1 1 1 1 1 1 1 1 1 1 1 1 1 1 1 1 1 1 1 1 1 1 1 1 1 1 1 1 1 1 1 1 1 1 1 1 1 1 1 1 1 1 1 1 1 1 1 1 1 1 1 1 1 1 1 1 1 1 1 1 1 1 1 1 1 1 1 1 1 1 1 1 1 1 1 1 1 1 1 1 1 1 1 1 1 1 1 1 1 1 1 1 1 1 1 1 1 1 1 1 1 1 1 1 1 1 1 1 1 1 1 1 1 1 1 1 1 1 1 1 1 1 1 1 1 1 1 1 1 1 1 1 1 1 1 1 1 1 1 1 1 1 1 1 1 1 1 1 1 1 1 1 1 1 1 1 1 1 1 1 1 1 1 1 1 1 1 1 1 1 1 1 1 1 1 1 1 1 1 1 1 1 1 1 1 1 1 1 1 1 1 1 1 1 1 1 1 1 1 1 1 1 1 1 1 1 1 1 1 1 1 1 1 1 1 1 1 1 1 1 1 1 1 1 1 1 1 1 1 1 1 1 1 1 1 1 1 1 1 1 1 1 1 1 1 1 1 1 1 1 1 1 1 1 1 1 1 1 1 1 1 1 1 1 1 1 1 1 1 1 1 1 1 1 1 1 1 1 1 1 1 1 1 1 1 1 1 1 1 1 1 1 1 1 1 1 1 1 1 1 1 1 1 1 1 1 1 1 1 1 1 1 1 1 1 1 1 1 1 1 1 1 1 1 1 1 1 1 1 1 1 1 1 1 1 1 1 1 1 1 1 1 1 1 1 1 1 1 1 1 1 1 1 1 1 1 1 1 1 1 1 1 1 1 1 1 1 1 1 1 1 1 1 1 1</float_array>
          <technique_common>
            <accessor source="#Wheel_LOD200-mesh-colors-Attribute-array" count="2904" stride="4">
              <param name="R" type="float"/>
              <param name="G" type="float"/>
              <param name="B" type="float"/>
              <param name="A" type="float"/>
            </accessor>
          </technique_common>
        </source>
        <vertices id="Wheel_LOD200-mesh-vertices">
          <input semantic="POSITION" source="#Wheel_LOD200-mesh-positions"/>
        </vertices>
        <triangles material="Ratrod_Body-material" count="968">
          <input semantic="VERTEX" source="#Wheel_LOD200-mesh-vertices" offset="0"/>
          <input semantic="NORMAL" source="#Wheel_LOD200-mesh-normals" offset="1"/>
          <input semantic="TEXCOORD" source="#Wheel_LOD200-mesh-map-0" offset="2" set="0"/>
          <input semantic="COLOR" source="#Wheel_LOD200-mesh-colors-Attribute" offset="3" set="0"/>
          <p>11 0 0 0 13 1 1 1 251 2 2 2 36 3 3 3 38 4 4 4 275 5 5 5 7 6 6 6 21 7 7 7 259 8 8 8 48 9 9 9 49 10 10 10 286 11 11 11 16 12 12 12 24 13 13 13 264 14 14 14 278 15 15 15 40 16 16 16 41 17 17 17 6 18 18 18 17 19 19 19 5 20 20 20 26 21 21 21 34 22 22 22 271 23 23 23 142 24 24 24 63 25 25 25 60 26 26 26 143 27 27 27 63 25 28 28 142 24 29 29 147 28 30 30 92 29 31 31 138 30 32 32 138 30 33 33 92 29 34 34 91 31 35 35 147 28 36 36 97 32 37 37 92 29 38 38 144 33 39 39 75 34 40 40 143 27 41 41 150 35 42 42 125 36 43 43 120 37 44 44 140 38 45 45 125 36 46 46 150 35 47 47 74 39 48 48 75 34 49 49 76 40 50 50 79 41 51 51 80 42 52 52 81 43 53 53 93 44 54 54 92 29 55 55 101 45 56 56 99 46 57 57 98 47 58 58 106 48 59 59 116 49 60 60 115 50 61 61 119 51 62 62 121 52 63 63 120 37 64 64 123 53 65 65 87 54 66 66 86 55 67 67 104 56 68 68 126 57 69 69 125 36 70 70 132 58 71 71 155 59 72 72 142 24 73 73 154 60 74 74 158 61 75 75 136 62 76 76 157 63 77 77 153 64 78 78 141 65 79 79 152 66 80 80 163 67 81 81 143 27 82 82 156 68 83 83 166 69 84 84 138 30 85 85 165 70 86 86 174 71 87 87 148 72 88 88 173 73 89 89 167 74 90 90 147 28 91 91 169 75 92 92 176 76 93 93 149 77 94 94 175 78 95 95 178 79 96 96 150 35 97 97 177 80 98 98 179 81 99 99 150 35 100 100 178 79 101 101 170 82 102 102 145 83 103 103 164 84 104 104 151 85 105 105 139 86 106 106 180 87 107 107 182 88 108 108 140 38 109 109 181 89 110 110 235 90 111 111 205 91 112 112 204 92 113 113 223 93 114 114 191 94 115 115 195 95 116 116 20 96 117 117 223 97 118 118 15 98 119 119 42 99 120 120 238 100 121 121 237 101 122 122 39 102 123 123 236 103 124 124 235 104 125 125 39 102 126 126 235 104 127 127 37 105 128 128 23 106 129 129 226 107 130 130 225 108 131 131 20 96 132 132 224 109 133 133 223 97 134 134 18 110 135 135 222 111 136 136 221 112 137 137 275 5 138 138 273 113 139 139 36 3 140 140 256 114 141 141 5 20 142 142 19 115 143 143 283 116 144 144 281 117 145 145 46 118 146 146 260 119 147 147 259 8 148 148 22 120 149 149 286 11 150 150 285 121 151 151 48 9 152 152 269 122 153 153 1 123 154 154 32 124 155 155 254 125 156 156 253 126 157 157 16 12 158 158 277 127 159 159 275 5 160 160 40 16 161 161 291 128 162 162 288 129 163 163 2 130 164 164 257 131 165 165 264 14 166 166 7 6 167 167 376 132 168 168 310 133 169 169 387 134 170 170 387 134 171 171 343 135 172 172 378 136 173 173 349 137 174 174 380 138 175 175 389 139 176 176 354 140 177 177 381 141 178 178 380 138 179 179 359 142 180 180 390 143 181 181 381 141 182 182 364 144 183 183 383 145 184 184 390 143 185 185 300 146 186 186 299 147 187 187 298 148 188 188 305 149 189 189 302 150 190 190 303 151 191 191 315 152 192 192 314 153 193 193 316 154 194 194 320 155 195 195 319 156 196 196 321 157 197 197 326 158 198 198 310 133 199 199 311 159 200 200 330 160 201 201 331 161 202 202 339 162 203 203 343 135 204 204 342 163 205 205 329 164 206 206 349 137 207 207 350 165 208 208 353 166 209 209 336 167 210 210 337 168 211 211 345 169 212 212 354 140 213 213 355 170 214 214 358 171 215 215 359 142 216 216 360 172 217 217 362 173 218 218 293 174 219 219 369 175 220 220 368 176 221 221 364 144 222 222 365 177 223 223 371 178 224 224 393 179 225 225 375 180 226 226 394 181 227 227 395 182 228 228 385 183 229 229 396 184 230 230 376 132 231 231 398 185 232 232 397 186 233 233 399 187 234 234 386 188 235 235 400 189 236 236 401 190 237 237 377 191 238 238 402 192 239 239 379 193 240 240 408 194 241 241 407 195 242 242 406 196 243 243 388 197 244 244 409 198 245 245 389 139 246 246 413 199 247 247 412 200 248 248 380 138 249 249 415 201 250 250 414 202 251 251 381 141 252 252 417 203 253 253 416 204 254 254 408 194 255 255 379 193 256 256 411 205 257 257 403 206 258 258 386 188 259 259 399 187 260 260 390 143 261 261 419 207 262 262 418 208 263 263 387 134 264 264 410 209 265 265 404 210 266 266 382 211 267 267 391 212 268 268 420 213 269 269 383 145 270 270 422 214 271 271 421 215 272 272 0 216 273 273 34 22 274 274 27 217 275 275 5 20 276 276 17 19 277 277 19 115 278 278 281 117 279 279 44 218 280 280 46 118 281 281 259 8 282 282 21 7 283 283 22 120 284 284 288 129 285 285 49 10 286 286 50 219 287 287 30 220 288 288 270 221 289 289 33 222 290 290 51 223 291 291 45 224 292 292 25 225 293 293 267 226 294 294 27 217 295 295 29 227 296 296 253 126 297 297 13 1 298 298 14 228 299 299 32 124 300 300 1 123 301 301 30 220 302 302 270 221 303 303 29 227 304 304 33 222 305 305 281 117 306 306 43 229 307 307 44 218 308 308 253 126 309 309 14 228 310 310 16 12 311 311 275 5 312 312 38 4 313 313 40 16 314 314 288 129 315 315 50 219 316 316 2 130 317 317 43 229 318 318 278 15 319 319 41 17 320 320 264 14 321 321 24 13 322 322 7 6 323 323 53 230 324 324 10 231 325 325 4 232 326 326 141 65 327 327 60 26 328 328 55 233 329 329 3 234 330 330 53 230 331 331 4 232 332 332 58 235 333 333 13 1 334 334 11 0 335 335 62 236 336 336 64 237 337 337 65 238 338 338 141 65 339 339 142 24 340 340 60 26 341 341 14 228 342 342 62 236 343 343 65 238 344 344 65 238 345 345 66 239 346 346 67 240 347 347 14 228 348 348 67 240 349 349 16 12 350 350 70 241 351 351 145 83 352 352 86 55 353 353 143 27 354 354 83 242 355 355 63 25 356 356 17 19 357 357 72 243 358 358 19 115 359 359 6 18 360 360 68 244 361 361 17 19 362 362 80 42 363 363 144 33 364 364 137 245 365 365 73 246 366 366 21 7 367 367 7 6 368 368 24 13 369 369 73 246 370 370 7 6 371 371 22 120 372 372 82 247 373 373 6 18 374 374 78 248 375 375 76 40 376 376 79 41 377 377 22 120 378 378 77 249 379 379 78 248 380 380 82 247 381 381 79 41 382 382 81 43 383 383 57 250 384 384 59 251 385 385 58 235 386 386 11 0 387 387 57 250 388 388 58 235 389 389 58 235 390 390 61 252 391 391 62 236 392 392 67 240 393 393 84 253 394 394 85 254 395 395 16 12 396 396 85 254 397 397 24 13 398 398 68 244 399 399 81 43 400 400 69 255 401 401 72 243 402 402 87 54 403 403 88 256 404 404 19 115 405 405 88 256 406 406 26 21 407 407 85 254 408 408 74 39 409 409 73 246 410 410 72 243 411 411 69 255 412 412 71 257 413 413 70 241 414 414 137 245 415 415 136 62 416 416 29 227 417 417 89 258 418 418 94 259 419 419 34 22 420 420 89 258 421 421 27 217 422 422 32 124 423 423 95 260 424 424 100 261 425 425 30 220 426 426 102 262 427 427 95 260 428 428 94 259 429 429 101 45 430 430 102 262 431 431 94 259 432 432 33 222 433 433 29 227 434 434 102 262 435 435 96 263 436 436 95 260 437 437 94 259 438 438 90 264 439 439 93 44 440 440 145 83 441 441 91 31 442 442 86 55 443 443 107 265 444 444 148 72 445 445 110 266 446 446 38 4 447 447 105 267 448 448 109 268 449 449 109 268 450 450 111 269 451 451 112 270 452 452 146 271 453 453 107 265 454 454 98 47 455 455 40 16 456 456 109 268 457 457 112 270 458 458 113 272 459 459 43 229 460 460 41 17 461 461 115 50 462 462 148 72 463 463 149 77 464 464 46 118 465 465 118 273 466 466 122 274 467 467 120 37 468 468 149 77 469 469 150 35 470 470 112 270 471 471 114 275 472 472 113 272 473 473 41 17 474 474 112 270 475 475 113 272 476 476 113 272 477 477 116 49 478 478 117 276 479 479 98 47 480 480 147 28 481 481 146 271 482 482 95 260 483 483 99 46 484 484 100 261 485 485 105 267 486 486 99 46 487 487 106 48 488 488 36 3 489 489 100 261 490 490 105 267 491 491 105 267 492 492 108 277 493 493 109 268 494 494 118 273 495 495 116 49 496 496 119 51 497 497 43 229 498 498 118 273 499 499 44 218 500 500 122 274 501 501 119 51 502 502 121 52 503 503 73 246 504 504 76 40 505 505 77 249 506 506 124 278 507 507 121 52 508 508 123 53 509 509 143 27 510 510 75 34 511 511 83 242 512 512 46 118 513 513 124 278 514 514 48 9 515 515 127 279 516 516 123 53 517 517 126 57 518 518 48 9 519 519 127 279 520 520 49 10 521 521 103 280 522 522 87 54 523 523 104 56 524 524 26 21 525 525 103 280 526 526 34 22 527 527 89 258 528 528 104 56 529 529 90 264 530 530 139 86 531 531 55 233 532 532 130 281 533 533 53 230 534 534 56 282 535 535 57 250 536 536 50 219 537 537 135 283 538 538 2 130 539 539 135 283 540 540 132 58 541 541 134 284 542 542 140 38 543 543 133 285 544 544 125 36 545 545 2 130 546 546 128 286 547 547 3 234 548 548 133 285 549 549 139 86 550 550 130 281 551 551 131 287 552 552 126 57 553 553 132 58 554 554 49 10 555 555 131 287 556 556 50 219 557 557 128 286 558 558 134 284 559 559 129 288 560 560 55 233 561 561 54 289 562 562 130 281 563 563 60 26 564 564 64 237 565 565 61 252 566 566 61 252 567 567 59 251 568 568 60 26 569 569 75 34 570 570 79 41 571 571 76 40 572 572 66 239 573 573 64 237 574 574 63 25 575 575 71 257 576 576 69 255 577 577 70 241 578 578 55 233 579 579 59 251 580 580 56 282 581 581 83 242 582 582 66 239 583 583 63 25 584 584 70 241 585 585 87 54 586 586 71 257 587 587 70 241 588 588 81 43 589 589 80 42 590 590 93 44 591 591 91 31 592 592 92 29 593 593 97 32 594 594 99 46 595 595 96 263 596 596 91 31 597 597 104 56 598 598 86 55 599 599 107 265 600 600 106 48 601 601 98 47 602 602 107 265 603 603 111 269 604 604 108 277 605 605 110 266 606 606 116 49 607 607 114 275 608 608 120 37 609 609 119 51 610 610 115 50 611 611 97 32 612 612 101 45 613 613 92 29 614 614 114 275 615 615 111 269 616 616 110 266 617 617 83 242 618 618 74 39 619 619 84 253 620 620 125 36 621 621 123 53 622 622 120 37 623 623 133 285 624 624 132 58 625 625 125 36 626 626 54 289 627 627 129 288 628 628 130 281 629 629 133 285 630 630 129 288 631 631 134 284 632 632 53 230 633 633 129 288 634 634 54 289 635 635 141 65 636 636 151 85 637 637 152 66 638 638 142 24 639 639 153 64 640 640 154 60 641 641 142 24 642 642 156 68 643 643 143 27 644 644 144 33 645 645 159 290 646 646 160 291 647 647 144 33 648 648 161 292 649 649 137 245 650 650 161 292 651 651 162 293 652 652 137 245 653 653 158 61 654 654 145 83 655 655 136 62 656 656 137 245 657 657 157 63 658 658 136 62 659 659 147 28 660 660 168 294 661 661 146 271 662 662 147 28 663 663 166 69 664 664 169 75 665 665 138 30 666 666 170 82 667 667 165 70 668 668 172 295 669 669 148 72 670 670 146 271 671 671 171 296 672 672 172 295 673 673 146 271 674 674 148 72 675 675 175 78 676 676 149 77 677 677 149 77 678 678 177 80 679 679 150 35 680 680 139 86 681 681 182 88 682 682 180 87 683 683 168 294 684 684 171 296 685 685 146 271 686 686 163 67 687 687 159 290 688 688 143 27 689 689 179 81 690 690 140 38 691 691 150 35 692 692 151 297 693 693 184 298 694 694 152 299 695 695 153 300 696 696 186 301 697 697 154 302 698 698 155 303 699 699 186 301 700 700 187 304 701 701 156 305 702 702 187 304 703 703 188 306 704 704 157 307 705 705 190 308 706 706 158 309 707 707 159 310 708 708 192 311 709 709 160 312 710 710 161 313 711 711 194 314 712 712 162 315 713 713 161 313 714 714 192 311 715 715 193 316 716 716 152 299 717 717 185 317 718 718 153 300 719 719 156 305 720 720 195 318 721 721 163 319 722 722 164 320 723 723 190 308 724 724 196 321 725 725 194 314 726 726 157 307 727 727 162 315 728 728 165 322 729 729 198 323 730 730 166 324 731 731 168 325 732 732 199 326 733 733 200 327 734 734 198 323 735 735 169 328 736 736 166 324 737 737 170 329 738 738 197 330 739 739 165 322 740 740 172 331 741 741 203 332 742 742 204 333 743 743 173 334 744 744 204 333 745 745 205 335 746 746 175 336 747 747 206 337 748 748 207 338 749 749 177 339 750 750 208 340 751 751 209 341 752 752 173 334 753 753 206 337 754 754 174 342 755 755 169 328 756 756 199 326 757 757 167 343 758 758 171 344 759 759 200 327 760 760 203 332 761 761 175 336 762 762 208 340 763 763 176 345 764 764 163 319 765 765 191 346 766 766 159 310 767 767 178 347 768 768 209 341 769 769 210 348 770 770 179 349 771 771 210 348 772 772 211 350 773 773 164 320 774 774 202 351 775 775 170 329 776 776 151 297 777 777 212 352 778 778 183 353 779 779 181 354 780 780 214 355 781 781 182 356 782 782 180 357 783 783 214 355 784 784 212 352 785 785 179 349 786 786 213 358 787 787 181 354 788 788 183 359 789 789 216 360 790 790 184 361 791 791 186 362 792 792 217 363 793 793 218 362 794 794 187 362 795 795 218 362 796 796 219 364 797 797 188 365 798 798 219 364 799 799 220 366 800 800 189 367 801 801 222 368 802 802 190 362 803 803 191 94 804 804 224 369 805 805 192 370 806 806 194 371 807 807 225 372 808 808 226 373 809 809 193 374 810 810 224 369 811 811 225 372 812 812 184 361 813 813 217 363 814 814 185 375 815 815 195 95 816 816 220 366 817 817 223 93 818 818 190 362 819 819 227 362 820 820 196 362 821 821 226 373 822 822 189 367 823 823 194 371 824 824 198 376 825 825 228 377 826 826 229 378 827 827 200 379 828 828 230 380 829 829 231 381 830 830 198 376 831 831 232 382 832 832 201 383 833 833 202 384 834 834 228 377 835 835 197 385 836 836 234 386 837 837 204 92 838 838 203 387 839 839 206 388 840 840 237 389 841 841 207 390 842 842 208 391 843 843 239 392 844 844 209 393 845 845 205 91 846 846 236 394 847 847 206 388 848 848 199 362 849 849 232 382 850 850 230 380 851 851 200 379 852 852 234 386 853 853 203 387 854 854 207 390 855 855 238 395 856 856 208 391 857 857 209 393 858 858 240 396 859 859 210 397 860 860 210 397 861 861 241 398 862 862 211 362 863 863 196 362 864 864 233 399 865 865 202 384 866 866 183 359 867 867 242 400 868 868 215 401 869 869 213 402 870 870 244 403 871 871 214 362 872 872 214 362 873 873 242 400 874 874 212 362 875 875 213 402 876 876 241 398 877 877 243 404 878 878 241 405 879 879 51 223 880 880 243 406 881 881 51 223 882 882 244 407 883 883 243 406 884 884 52 408 885 885 242 409 886 886 244 407 887 887 242 409 888 888 8 410 889 889 215 411 890 890 233 412 891 891 25 225 892 892 35 413 893 893 240 414 894 894 45 415 895 895 47 416 896 896 47 416 897 897 241 405 898 898 240 414 899 899 234 417 900 900 31 418 901 901 37 105 902 902 230 419 903 903 28 420 904 904 31 418 905 905 238 100 906 906 45 415 907 907 239 421 908 908 236 103 909 909 42 99 910 910 237 101 911 911 228 422 912 912 28 420 913 913 229 423 914 914 37 105 915 915 235 104 916 916 234 417 917 917 35 413 918 918 228 422 919 919 233 412 920 920 28 420 921 921 232 424 922 922 229 423 923 923 31 418 924 924 231 425 925 925 230 419 926 926 226 107 927 927 18 110 928 928 221 112 929 929 222 111 930 930 25 225 931 931 227 426 932 932 224 109 933 933 23 106 934 934 225 108 935 935 15 98 936 936 223 97 937 937 220 427 938 938 9 428 939 939 217 429 940 940 216 430 941 941 219 431 942 942 15 98 943 943 220 427 944 944 217 429 945 945 12 432 946 946 218 433 947 947 12 432 948 948 219 431 949 949 218 433 950 950 216 430 951 951 8 410 952 952 9 428 953 953 3 234 954 954 245 434 955 955 287 435 956 956 36 3 957 957 269 122 958 958 32 124 959 959 19 115 960 960 265 436 961 961 256 114 962 962 251 2 963 963 249 437 964 964 11 0 965 965 259 8 966 966 257 131 967 967 7 6 968 968 279 438 969 969 289 439 970 970 250 440 971 971 11 0 972 972 248 441 973 973 10 231 974 974 2 130 975 975 287 435 976 976 291 128 977 977 264 14 978 978 254 125 979 979 16 12 980 980 278 15 981 981 277 127 982 982 40 16 983 983 5 20 984 984 262 442 985 985 6 18 986 986 46 118 987 987 285 121 988 988 283 116 989 989 6 18 990 990 260 119 991 991 22 120 992 992 271 23 993 993 265 436 994 994 26 21 995 995 375 180 996 996 294 443 997 997 299 147 998 998 296 444 999 999 245 434 1000 1000 248 441 1001 1001 245 434 1002 1002 367 445 1003 1003 287 435 1004 1004 375 180 1005 1005 302 150 1006 1006 385 183 1007 1007 251 2 1008 1008 297 446 1009 1009 249 437 1010 1010 303 151 1011 1011 301 447 1012 1012 304 448 1013 1013 301 447 1014 1014 253 126 1015 1015 304 448 1016 1016 305 149 1017 1017 304 448 1018 1018 306 449 1019 1019 306 449 1020 1020 253 126 1021 1021 254 125 1022 1022 323 450 1023 1023 385 183 1024 1024 302 150 1025 1025 312 451 1026 1026 5 20 1027 1027 256 114 1028 1028 307 452 1029 1029 262 442 1030 1030 5 20 1031 1031 377 191 1032 1032 315 152 1033 1033 320 155 1034 1034 317 453 1035 1035 257 131 1036 1036 259 8 1037 1037 313 454 1038 1038 264 14 1039 1039 257 131 1040 1040 322 455 1041 1041 260 119 1042 1042 262 442 1043 1043 310 133 1044 1044 343 135 1045 1045 387 134 1046 1046 318 456 1047 1047 316 154 1048 1048 317 453 1049 1049 318 456 1050 1050 259 8 1051 1051 260 119 1052 1052 319 156 1053 1053 322 455 1054 1054 321 157 1055 1055 298 148 1056 1056 296 444 1057 1057 297 446 1058 1058 296 444 1059 1059 249 437 1060 1060 297 446 1061 1061 300 146 1062 1062 297 446 1063 1063 301 447 1064 1064 324 457 1065 1065 306 449 1066 1066 325 458 1067 1067 325 458 1068 1068 254 125 1069 1069 264 14 1070 1070 307 452 1071 1071 321 157 1072 1072 322 455 1073 1073 326 158 1074 1074 312 451 1075 1075 327 459 1076 1076 327 459 1077 1077 256 114 1078 1078 265 436 1079 1079 314 153 1080 1080 325 458 1081 1081 313 454 1082 1082 312 451 1083 1083 308 460 1084 1084 307 452 1085 1085 309 461 1086 1086 310 133 1087 1087 376 132 1088 1088 309 461 1089 1089 377 191 1090 1090 320 155 1091 1091 332 462 1092 1092 0 216 1093 1093 267 226 1094 1094 341 463 1095 1095 0 216 1096 1096 328 464 1097 1097 338 465 1098 1098 1 123 1099 1099 269 122 1100 1100 1 123 1101 1101 340 466 1102 1102 270 221 1103 1103 339 162 1104 1104 332 462 1105 1105 340 466 1106 1106 332 462 1107 1107 270 221 1108 1108 340 466 1109 1109 334 467 1110 1110 340 466 1111 1111 333 468 1112 1112 330 160 1113 1113 378 136 1114 1114 343 135 1115 1115 332 462 1116 1116 329 164 1117 1117 328 464 1118 1118 275 5 1119 1119 344 469 1120 1120 273 113 1121 1121 346 470 1122 1122 349 137 1123 1123 389 139 1124 1124 389 139 1125 1125 336 167 1126 1126 346 470 1127 1127 350 165 1128 1128 348 471 1129 1129 351 472 1130 1130 277 127 1131 1131 348 471 1132 1132 275 5 1133 1133 356 473 1134 1134 278 15 1135 1135 280 474 1136 1136 283 116 1137 1137 357 475 1138 1138 281 117 1139 1139 380 138 1140 1140 349 137 1141 1141 354 140 1142 1142 353 166 1143 1143 351 472 1144 1144 352 476 1145 1145 381 141 1146 1146 354 140 1147 1147 359 142 1148 1148 278 15 1149 1149 351 472 1150 1150 277 127 1151 1151 355 170 1152 1152 352 476 1153 1153 356 473 1154 1154 337 168 1155 1155 333 468 1156 1156 338 465 1157 1157 379 193 1158 1158 335 477 1159 1159 336 167 1160 1160 388 197 1161 1161 335 477 1162 1162 379 193 1163 1163 337 168 1164 1164 344 469 1165 1165 345 169 1166 1166 273 113 1167 1167 338 465 1168 1168 269 122 1169 1169 347 478 1170 1170 344 469 1171 1171 348 471 1172 1172 357 475 1173 1173 355 170 1174 1174 356 473 1175 1175 357 475 1176 1176 280 474 1177 1177 281 117 1178 1178 361 479 1179 1179 358 171 1180 1180 357 475 1181 1181 316 154 1182 1182 313 454 1183 1183 317 453 1184 1184 363 480 1185 1185 360 172 1186 1186 361 479 1187 1187 323 450 1188 1188 315 152 1189 1189 386 188 1190 1190 361 479 1191 1191 285 121 1192 1192 363 480 1193 1193 366 481 1194 1194 362 173 1195 1195 363 480 1196 1196 390 143 1197 1197 359 142 1198 1198 364 144 1199 1199 366 481 1200 1200 285 121 1201 1201 286 11 1202 1202 341 463 1203 1203 326 158 1204 1204 327 459 1205 1205 327 459 1206 1206 271 23 1207 1207 341 463 1208 1208 328 464 1209 1209 342 163 1210 1210 341 463 1211 1211 384 482 1212 1212 369 175 1213 1213 294 443 1214 1214 295 483 1215 1215 292 484 1216 1216 296 444 1217 1217 374 485 1218 1218 288 129 1219 1219 291 128 1220 1220 374 485 1221 1221 371 178 1222 1222 370 486 1223 1223 364 144 1224 1224 372 487 1225 1225 383 145 1226 1226 367 445 1227 1227 291 128 1228 1228 287 435 1229 1229 382 211 1230 1230 372 487 1231 1231 369 175 1232 1232 370 486 1233 1233 365 177 1234 1234 366 481 1235 1235 370 486 1236 1236 286 11 1237 1237 288 129 1238 1238 367 445 1239 1239 373 488 1240 1240 374 485 1241 1241 10 231 1242 1242 245 434 1243 1243 4 232 1244 1244 293 174 1245 1245 294 443 1246 1246 369 175 1247 1247 299 147 1248 1248 303 151 1249 1249 302 150 1250 1250 309 461 1251 1251 311 159 1252 1252 310 133 1253 1253 315 152 1254 1254 319 156 1255 1255 320 155 1256 1256 294 443 1257 1257 298 148 1258 1258 299 147 1259 1259 305 149 1260 1260 323 450 1261 1261 302 150 1262 1262 321 157 1263 1263 309 461 1264 1264 320 155 1265 1265 329 164 1266 1266 330 160 1267 1267 343 135 1268 1268 335 477 1269 1269 337 168 1270 1270 336 167 1271 1271 345 169 1272 1272 346 470 1273 1273 336 167 1274 1274 346 470 1275 1275 350 165 1276 1276 349 137 1277 1277 349 137 1278 1278 355 170 1279 1279 354 140 1280 1280 358 171 1281 1281 359 142 1282 1282 354 140 1283 1283 339 162 1284 1284 335 477 1285 1285 330 160 1286 1286 323 450 1287 1287 314 153 1288 1288 315 152 1289 1289 362 173 1290 1290 364 144 1291 1291 359 142 1292 1292 326 158 1293 1293 343 135 1294 1294 310 133 1295 1295 371 178 1296 1296 372 487 1297 1297 364 144 1298 1298 372 487 1299 1299 368 176 1300 1300 369 175 1301 1301 292 484 1302 1302 368 176 1303 1303 367 445 1304 1304 384 482 1305 1305 391 212 1306 1306 382 211 1307 1307 395 182 1308 1308 375 180 1309 1309 385 183 1310 1310 400 189 1311 1311 377 191 1312 1312 401 190 1313 1313 393 179 1314 1314 384 482 1315 1315 375 180 1316 1316 403 206 1317 1317 385 183 1318 1318 386 188 1319 1319 387 134 1320 1320 398 185 1321 1321 376 132 1322 1322 397 186 1323 1323 377 191 1324 1324 376 132 1325 1325 406 196 1326 1326 378 136 1327 1327 388 197 1328 1328 378 136 1329 1329 410 209 1330 1330 387 134 1331 1331 389 139 1332 1332 411 205 1333 1333 379 193 1334 1334 414 202 1335 1335 389 139 1336 1336 380 138 1337 1337 407 195 1338 1338 388 197 1339 1339 379 193 1340 1340 416 204 1341 1341 380 138 1342 1342 381 141 1343 1343 390 143 1344 1344 417 203 1345 1345 381 141 1346 1346 382 211 1347 1347 422 214 1348 1348 383 145 1349 1349 419 207 1350 1350 383 145 1351 1351 421 215 1352 1352 423 489 1353 1353 392 490 1354 1354 424 491 1355 1355 426 492 1356 1356 393 493 1357 1357 394 494 1358 1358 395 495 1359 1359 426 492 1360 1360 394 494 1361 1361 427 496 1362 1362 396 497 1363 1363 428 498 1364 1364 430 499 1365 1365 397 500 1366 1366 398 501 1367 1367 432 502 1368 1368 399 503 1369 1369 400 504 1370 1370 434 505 1371 1371 401 506 1372 1372 402 507 1373 1373 401 506 1374 1374 432 502 1375 1375 400 504 1376 1376 425 508 1377 1377 392 490 1378 1378 393 493 1379 1379 435 509 1380 1380 396 497 1381 1381 403 510 1382 1382 404 511 1383 1383 430 499 1384 1384 398 501 1385 1385 397 500 1386 1386 434 505 1387 1387 402 507 1388 1388 438 512 1389 1389 405 513 1390 1390 406 514 1391 1391 408 515 1392 1392 439 516 1393 1393 407 517 1394 1394 441 518 1395 1395 406 514 1396 1396 409 519 1397 1397 442 520 1398 1398 405 513 1399 1399 437 521 1400 1400 412 522 1401 1401 443 523 1402 1402 411 524 1403 1403 413 525 1404 1404 444 526 1405 1405 412 522 1406 1406 415 527 1407 1407 446 528 1408 1408 414 529 1409 1409 417 530 1410 1410 448 531 1411 1411 416 532 1412 1412 446 528 1413 1413 413 525 1414 1414 414 529 1415 1415 439 516 1416 1416 409 519 1417 1417 407 517 1418 1418 411 524 1419 1419 440 533 1420 1420 408 515 1421 1421 447 534 1422 1422 416 532 1423 1423 448 531 1424 1424 431 535 1425 1425 403 510 1426 1426 399 503 1427 1427 418 536 1428 1428 449 537 1429 1429 417 530 1430 1430 419 538 1431 1431 450 539 1432 1432 418 536 1433 1433 442 520 1434 1434 404 511 1435 1435 410 540 1436 1436 391 541 1437 1437 452 542 1438 1438 420 543 1439 1439 454 544 1440 1440 421 545 1441 1441 422 546 1442 1442 420 543 1443 1443 454 544 1444 1444 422 546 1445 1445 453 547 1446 1446 419 538 1447 1447 421 545 1448 1448 456 548 1449 1449 423 549 1450 1450 424 550 1451 1451 426 551 1452 1452 457 552 1453 1453 425 553 1454 1454 427 554 1455 1455 458 555 1456 1456 426 551 1457 1457 428 554 1458 1458 459 554 1459 1459 427 554 1460 1460 462 556 1461 1461 429 557 1462 1462 430 554 1463 1463 464 558 1464 1464 431 559 1465 1465 432 560 1466 1466 434 561 1467 1467 465 562 1468 1468 433 563 1469 1469 433 563 1470 1470 464 558 1471 1471 432 560 1472 1472 457 552 1473 1473 424 550 1474 1474 425 553 1475 1475 435 564 1476 1476 460 565 1477 1477 428 554 1478 1478 467 554 1479 1479 430 554 1480 1480 436 566 1481 1481 466 567 1482 1482 429 557 1483 1483 461 568 1484 1484 438 569 1485 1485 468 570 1486 1486 437 571 1487 1487 440 572 1488 1488 470 573 1489 1489 439 574 1490 1490 472 575 1491 1491 438 569 1492 1492 441 576 1493 1493 468 570 1494 1494 442 577 1495 1495 437 571 1496 1496 475 578 1497 1497 443 579 1498 1498 444 580 1499 1499 476 581 1500 1500 444 580 1501 1501 445 582 1502 1502 478 583 1503 1503 446 584 1504 1504 447 585 1505 1505 480 586 1506 1506 448 587 1507 1507 449 588 1508 1508 477 589 1509 1509 445 582 1510 1510 446 584 1511 1511 439 574 1512 1512 472 575 1513 1513 441 576 1514 1514 474 590 1515 1515 440 572 1516 1516 443 579 1517 1517 479 591 1518 1518 447 585 1519 1519 448 587 1520 1520 481 592 1521 1521 449 588 1522 1522 450 593 1523 1523 463 594 1524 1524 435 564 1525 1525 431 559 1526 1526 482 595 1527 1527 450 593 1528 1528 451 596 1529 1529 473 597 1530 1530 436 566 1531 1531 442 577 1532 1532 423 549 1533 1533 483 598 1534 1534 452 554 1535 1535 485 554 1536 1536 453 599 1537 1537 454 554 1538 1538 483 598 1539 1539 454 554 1540 1540 452 554 1541 1541 453 599 1542 1542 482 595 1543 1543 451 596 1544 1544 289 439 1545 1545 482 600 1546 1546 484 601 1547 1547 485 602 1548 1548 289 439 1549 1549 484 601 1550 1550 485 602 1551 1551 483 603 1552 1552 290 604 1553 1553 246 605 1554 1554 483 603 1555 1555 455 606 1556 1556 473 607 1557 1557 255 608 1558 1558 467 609 1559 1559 481 610 1560 1560 282 611 1561 1561 480 612 1562 1562 481 610 1563 1563 482 600 1564 1564 284 613 1565 1565 479 614 1566 1566 279 615 1567 1567 478 616 1568 1568 474 617 1569 1569 268 618 1570 1570 471 619 1571 1571 470 620 1572 1572 266 621 1573 1573 472 622 1574 1574 279 615 1575 1575 477 623 1576 1576 478 616 1577 1577 276 624 1578 1578 476 625 1579 1579 477 623 1580 1580 479 614 1581 1581 480 612 1582 1582 282 611 1583 1583 276 624 1584 1584 475 626 1585 1585 476 625 1586 1586 266 621 1587 1587 468 627 1588 1588 469 628 1589 1589 474 617 1590 1590 475 626 1591 1591 274 629 1592 1592 473 607 1593 1593 468 627 1594 1594 272 630 1595 1595 469 628 1596 1596 472 622 1597 1597 266 621 1598 1598 470 620 1599 1599 471 619 1600 1600 268 618 1601 1601 263 631 1602 1602 460 632 1603 1603 463 633 1604 1604 466 634 1605 1605 461 635 1606 1606 261 636 1607 1607 462 637 1608 1608 467 609 1609 1609 255 608 1610 1610 466 634 1611 1611 258 638 1612 1612 465 639 1613 1613 456 640 1614 1614 457 641 1615 1615 247 642 1616 1616 464 643 1617 1617 465 639 1618 1618 258 638 1619 1619 464 643 1620 1620 263 631 1621 1621 463 633 1622 1622 255 608 1623 1623 461 635 1624 1624 462 637 1625 1625 459 644 1626 1626 250 440 1627 1627 458 645 1628 1628 459 644 1629 1629 460 632 1630 1630 252 646 1631 1631 250 440 1632 1632 457 641 1633 1633 458 645 1634 1634 456 640 1635 1635 246 605 1636 1636 455 606 1637 1637 0 216 1638 1638 271 23 1639 1639 34 22 1640 1640 288 129 1641 1641 286 11 1642 1642 49 10 1643 1643 30 220 1644 1644 1 123 1645 1645 270 221 1646 1646 45 224 1647 1647 42 99 1648 1648 39 102 1649 1649 39 102 1650 1650 37 105 1651 1651 45 224 1652 1652 37 105 1653 1653 31 418 1654 1654 25 225 1655 1655 45 224 1656 1656 37 105 1657 1657 25 225 1658 1658 31 418 1659 1659 28 420 1660 1660 35 413 1661 1661 35 413 1662 1662 25 225 1663 1663 31 418 1664 1664 25 225 1665 1665 18 110 1666 1666 23 647 1667 1667 23 647 1668 1668 20 96 1669 1669 25 225 1670 1670 20 96 1671 1671 15 98 1672 1672 8 648 1673 1673 15 98 1674 1674 12 432 1675 1675 8 648 1676 1676 12 432 1677 1677 9 428 1678 1678 8 648 1679 1679 8 648 1680 1680 52 649 1681 1681 51 223 1682 1682 51 223 1683 1683 47 416 1684 1684 45 224 1685 1685 25 225 1686 1686 20 96 1687 1687 8 648 1688 1688 8 648 1689 1689 51 223 1690 1690 25 225 1691 1691 267 226 1692 1692 0 216 1693 1693 27 217 1694 1694 253 126 1695 1695 251 2 1696 1696 13 1 1697 1697 270 221 1698 1698 267 226 1699 1699 29 227 1700 1700 281 117 1701 1701 280 474 1702 1702 43 229 1703 1703 43 229 1704 1704 280 474 1705 1705 278 15 1706 1706 53 230 1707 1707 57 250 1708 1708 10 231 1709 1709 3 234 1710 1710 128 286 1711 1711 53 230 1712 1712 58 235 1713 1713 62 236 1714 1714 13 1 1715 1715 62 236 1716 1716 61 252 1717 1717 64 237 1718 1718 14 228 1719 1719 13 1 1720 1720 62 236 1721 1721 65 238 1722 1722 64 237 1723 1723 66 239 1724 1724 14 228 1725 1725 65 238 1726 1726 67 240 1727 1727 70 241 1728 1728 136 62 1729 1729 145 83 1730 1730 17 19 1731 1731 68 244 1732 1732 72 243 1733 1733 6 18 1734 1734 82 247 1735 1735 68 244 1736 1736 80 42 1737 1737 75 34 1738 1738 144 33 1739 1739 73 246 1740 1740 77 249 1741 1741 21 7 1742 1742 24 13 1743 1743 85 254 1744 1744 73 246 1745 1745 22 120 1746 1746 78 248 1747 1747 82 247 1748 1748 78 248 1749 1749 77 249 1750 1750 76 40 1751 1751 22 120 1752 1752 21 7 1753 1753 77 249 1754 1754 82 247 1755 1755 78 248 1756 1756 79 41 1757 1757 57 250 1758 1758 56 282 1759 1759 59 251 1760 1760 11 0 1761 1761 10 231 1762 1762 57 250 1763 1763 58 235 1764 1764 59 251 1765 1765 61 252 1766 1766 67 240 1767 1767 66 239 1768 1768 84 253 1769 1769 16 12 1770 1770 67 240 1771 1771 85 254 1772 1772 68 244 1773 1773 82 247 1774 1774 81 43 1775 1775 72 243 1776 1776 71 257 1777 1777 87 54 1778 1778 19 115 1779 1779 72 243 1780 1780 88 256 1781 1781 85 254 1782 1782 84 253 1783 1783 74 39 1784 1784 72 243 1785 1785 68 244 1786 1786 69 255 1787 1787 70 241 1788 1788 80 42 1789 1789 137 245 1790 1790 29 227 1791 1791 27 217 1792 1792 89 258 1793 1793 34 22 1794 1794 103 280 1795 1795 89 258 1796 1796 32 124 1797 1797 30 220 1798 1798 95 260 1799 1799 30 220 1800 1800 33 222 1801 1801 102 262 1802 1802 94 259 1803 1803 93 44 1804 1804 101 45 1805 1805 94 259 1806 1806 102 262 1807 1807 33 222 1808 1808 102 262 1809 1809 101 45 1810 1810 96 263 1811 1811 94 259 1812 1812 89 258 1813 1813 90 264 1814 1814 145 83 1815 1815 138 30 1816 1816 91 31 1817 1817 107 265 1818 1818 146 271 1819 1819 148 72 1820 1820 38 4 1821 1821 36 3 1822 1822 105 267 1823 1823 109 268 1824 1824 108 277 1825 1825 111 269 1826 1826 40 16 1827 1827 38 4 1828 1828 109 268 1829 1829 113 272 1830 1830 117 276 1831 1831 43 229 1832 1832 115 50 1833 1833 110 266 1834 1834 148 72 1835 1835 46 118 1836 1836 44 218 1837 1837 118 273 1838 1838 120 37 1839 1839 115 50 1840 1840 149 77 1841 1841 112 270 1842 1842 111 269 1843 1843 114 275 1844 1844 41 17 1845 1845 40 16 1846 1846 112 270 1847 1847 113 272 1848 1848 114 275 1849 1849 116 49 1850 1850 98 47 1851 1851 97 32 1852 1852 147 28 1853 1853 95 260 1854 1854 96 263 1855 1855 99 46 1856 1856 105 267 1857 1857 100 261 1858 1858 99 46 1859 1859 36 3 1860 1860 32 124 1861 1861 100 261 1862 1862 105 267 1863 1863 106 48 1864 1864 108 277 1865 1865 118 273 1866 1866 117 276 1867 1867 116 49 1868 1868 43 229 1869 1869 117 276 1870 1870 118 273 1871 1871 122 274 1872 1872 118 273 1873 1873 119 51 1874 1874 73 246 1875 1875 74 39 1876 1876 76 40 1877 1877 124 278 1878 1878 122 274 1879 1879 121 52 1880 1880 46 118 1881 1881 122 274 1882 1882 124 278 1883 1883 127 279 1884 1884 124 278 1885 1885 123 53 1886 1886 48 9 1887 1887 124 278 1888 1888 127 279 1889 1889 103 280 1890 1890 88 256 1891 1891 87 54 1892 1892 26 21 1893 1893 88 256 1894 1894 103 280 1895 1895 89 258 1896 1896 103 280 1897 1897 104 56 1898 1898 139 86 1899 1899 141 65 1900 1900 55 233 1901 1901 53 230 1902 1902 54 289 1903 1903 56 282 1904 1904 50 219 1905 1905 131 287 1906 1906 135 283 1907 1907 135 283 1908 1908 131 287 1909 1909 132 58 1910 1910 2 130 1911 1911 135 283 1912 1912 128 286 1913 1913 133 285 1914 1914 140 38 1915 1915 139 86 1916 1916 131 287 1917 1917 127 279 1918 1918 126 57 1919 1919 49 10 1920 1920 127 279 1921 1921 131 287 1922 1922 128 286 1923 1923 135 283 1924 1924 134 284 1925 1925 55 233 1926 1926 56 282 1927 1927 54 289 1928 1928 60 26 1929 1929 63 25 1930 1930 64 237 1931 1931 75 34 1932 1932 80 42 1933 1933 79 41 1934 1934 55 233 1935 1935 60 26 1936 1936 59 251 1937 1937 83 242 1938 1938 84 253 1939 1939 66 239 1940 1940 70 241 1941 1941 86 55 1942 1942 87 54 1943 1943 70 241 1944 1944 69 255 1945 1945 81 43 1946 1946 93 44 1947 1947 90 264 1948 1948 91 31 1949 1949 97 32 1950 1950 98 47 1951 1951 99 46 1952 1952 91 31 1953 1953 90 264 1954 1954 104 56 1955 1955 107 265 1956 1956 108 277 1957 1957 106 48 1958 1958 107 265 1959 1959 110 266 1960 1960 111 269 1961 1961 110 266 1962 1962 115 50 1963 1963 116 49 1964 1964 120 37 1965 1965 121 52 1966 1966 119 51 1967 1967 97 32 1968 1968 96 263 1969 1969 101 45 1970 1970 83 242 1971 1971 75 34 1972 1972 74 39 1973 1973 125 36 1974 1974 126 57 1975 1975 123 53 1976 1976 133 285 1977 1977 134 284 1978 1978 132 58 1979 1979 133 285 1980 1980 130 281 1981 1981 129 288 1982 1982 53 230 1983 1983 128 286 1984 1984 129 288 1985 1985 141 65 1986 1986 139 86 1987 1987 151 85 1988 1988 142 24 1989 1989 141 65 1990 1990 153 64 1991 1991 142 24 1992 1992 155 59 1993 1993 156 68 1994 1994 144 33 1995 1995 143 27 1996 1996 159 290 1997 1997 144 33 1998 1998 160 291 1999 1999 161 292 2000 2000 158 61 2001 2001 164 84 2002 2002 145 83 2003 2003 137 245 2004 2004 162 293 2005 2005 157 63 2006 2006 147 28 2007 2007 167 74 2008 2008 168 294 2009 2009 147 28 2010 2010 138 30 2011 2011 166 69 2012 2012 138 30 2013 2013 145 83 2014 2014 170 82 2015 2015 172 295 2016 2016 173 73 2017 2017 148 72 2018 2018 148 72 2019 2019 174 71 2020 2020 175 78 2021 2021 149 77 2022 2022 176 76 2023 2023 177 80 2024 2024 139 86 2025 2025 140 38 2026 2026 182 88 2027 2027 179 81 2028 2028 181 89 2029 2029 140 38 2030 2030 151 297 2031 2031 183 353 2032 2032 184 298 2033 2033 153 300 2034 2034 185 317 2035 2035 186 301 2036 2036 155 303 2037 2037 154 302 2038 2038 186 301 2039 2039 156 305 2040 2040 155 303 2041 2041 187 304 2042 2042 157 307 2043 2043 189 650 2044 2044 190 308 2045 2045 159 310 2046 2046 191 346 2047 2047 192 311 2048 2048 161 313 2049 2049 193 316 2050 2050 194 314 2051 2051 161 313 2052 2052 160 312 2053 2053 192 311 2054 2054 152 299 2055 2055 184 298 2056 2056 185 317 2057 2057 156 305 2058 2058 188 306 2059 2059 195 318 2060 2060 164 320 2061 2061 158 309 2062 2062 190 308 2063 2063 194 314 2064 2064 189 650 2065 2065 157 307 2066 2066 165 322 2067 2067 197 330 2068 2068 198 323 2069 2069 168 325 2070 2070 167 343 2071 2071 199 326 2072 2072 198 323 2073 2073 201 651 2074 2074 169 328 2075 2075 170 329 2076 2076 202 351 2077 2077 197 330 2078 2078 172 331 2079 2079 171 344 2080 2080 203 332 2081 2081 173 334 2082 2082 172 331 2083 2083 204 333 2084 2084 175 336 2085 2085 174 342 2086 2086 206 337 2087 2087 177 339 2088 2088 176 345 2089 2089 208 340 2090 2090 173 334 2091 2091 205 335 2092 2092 206 337 2093 2093 169 328 2094 2094 201 651 2095 2095 199 326 2096 2096 171 344 2097 2097 168 325 2098 2098 200 327 2099 2099 175 336 2100 2100 207 338 2101 2101 208 340 2102 2102 163 319 2103 2103 195 318 2104 2104 191 346 2105 2105 178 347 2106 2106 177 339 2107 2107 209 341 2108 2108 179 349 2109 2109 178 347 2110 2110 210 348 2111 2111 164 320 2112 2112 196 321 2113 2113 202 351 2114 2114 151 297 2115 2115 180 357 2116 2116 212 352 2117 2117 181 354 2118 2118 213 358 2119 2119 214 355 2120 2120 180 357 2121 2121 182 356 2122 2122 214 355 2123 2123 179 349 2124 2124 211 350 2125 2125 213 358 2126 2126 183 359 2127 2127 215 401 2128 2128 216 360 2129 2129 186 362 2130 2130 185 375 2131 2131 217 363 2132 2132 187 362 2133 2133 186 362 2134 2134 218 362 2135 2135 188 365 2136 2136 187 362 2137 2137 219 364 2138 2138 189 367 2139 2139 221 652 2140 2140 222 368 2141 2141 191 94 2142 2142 223 93 2143 2143 224 369 2144 2144 194 371 2145 2145 193 374 2146 2146 225 372 2147 2147 193 374 2148 2148 192 370 2149 2149 224 369 2150 2150 184 361 2151 2151 216 360 2152 2152 217 363 2153 2153 195 95 2154 2154 188 365 2155 2155 220 366 2156 2156 190 362 2157 2157 222 368 2158 2158 227 362 2159 2159 226 373 2160 2160 221 652 2161 2161 189 367 2162 2162 198 376 2163 2163 197 385 2164 2164 228 377 2165 2165 200 379 2166 2166 199 362 2167 2167 230 380 2168 2168 198 376 2169 2169 229 378 2170 2170 232 382 2171 2171 202 384 2172 2172 233 399 2173 2173 228 377 2174 2174 234 386 2175 2175 235 90 2176 2176 204 92 2177 2177 206 388 2178 2178 236 394 2179 2179 237 389 2180 2180 208 391 2181 2181 238 395 2182 2182 239 392 2183 2183 205 91 2184 2184 235 90 2185 2185 236 394 2186 2186 199 362 2187 2187 201 383 2188 2188 232 382 2189 2189 200 379 2190 2190 231 381 2191 2191 234 386 2192 2192 207 390 2193 2193 237 389 2194 2194 238 395 2195 2195 209 393 2196 2196 239 392 2197 2197 240 396 2198 2198 210 397 2199 2199 240 396 2200 2200 241 398 2201 2201 196 362 2202 2202 227 362 2203 2203 233 399 2204 2204 183 359 2205 2205 212 362 2206 2206 242 400 2207 2207 213 402 2208 2208 243 404 2209 2209 244 403 2210 2210 214 362 2211 2211 244 403 2212 2212 242 400 2213 2213 213 402 2214 2214 211 362 2215 2215 241 398 2216 2216 241 405 2217 2217 47 416 2218 2218 51 223 2219 2219 51 223 2220 2220 52 408 2221 2221 244 407 2222 2222 242 409 2223 2223 52 408 2224 2224 8 410 2225 2225 233 412 2226 2226 227 426 2227 2227 25 225 2228 2228 240 414 2229 2229 239 421 2230 2230 45 415 2231 2231 234 417 2232 2232 231 425 2233 2233 31 418 2234 2234 230 419 2235 2235 232 424 2236 2236 28 420 2237 2237 238 100 2238 2238 42 99 2239 2239 45 415 2240 2240 236 103 2241 2241 39 102 2242 2242 42 99 2243 2243 228 422 2244 2244 35 413 2245 2245 28 420 2246 2246 226 107 2247 2247 23 106 2248 2248 18 110 2249 2249 222 111 2250 2250 18 110 2251 2251 25 225 2252 2252 224 109 2253 2253 20 96 2254 2254 23 106 2255 2255 219 431 2256 2256 12 432 2257 2257 15 98 2258 2258 217 429 2259 2259 9 428 2260 2260 12 432 2261 2261 216 430 2262 2262 215 411 2263 2263 8 410 2264 2264 3 234 2265 2265 4 232 2266 2266 245 434 2267 2267 36 3 2268 2268 273 113 2269 2269 269 122 2270 2270 19 115 2271 2271 26 21 2272 2272 265 436 2273 2273 246 653 2274 2274 247 654 2275 2275 250 440 2276 2276 250 440 2277 2277 252 646 2278 2278 258 638 2279 2279 252 646 2280 2280 263 631 2281 2281 258 638 2282 2282 258 638 2283 2283 261 636 2284 2284 250 440 2285 2285 261 636 2286 2286 255 608 2287 2287 272 630 2288 2288 272 630 2289 2289 266 621 2290 2290 268 655 2291 2291 268 655 2292 2292 274 629 2293 2293 272 630 2294 2294 274 629 2295 2295 276 624 2296 2296 279 438 2297 2297 279 438 2298 2298 282 611 2299 2299 284 613 2300 2300 289 439 2301 2301 279 438 2302 2302 284 613 2303 2303 289 439 2304 2304 290 656 2305 2305 246 653 2306 2306 246 653 2307 2307 250 440 2308 2308 289 439 2309 2309 261 636 2310 2310 272 630 2311 2311 250 440 2312 2312 250 440 2313 2313 272 630 2314 2314 279 438 2315 2315 274 629 2316 2316 279 438 2317 2317 272 630 2318 2318 11 0 2319 2319 249 437 2320 2320 248 441 2321 2321 2 130 2322 2322 3 234 2323 2323 287 435 2324 2324 46 118 2325 2325 48 9 2326 2326 285 121 2327 2327 6 18 2328 2328 262 442 2329 2329 260 119 2330 2330 375 180 2331 2331 384 482 2332 2332 294 443 2333 2333 296 444 2334 2334 292 484 2335 2335 245 434 2336 2336 245 434 2337 2337 292 484 2338 2338 367 445 2339 2339 375 180 2340 2340 299 147 2341 2341 302 150 2342 2342 251 2 2343 2343 301 447 2344 2344 297 446 2345 2345 303 151 2346 2346 300 146 2347 2347 301 447 2348 2348 301 447 2349 2349 251 2 2350 2350 253 126 2351 2351 305 149 2352 2352 303 151 2353 2353 304 448 2354 2354 306 449 2355 2355 304 448 2356 2356 253 126 2357 2357 323 450 2358 2358 386 188 2359 2359 385 183 2360 2360 312 451 2361 2361 307 452 2362 2362 5 20 2363 2363 307 452 2364 2364 322 455 2365 2365 262 442 2366 2366 377 191 2367 2367 386 188 2368 2368 315 152 2369 2369 317 453 2370 2370 313 454 2371 2371 257 131 2372 2372 313 454 2373 2373 325 458 2374 2374 264 14 2375 2375 322 455 2376 2376 318 456 2377 2377 260 119 2378 2378 318 456 2379 2379 319 156 2380 2380 316 154 2381 2381 318 456 2382 2382 317 453 2383 2383 259 8 2384 2384 319 156 2385 2385 318 456 2386 2386 322 455 2387 2387 298 148 2388 2388 295 483 2389 2389 296 444 2390 2390 296 444 2391 2391 248 441 2392 2392 249 437 2393 2393 300 146 2394 2394 298 148 2395 2395 297 446 2396 2396 324 457 2397 2397 305 149 2398 2398 306 449 2399 2399 325 458 2400 2400 306 449 2401 2401 254 125 2402 2402 307 452 2403 2403 308 460 2404 2404 321 157 2405 2405 326 158 2406 2406 311 159 2407 2407 312 451 2408 2408 327 459 2409 2409 312 451 2410 2410 256 114 2411 2411 314 153 2412 2412 324 457 2413 2413 325 458 2414 2414 312 451 2415 2415 311 159 2416 2416 308 460 2417 2417 309 461 2418 2418 376 132 2419 2419 377 191 2420 2420 332 462 2421 2421 328 464 2422 2422 0 216 2423 2423 341 463 2424 2424 271 23 2425 2425 0 216 2426 2426 338 465 2427 2427 333 468 2428 2428 1 123 2429 2429 1 123 2430 2430 333 468 2431 2431 340 466 2432 2432 339 162 2433 2433 331 161 2434 2434 332 462 2435 2435 332 462 2436 2436 267 226 2437 2437 270 221 2438 2438 334 467 2439 2439 339 162 2440 2440 340 466 2441 2441 330 160 2442 2442 388 197 2443 2443 378 136 2444 2444 332 462 2445 2445 331 161 2446 2446 329 164 2447 2447 275 5 2448 2448 348 471 2449 2449 344 469 2450 2450 389 139 2451 2451 379 193 2452 2452 336 167 2453 2453 350 165 2454 2454 347 478 2455 2455 348 471 2456 2456 277 127 2457 2457 351 472 2458 2458 348 471 2459 2459 356 473 2460 2460 352 476 2461 2461 278 15 2462 2462 283 116 2463 2463 361 479 2464 2464 357 475 2465 2465 353 166 2466 2466 350 165 2467 2467 351 472 2468 2468 278 15 2469 2469 352 476 2470 2470 351 472 2471 2471 355 170 2472 2472 353 166 2473 2473 352 476 2474 2474 337 168 2475 2475 334 467 2476 2476 333 468 2477 2477 388 197 2478 2478 330 160 2479 2479 335 477 2480 2480 337 168 2481 2481 338 465 2482 2482 344 469 2483 2483 273 113 2484 2484 344 469 2485 2485 338 465 2486 2486 347 478 2487 2487 345 169 2488 2488 344 469 2489 2489 357 475 2490 2490 358 171 2491 2491 355 170 2492 2492 357 475 2493 2493 356 473 2494 2494 280 474 2495 2495 361 479 2496 2496 360 172 2497 2497 358 171 2498 2498 316 154 2499 2499 314 153 2500 2500 313 454 2501 2501 363 480 2502 2502 362 173 2503 2503 360 172 2504 2504 361 479 2505 2505 283 116 2506 2506 285 121 2507 2507 366 481 2508 2508 365 177 2509 2509 362 173 2510 2510 366 481 2511 2511 363 480 2512 2512 285 121 2513 2513 341 463 2514 2514 342 163 2515 2515 326 158 2516 2516 327 459 2517 2517 265 436 2518 2518 271 23 2519 2519 328 464 2520 2520 329 164 2521 2521 342 163 2522 2522 384 482 2523 2523 382 211 2524 2524 369 175 2525 2525 295 483 2526 2526 293 174 2527 2527 292 484 2528 2528 374 485 2529 2529 370 486 2530 2530 288 129 2531 2531 374 485 2532 2532 373 488 2533 2533 371 178 2534 2534 367 445 2535 2535 374 485 2536 2536 291 128 2537 2537 382 211 2538 2538 383 145 2539 2539 372 487 2540 2540 370 486 2541 2541 371 178 2542 2542 365 177 2543 2543 370 486 2544 2544 366 481 2545 2545 286 11 2546 2546 367 445 2547 2547 368 176 2548 2548 373 488 2549 2549 10 231 2550 2550 248 441 2551 2551 245 434 2552 2552 293 174 2553 2553 295 483 2554 2554 294 443 2555 2555 299 147 2556 2556 300 146 2557 2557 303 151 2558 2558 309 461 2559 2559 308 460 2560 2560 311 159 2561 2561 315 152 2562 2562 316 154 2563 2563 319 156 2564 2564 294 443 2565 2565 295 483 2566 2566 298 148 2567 2567 305 149 2568 2568 324 457 2569 2569 323 450 2570 2570 321 157 2571 2571 308 460 2572 2572 309 461 2573 2573 329 164 2574 2574 331 161 2575 2575 330 160 2576 2576 335 477 2577 2577 334 467 2578 2578 337 168 2579 2579 345 169 2580 2580 347 478 2581 2581 346 470 2582 2582 346 470 2583 2583 347 478 2584 2584 350 165 2585 2585 349 137 2586 2586 353 166 2587 2587 355 170 2588 2588 358 171 2589 2589 360 172 2590 2590 359 142 2591 2591 339 162 2592 2592 334 467 2593 2593 335 477 2594 2594 323 450 2595 2595 324 457 2596 2596 314 153 2597 2597 362 173 2598 2598 365 177 2599 2599 364 144 2600 2600 326 158 2601 2601 342 163 2602 2602 343 135 2603 2603 371 178 2604 2604 373 488 2605 2605 372 487 2606 2606 372 487 2607 2607 373 488 2608 2608 368 176 2609 2609 292 484 2610 2610 293 174 2611 2611 368 176 2612 2612 384 482 2613 2613 392 657 2614 2614 391 212 2615 2615 395 182 2616 2616 394 181 2617 2617 375 180 2618 2618 400 189 2619 2619 386 188 2620 2620 377 191 2621 2621 393 179 2622 2622 392 657 2623 2623 384 482 2624 2624 403 206 2625 2625 396 184 2626 2626 385 183 2627 2627 387 134 2628 2628 404 210 2629 2629 398 185 2630 2630 397 186 2631 2631 402 192 2632 2632 377 191 2633 2633 406 196 2634 2634 405 658 2635 2635 378 136 2636 2636 378 136 2637 2637 405 658 2638 2638 410 209 2639 2639 389 139 2640 2640 412 200 2641 2641 411 205 2642 2642 414 202 2643 2643 413 199 2644 2644 389 139 2645 2645 407 195 2646 2646 409 198 2647 2647 388 197 2648 2648 416 204 2649 2649 415 201 2650 2650 380 138 2651 2651 390 143 2652 2652 418 208 2653 2653 417 203 2654 2654 382 211 2655 2655 420 213 2656 2656 422 214 2657 2657 419 207 2658 2658 390 143 2659 2659 383 145 2660 2660 423 489 2661 2661 391 541 2662 2662 392 490 2663 2663 426 492 2664 2664 425 508 2665 2665 393 493 2666 2666 395 495 2667 2667 427 496 2668 2668 426 492 2669 2669 427 496 2670 2670 395 495 2671 2671 396 497 2672 2672 430 499 2673 2673 429 659 2674 2674 397 500 2675 2675 432 502 2676 2676 431 535 2677 2677 399 503 2678 2678 434 505 2679 2679 433 660 2680 2680 401 506 2681 2681 401 506 2682 2682 433 660 2683 2683 432 502 2684 2684 425 508 2685 2685 424 491 2686 2686 392 490 2687 2687 435 509 2688 2688 428 498 2689 2689 396 497 2690 2690 404 511 2691 2691 436 661 2692 2692 430 499 2693 2693 397 500 2694 2694 429 659 2695 2695 434 505 2696 2696 438 512 2697 2697 437 521 2698 2698 405 513 2699 2699 408 515 2700 2700 440 533 2701 2701 439 516 2702 2702 441 518 2703 2703 438 512 2704 2704 406 514 2705 2705 442 520 2706 2706 410 540 2707 2707 405 513 2708 2708 412 522 2709 2709 444 526 2710 2710 443 523 2711 2711 413 525 2712 2712 445 662 2713 2713 444 526 2714 2714 415 527 2715 2715 447 534 2716 2716 446 528 2717 2717 417 530 2718 2718 449 537 2719 2719 448 531 2720 2720 446 528 2721 2721 445 662 2722 2722 413 525 2723 2723 439 516 2724 2724 441 518 2725 2725 409 519 2726 2726 411 524 2727 2727 443 523 2728 2728 440 533 2729 2729 447 534 2730 2730 415 527 2731 2731 416 532 2732 2732 431 535 2733 2733 435 509 2734 2734 403 510 2735 2735 418 536 2736 2736 450 539 2737 2737 449 537 2738 2738 419 538 2739 2739 451 663 2740 2740 450 539 2741 2741 442 520 2742 2742 436 661 2743 2743 404 511 2744 2744 391 541 2745 2745 423 489 2746 2746 452 542 2747 2747 454 544 2748 2748 453 547 2749 2749 421 545 2750 2750 420 543 2751 2751 452 542 2752 2752 454 544 2753 2753 453 547 2754 2754 451 663 2755 2755 419 538 2756 2756 456 548 2757 2757 455 664 2758 2758 423 549 2759 2759 426 551 2760 2760 458 555 2761 2761 457 552 2762 2762 427 554 2763 2763 459 554 2764 2764 458 555 2765 2765 428 554 2766 2766 460 565 2767 2767 459 554 2768 2768 462 556 2769 2769 461 568 2770 2770 429 557 2771 2771 464 558 2772 2772 463 594 2773 2773 431 559 2774 2774 434 561 2775 2775 466 567 2776 2776 465 562 2777 2777 433 563 2778 2778 465 562 2779 2779 464 558 2780 2780 457 552 2781 2781 456 548 2782 2782 424 550 2783 2783 435 564 2784 2784 463 594 2785 2785 460 565 2786 2786 467 554 2787 2787 462 556 2788 2788 430 554 2789 2789 466 567 2790 2790 434 561 2791 2791 429 557 2792 2792 438 569 2793 2793 469 665 2794 2794 468 570 2795 2795 440 572 2796 2796 471 666 2797 2797 470 573 2798 2798 472 575 2799 2799 469 665 2800 2800 438 569 2801 2801 468 570 2802 2802 473 597 2803 2803 442 577 2804 2804 475 578 2805 2805 474 590 2806 2806 443 579 2807 2807 476 581 2808 2808 475 578 2809 2809 444 580 2810 2810 478 583 2811 2811 477 589 2812 2812 446 584 2813 2813 480 586 2814 2814 479 591 2815 2815 448 587 2816 2816 477 589 2817 2817 476 581 2818 2818 445 582 2819 2819 439 574 2820 2820 470 573 2821 2821 472 575 2822 2822 474 590 2823 2823 471 666 2824 2824 440 572 2825 2825 479 591 2826 2826 478 583 2827 2827 447 585 2828 2828 481 592 2829 2829 480 586 2830 2830 449 588 2831 2831 482 595 2832 2832 481 592 2833 2833 450 593 2834 2834 473 597 2835 2835 467 554 2836 2836 436 566 2837 2837 423 549 2838 2838 455 664 2839 2839 483 598 2840 2840 485 554 2841 2841 484 667 2842 2842 453 599 2843 2843 483 598 2844 2844 485 554 2845 2845 454 554 2846 2846 453 599 2847 2847 484 667 2848 2848 482 595 2849 2849 289 439 2850 2850 284 613 2851 2851 482 600 2852 2852 485 602 2853 2853 290 604 2854 2854 289 439 2855 2855 246 605 2856 2856 290 604 2857 2857 483 603 2858 2858 473 607 2859 2859 272 630 2860 2860 255 608 2861 2861 481 610 2862 2862 284 613 2863 2863 282 611 2864 2864 479 614 2865 2865 282 611 2866 2866 279 615 2867 2867 474 617 2868 2868 274 629 2869 2869 268 618 2870 2870 470 620 2871 2871 268 618 2872 2872 266 621 2873 2873 279 615 2874 2874 276 624 2875 2875 477 623 2876 2876 276 624 2877 2877 274 629 2878 2878 475 626 2879 2879 266 621 2880 2880 272 630 2881 2881 468 627 2882 2882 263 631 2883 2883 252 646 2884 2884 460 632 2885 2885 466 634 2886 2886 261 636 2887 2887 258 638 2888 2888 464 643 2889 2889 258 638 2890 2890 263 631 2891 2891 255 608 2892 2892 261 636 2893 2893 461 635 2894 2894 459 644 2895 2895 252 646 2896 2896 250 440 2897 2897 250 440 2898 2898 247 642 2899 2899 457 641 2900 2900 456 640 2901 2901 247 642 2902 2902 246 605 2903 2903</p>
        </triangles>
      </mesh>
    </geometry>
    <geometry id="colMeshA_1-mesh" name="colMeshA_1">
      <mesh>
        <source id="colMeshA_1-mesh-positions">
          <float_array id="colMeshA_1-mesh-positions-array" count="24">-0.6 -0.3 -0.6 -0.6 -0.3 0.6 -0.6 0.3 -0.6 -0.6 0.3 0.6 0.6 -0.3 -0.6 0.6 -0.3 0.6 0.6 0.3 -0.6 0.6 0.3 0.6</float_array>
          <technique_common>
            <accessor source="#colMeshA_1-mesh-positions-array" count="8" stride="3">
              <param name="X" type="float"/>
              <param name="Y" type="float"/>
              <param name="Z" type="float"/>
            </accessor>
          </technique_common>
        </source>
        <source id="colMeshA_1-mesh-normals">
          <float_array id="colMeshA_1-mesh-normals-array" count="36">-1 0 0 0 1 0 1 0 0 0 -1 0 0 0 -1 0 0 1 -1 0 0 0 1 0 1 0 0 0 -1 0 0 0 -1 0 0 1</float_array>
          <technique_common>
            <accessor source="#colMeshA_1-mesh-normals-array" count="12" stride="3">
              <param name="X" type="float"/>
              <param name="Y" type="float"/>
              <param name="Z" type="float"/>
            </accessor>
          </technique_common>
        </source>
        <source id="colMeshA_1-mesh-map-0">
          <float_array id="colMeshA_1-mesh-map-0-array" count="72">0.625 0 0.375 0.25 0.375 0 0.625 0.25 0.375 0.5 0.375 0.25 0.625 0.5 0.375 0.75 0.375 0.5 0.625 0.75 0.375 1 0.375 0.75 0.375 0.5 0.125 0.75 0.125 0.5 0.875 0.5 0.625 0.75 0.625 0.5 0.625 0 0.625 0.25 0.375 0.25 0.625 0.25 0.625 0.5 0.375 0.5 0.625 0.5 0.625 0.75 0.375 0.75 0.625 0.75 0.625 1 0.375 1 0.375 0.5 0.375 0.75 0.125 0.75 0.875 0.5 0.875 0.75 0.625 0.75</float_array>
          <technique_common>
            <accessor source="#colMeshA_1-mesh-map-0-array" count="36" stride="2">
              <param name="S" type="float"/>
              <param name="T" type="float"/>
            </accessor>
          </technique_common>
        </source>
        <vertices id="colMeshA_1-mesh-vertices">
          <input semantic="POSITION" source="#colMeshA_1-mesh-positions"/>
        </vertices>
        <triangles count="12">
          <input semantic="VERTEX" source="#colMeshA_1-mesh-vertices" offset="0"/>
          <input semantic="NORMAL" source="#colMeshA_1-mesh-normals" offset="1"/>
          <input semantic="TEXCOORD" source="#colMeshA_1-mesh-map-0" offset="2" set="0"/>
          <p>1 0 0 2 0 1 0 0 2 3 1 3 6 1 4 2 1 5 7 2 6 4 2 7 6 2 8 5 3 9 0 3 10 4 3 11 6 4 12 0 4 13 2 4 14 3 5 15 5 5 16 7 5 17 1 6 18 3 6 19 2 6 20 3 7 21 7 7 22 6 7 23 7 8 24 5 8 25 4 8 26 5 9 27 1 9 28 0 9 29 6 10 30 4 10 31 0 10 32 3 11 33 1 11 34 5 11 35</p>
        </triangles>
      </mesh>
    </geometry>
    <geometry id="Wheel_LOD300-mesh" name="Wheel_LOD300">
      <mesh>
        <source id="Wheel_LOD300-mesh-positions">
          <float_array id="Wheel_LOD300-mesh-positions-array" count="1824">0.4988817 -8.04663e-7 -0.3333423 0.5543277 -8.34465e-7 -0.2296102 0.5884712 -8.34465e-7 -0.1170544 0.5999999 -8.34465e-7 -1.78814e-7 0.5884712 -8.34465e-7 0.1170539 0.5543277 -8.34465e-7 0.2296099 0.4988817 -8.04663e-7 0.3333419 0.4242641 -8.04663e-7 0.4242638 0.3333421 -8.34465e-7 0.4988815 0.22961 -8.19564e-7 0.5543275 0.1170542 -8.27014e-7 0.5884709 0 -8.34465e-7 0.5999998 -0.1170542 -8.41916e-7 0.5884709 -0.2296099 -8.49366e-7 0.5543275 -0.3333421 -8.34465e-7 0.4988815 -0.424264 -8.64267e-7 0.4242638 -0.4988818 -8.64267e-7 0.3333419 -0.5543277 -8.34465e-7 0.2296099 -0.5884712 -8.34465e-7 0.1170539 -0.5999999 -8.34465e-7 -1.78814e-7 0.4242641 -8.04663e-7 -0.4242642 0.3333421 -8.34465e-7 -0.4988819 0.22961 -8.19564e-7 -0.5543279 0.1170542 -8.27014e-7 -0.5884713 0 -8.34465e-7 -0.6000002 -0.1170542 -8.41916e-7 -0.5884713 -0.2296099 -8.49366e-7 -0.5543279 -0.3333421 -8.34465e-7 -0.4988819 -0.424264 -8.64267e-7 -0.4242642 -0.4988818 -8.64267e-7 -0.3333423 -0.5543277 -8.34465e-7 -0.2296102 -0.5884712 -8.34465e-7 -0.1170544 -0.5999999 0.1733859 -1.78814e-7 -0.1707322 0.1823141 -1.78814e-7 -0.1674516 0.182314 -0.03330826 -0.5884712 0.1733859 -0.1170544 -0.5543277 0.1733859 -0.2296102 -0.1577358 0.1823141 -0.06533658 -0.1419584 0.1823142 -0.09485393 -0.4988818 0.1733859 -0.3333423 -0.1207258 0.1823141 -0.120726 -0.424264 0.1733859 -0.4242642 -0.09485387 0.1823141 -0.1419587 -0.3333421 0.1733859 -0.4988819 0.3333421 0.1733859 -0.4988819 0.09485375 0.1823141 -0.1419587 0.1207258 0.1823141 -0.120726 0.4242641 0.1733859 -0.4242642 -0.1170542 0.1733859 -0.5884713 -0.03330826 0.1823142 -0.1674517 0 0.1823139 -0.1707323 0 0.1733859 -0.6000002 0.1170542 0.1733859 -0.5884713 0.03330826 0.1823142 -0.1674517 0.06533634 0.1823141 -0.1577361 0.22961 0.1733859 -0.5543279 -0.06533646 0.1823141 -0.1577361 -0.2296099 0.1733859 -0.5543279 0.1419584 0.1823142 -0.09485393 0.4988817 0.1733859 -0.3333423 0.5884712 0.1733859 -0.1170544 0.1674516 0.182314 -0.03330826 0.1707321 0.1823141 -1.78814e-7 0.5999999 0.1733859 -1.78814e-7 0.5543277 0.1733859 0.2296099 0.1577358 0.1823141 0.06533616 0.1419584 0.1823141 0.09485369 0.4988817 0.1733859 0.3333419 0.1674516 0.1823141 0.03330785 0.5884712 0.1733859 0.1170539 0.5543277 0.1733859 -0.2296102 0.1577358 0.1823141 -0.06533658 0.4242641 0.1733859 0.4242638 0.1207257 0.1823141 0.1207256 0.09485375 0.1823141 0.1419583 0.3333421 0.1733859 0.4988815 0.06533634 0.1823142 0.1577357 0.22961 0.1733859 0.5543275 0.1170542 0.1733859 0.5884709 0.03330814 0.1823139 0.1674513 0 0.1823143 0.1707319 0 0.1733859 0.5999998 -0.1170542 0.1733859 0.5884709 -0.03330826 0.1823139 0.1674513 -0.06533646 0.1823142 0.1577357 -0.2296099 0.1733859 0.5543275 -0.09485363 0.1823141 0.1419584 -0.3333421 0.1733859 0.4988815 -0.1207258 0.1823141 0.1207256 -0.424264 0.1733859 0.4242638 -0.5884712 0.1733859 0.1170539 -0.1674516 0.1823141 0.03330785 -0.4988818 0.1733859 0.3333419 -0.1419584 0.1823141 0.09485369 -0.1577358 0.1823141 0.06533616 -0.5543277 0.1733859 0.2296099 -0.5709388 0.2131963 -1.78814e-7 -0.5331459 0.2351409 -1.78814e-7 -0.4766283 0.249538 -2.98023e-7 -0.4674702 0.249538 -0.09298574 -0.5229018 0.2351409 -0.1040117 -0.5599685 0.2131963 -0.1113848 -0.5274787 0.2131963 -0.218489 -0.4925628 0.2351409 -0.2040263 -0.4403472 0.249538 -0.182398 -0.396302 0.2495381 -0.2648008 -0.4432948 0.2351409 -0.2962003 -0.4747183 0.2131963 -0.3171968 -0.3370271 0.249538 -0.3370273 -0.3769913 0.2351409 -0.3769914 -0.4037147 0.2131963 -0.4037149 -0.2648006 0.249538 -0.3963022 -0.2962 0.2351409 -0.4432949 -0.3171966 0.2131963 -0.4747185 0.3171966 0.2131963 -0.4747185 0.2962 0.2351409 -0.4432949 0.2648006 0.249538 -0.3963022 0.3370272 0.249538 -0.3370273 0.3769912 0.2351409 -0.3769914 0.4037147 0.2131963 -0.4037149 -0.1113846 0.2131963 -0.5599685 -0.1040117 0.235141 -0.5229018 -0.09298563 0.2495381 -0.4674702 0 0.2495379 -0.4766286 0 0.2351408 -0.5331462 0 0.2131962 -0.570939 0.1113846 0.2131963 -0.5599685 0.1040116 0.235141 -0.5229018 0.09298563 0.2495381 -0.4674702 0.1823977 0.249538 -0.4403473 0.2040262 0.2351409 -0.4925629 0.2184888 0.2131963 -0.5274789 -0.1823978 0.249538 -0.4403473 -0.2040262 0.2351409 -0.4925629 -0.2184889 0.2131963 -0.5274789 0.396302 0.2495381 -0.2648008 0.4432948 0.2351409 -0.2962003 0.4747183 0.2131963 -0.3171968 0.5599685 0.2131963 -0.1113848 0.5229018 0.2351409 -0.1040117 0.4674701 0.249538 -0.09298574 0.4766283 0.249538 -1.78814e-7 0.533146 0.2351409 -1.78814e-7 0.5709388 0.2131963 -1.78814e-7 0.5274787 0.2131963 0.2184887 0.4925628 0.2351409 0.2040259 0.4403472 0.249538 0.1823976 0.3963019 0.249538 0.2648004 0.4432947 0.2351409 0.2961999 0.4747183 0.2131963 0.3171965 0.4674701 0.249538 0.09298527 0.5229018 0.2351409 0.1040114 0.5599684 0.2131963 0.1113844 0.5274787 0.2131963 -0.218489 0.4925628 0.2351409 -0.2040263 0.4403472 0.249538 -0.182398 0.4037147 0.2131963 0.4037145 0.3769912 0.2351409 0.376991 0.3370272 0.249538 0.3370269 0.2648006 0.249538 0.3963018 0.2962 0.2351409 0.4432945 0.3171966 0.2131963 0.4747182 0.1823977 0.2495381 0.4403471 0.2040262 0.235141 0.4925624 0.2184888 0.2131963 0.5274786 0.1113846 0.2131963 0.5599681 0.1040116 0.2351408 0.5229017 0.09298563 0.2495379 0.4674701 0 0.2495383 0.4766282 0 0.235141 0.533146 0 0.2131963 0.5709387 -0.1113846 0.2131963 0.5599681 -0.1040117 0.2351408 0.5229017 -0.09298563 0.2495379 0.4674701 -0.1823978 0.2495381 0.4403471 -0.2040262 0.235141 0.4925624 -0.2184889 0.2131963 0.5274786 -0.2648006 0.249538 0.3963018 -0.2962 0.2351409 0.4432945 -0.3171966 0.2131963 0.4747182 -0.3370271 0.249538 0.3370269 -0.3769913 0.2351409 0.376991 -0.4037147 0.2131963 0.4037145 -0.5599685 0.2131963 0.1113844 -0.5229018 0.2351409 0.1040114 -0.4674702 0.249538 0.09298527 -0.4747183 0.2131963 0.3171965 -0.4432948 0.2351409 0.2961999 -0.396302 0.249538 0.2648004 -0.4403472 0.249538 0.1823976 -0.4925628 0.2351409 0.2040259 -0.5274787 0.2131963 0.2184887 -0.3905263 0.2551618 -2.38419e-7 -0.3607993 0.2551618 -0.1494481 0.2169648 0.2551619 -0.3247109 -0.07618808 0.2551619 -0.3830226 0.07618796 0.2551619 -0.3830226 0.3830224 0.2551618 -0.07618802 0.3607992 0.2551619 0.1494478 0.3607992 0.2551619 -0.1494481 0.2761438 0.2551619 0.2761436 0.07618796 0.2551617 0.3830222 -0.07618808 0.2551617 0.3830222 -0.3830223 0.2551618 0.07618761 -0.3247106 0.2551619 0.2169647 -0.3830223 0.2551617 -0.07618802 -0.3247106 0.2551619 -0.216965 -0.2761438 0.2551619 -0.276144 -0.2169647 0.2551619 -0.3247109 0.2761438 0.2551619 -0.276144 0 0.2551617 -0.3905264 0.1494479 0.2551619 -0.3607994 -0.1494479 0.2551619 -0.3607994 0.3247106 0.2551619 -0.216965 0.3905263 0.2551619 -1.78814e-7 0.3247106 0.2551619 0.2169647 0.3830224 0.2551619 0.07618761 0.2169648 0.2551619 0.3247105 0.1494479 0.255162 0.360799 0 0.2551621 0.3905261 -0.1494479 0.255162 0.360799 -0.2169647 0.2551619 0.3247105 -0.2761438 0.2551619 0.2761436 -0.3607993 0.2551618 0.1494478 -0.3301854 0.2459208 -2.38419e-7 -0.3238409 0.2459208 -0.06441605 -0.3050513 0.2459208 -0.1263567 -0.274539 0.245921 -0.1834414 -0.2334764 0.2459208 -0.2334765 -0.1834411 0.2459208 -0.2745392 0.1834411 0.2459208 -0.2745392 0.2334762 0.2459208 -0.2334765 -0.06441593 0.245921 -0.323841 0 0.2459206 -0.3301855 0.06441605 0.245921 -0.323841 0.1263564 0.2459208 -0.3050516 -0.1263563 0.2459208 -0.3050516 0.274539 0.245921 -0.1834414 0.3238409 0.2459208 -0.06441605 0.3301854 0.2459208 -1.78814e-7 0.3050515 0.2459208 0.1263563 0.274539 0.2459208 0.1834411 0.3238409 0.2459208 0.06441569 0.3050515 0.2459208 -0.1263567 0.2334762 0.2459208 0.2334761 0.1834411 0.2459208 0.2745388 0.1263564 0.245921 0.3050512 0.06441605 0.2459206 0.3238407 0 0.2459211 0.3301851 -0.06441593 0.2459206 0.3238407 -0.1263563 0.245921 0.3050513 -0.1834411 0.2459208 0.2745388 -0.2334761 0.2459208 0.2334761 -0.3238409 0.2459208 0.06441569 -0.274539 0.2459208 0.1834411 -0.3050513 0.2459208 0.1263563 -0.3182249 0.259727 -2.38419e-7 -0.3121104 0.2597269 -0.0620827 -0.2940016 0.259727 -0.1217796 -0.2645943 0.259727 -0.1767965 -0.2250189 0.259727 -0.2250192 -0.1767964 0.259727 -0.2645945 0.1767963 0.259727 -0.2645945 0.2250189 0.259727 -0.2250192 -0.06208276 0.2597271 -0.3121105 0 0.2597268 -0.3182251 0.06208258 0.2597271 -0.3121105 0.1217794 0.259727 -0.2940016 -0.1217794 0.259727 -0.2940016 0.2645943 0.259727 -0.1767965 0.3121103 0.2597269 -0.0620827 0.3182249 0.259727 -1.78814e-7 0.2940015 0.259727 0.1217792 0.2645942 0.259727 0.1767963 0.3121103 0.259727 0.06208229 0.2940015 0.259727 -0.1217796 0.2250189 0.259727 0.2250188 0.1767963 0.259727 0.2645941 0.1217794 0.2597271 0.2940012 0.06208258 0.2597268 0.3121101 0 0.2597272 0.3182247 -0.06208276 0.2597268 0.3121101 -0.1217794 0.2597271 0.2940013 -0.1767964 0.259727 0.2645941 -0.2250189 0.259727 0.2250188 -0.3121104 0.259727 0.06208229 -0.2645941 0.259727 0.1767963 -0.2940016 0.259727 0.1217792 -0.2726286 0.259727 -2.38419e-7 -0.26739 0.2597269 -0.05318725 -0.2518759 0.259727 -0.1043305 -0.2266821 0.259727 -0.1514645 -0.1927773 0.259727 -0.1927776 -0.1514642 0.259727 -0.2266824 0.1514642 0.259727 -0.2266824 0.1927773 0.259727 -0.1927776 -0.05318713 0.2597271 -0.2673901 0 0.2597268 -0.2726286 0.05318719 0.2597271 -0.2673901 0.1043304 0.259727 -0.2518759 -0.1043303 0.259727 -0.2518759 0.2266821 0.259727 -0.1514645 0.26739 0.2597269 -0.05318725 0.2726284 0.259727 -1.78814e-7 0.2518758 0.259727 0.1043302 0.226682 0.259727 0.1514642 0.26739 0.259727 0.05318689 0.2518758 0.259727 -0.1043305 0.1927773 0.259727 0.1927772 0.1514643 0.259727 0.226682 0.1043304 0.2597271 0.2518756 0.05318719 0.2597268 0.2673897 0 0.2597272 0.2726283 -0.05318713 0.2597268 0.2673897 -0.1043303 0.2597271 0.2518756 -0.1514642 0.259727 0.2266821 -0.1927773 0.259727 0.1927772 -0.26739 0.259727 0.05318689 -0.2266821 0.259727 0.1514642 -0.2518759 0.259727 0.1043302 -0.5999999 -0.1733876 -1.78814e-7 -0.1707322 -0.1823158 -1.78814e-7 -0.1674516 -0.1823157 -0.03330826 -0.5884712 -0.1733876 -0.1170544 -0.5543277 -0.1733876 -0.2296102 -0.1577358 -0.1823158 -0.06533658 -0.1419584 -0.1823159 -0.09485393 -0.4988818 -0.1733876 -0.3333423 -0.1207258 -0.1823158 -0.120726 -0.424264 -0.1733876 -0.4242642 -0.09485387 -0.1823158 -0.1419587 -0.3333421 -0.1733876 -0.4988819 0.3333421 -0.1733876 -0.4988819 0.09485375 -0.1823158 -0.1419587 0.1207258 -0.1823158 -0.120726 0.4242641 -0.1733876 -0.4242642 -0.1170542 -0.1733876 -0.5884713 -0.03330826 -0.1823159 -0.1674517 0 -0.1823155 -0.1707323 0 -0.1733876 -0.6000002 0.1170542 -0.1733876 -0.5884713 0.03330826 -0.1823159 -0.1674517 0.06533634 -0.1823158 -0.1577361 0.22961 -0.1733876 -0.5543279 -0.06533646 -0.1823158 -0.1577361 -0.2296099 -0.1733876 -0.5543279 0.1419584 -0.1823159 -0.09485393 0.4988817 -0.1733876 -0.3333423 0.5884712 -0.1733876 -0.1170544 0.1674516 -0.1823157 -0.03330826 0.1707321 -0.1823158 -1.78814e-7 0.5999999 -0.1733876 -1.78814e-7 0.5543277 -0.1733876 0.2296099 0.1577358 -0.1823158 0.06533616 0.1419584 -0.1823158 0.09485369 0.4988817 -0.1733876 0.3333419 0.1674516 -0.1823158 0.03330785 0.5884712 -0.1733876 0.1170539 0.5543277 -0.1733876 -0.2296102 0.1577358 -0.1823158 -0.06533658 0.4242641 -0.1733876 0.4242638 0.1207257 -0.1823158 0.1207256 0.09485375 -0.1823158 0.1419583 0.3333421 -0.1733876 0.4988815 0.06533634 -0.1823159 0.1577357 0.22961 -0.1733876 0.5543275 0.1170542 -0.1733876 0.5884709 0.03330814 -0.1823155 0.1674513 0 -0.182316 0.1707319 0 -0.1733876 0.5999998 -0.1170542 -0.1733876 0.5884709 -0.03330826 -0.1823155 0.1674513 -0.06533646 -0.1823159 0.1577357 -0.2296099 -0.1733876 0.5543275 -0.09485363 -0.1823158 0.1419584 -0.3333421 -0.1733876 0.4988815 -0.1207258 -0.1823158 0.1207256 -0.424264 -0.1733876 0.4242638 -0.5884712 -0.1733876 0.1170539 -0.1674516 -0.1823158 0.03330785 -0.4988818 -0.1733876 0.3333419 -0.1419584 -0.1823158 0.09485369 -0.1577358 -0.1823158 0.06533616 -0.5543277 -0.1733876 0.2296099 -0.5709388 -0.213198 -1.78814e-7 -0.5331459 -0.2351425 -1.78814e-7 -0.4766283 -0.2495397 -2.98023e-7 -0.4674702 -0.2495397 -0.09298574 -0.5229018 -0.2351425 -0.1040117 -0.5599685 -0.213198 -0.1113848 -0.5274787 -0.213198 -0.218489 -0.4925628 -0.2351425 -0.2040263 -0.4403472 -0.2495397 -0.182398 -0.396302 -0.2495398 -0.2648008 -0.4432948 -0.2351425 -0.2962003 -0.4747183 -0.213198 -0.3171968 -0.3370271 -0.2495397 -0.3370273 -0.3769913 -0.2351425 -0.3769914 -0.4037147 -0.213198 -0.4037149 -0.2648006 -0.2495397 -0.3963022 -0.2962 -0.2351425 -0.4432949 -0.3171966 -0.213198 -0.4747185 0.3171966 -0.213198 -0.4747185 0.2962 -0.2351425 -0.4432949 0.2648006 -0.2495397 -0.3963022 0.3370272 -0.2495397 -0.3370273 0.3769912 -0.2351425 -0.3769914 0.4037147 -0.213198 -0.4037149 -0.1113846 -0.213198 -0.5599685 -0.1040117 -0.2351427 -0.5229018 -0.09298563 -0.2495398 -0.4674702 0 -0.2495396 -0.4766286 0 -0.2351424 -0.5331462 0 -0.2131979 -0.570939 0.1113846 -0.213198 -0.5599685 0.1040116 -0.2351427 -0.5229018 0.09298563 -0.2495398 -0.4674702 0.1823977 -0.2495397 -0.4403473 0.2040262 -0.2351425 -0.4925629 0.2184888 -0.213198 -0.5274789 -0.1823978 -0.2495397 -0.4403473 -0.2040262 -0.2351425 -0.4925629 -0.2184889 -0.213198 -0.5274789 0.396302 -0.2495398 -0.2648008 0.4432948 -0.2351425 -0.2962003 0.4747183 -0.213198 -0.3171968 0.5599685 -0.213198 -0.1113848 0.5229018 -0.2351425 -0.1040117 0.4674701 -0.2495397 -0.09298574 0.4766283 -0.2495397 -1.78814e-7 0.533146 -0.2351425 -1.78814e-7 0.5709388 -0.213198 -1.78814e-7 0.5274787 -0.213198 0.2184887 0.4925628 -0.2351425 0.2040259 0.4403472 -0.2495397 0.1823976 0.3963019 -0.2495397 0.2648004 0.4432947 -0.2351425 0.2961999 0.4747183 -0.213198 0.3171965 0.4674701 -0.2495397 0.09298527 0.5229018 -0.2351425 0.1040114 0.5599684 -0.213198 0.1113844 0.5274787 -0.213198 -0.218489 0.4925628 -0.2351425 -0.2040263 0.4403472 -0.2495397 -0.182398 0.4037147 -0.213198 0.4037145 0.3769912 -0.2351425 0.376991 0.3370272 -0.2495397 0.3370269 0.2648006 -0.2495397 0.3963018 0.2962 -0.2351425 0.4432945 0.3171966 -0.213198 0.4747182 0.1823977 -0.2495398 0.4403471 0.2040262 -0.2351427 0.4925624 0.2184888 -0.213198 0.5274786 0.1113846 -0.213198 0.5599681 0.1040116 -0.2351424 0.5229017 0.09298563 -0.2495396 0.4674701 0 -0.2495399 0.4766282 0 -0.2351427 0.533146 0 -0.213198 0.5709387 -0.1113846 -0.213198 0.5599681 -0.1040117 -0.2351424 0.5229017 -0.09298563 -0.2495396 0.4674701 -0.1823978 -0.2495398 0.4403471 -0.2040262 -0.2351427 0.4925624 -0.2184889 -0.213198 0.5274786 -0.2648006 -0.2495397 0.3963018 -0.2962 -0.2351425 0.4432945 -0.3171966 -0.213198 0.4747182 -0.3370271 -0.2495397 0.3370269 -0.3769913 -0.2351425 0.376991 -0.4037147 -0.213198 0.4037145 -0.5599685 -0.213198 0.1113844 -0.5229018 -0.2351425 0.1040114 -0.4674702 -0.2495397 0.09298527 -0.4747183 -0.213198 0.3171965 -0.4432948 -0.2351425 0.2961999 -0.396302 -0.2495397 0.2648004 -0.4403472 -0.2495397 0.1823976 -0.4925628 -0.2351425 0.2040259 -0.5274787 -0.213198 0.2184887 -0.3905263 -0.2551636 -2.38419e-7 -0.3607993 -0.2551636 -0.1494481 0.2169648 -0.2551635 -0.3247109 -0.07618808 -0.2551636 -0.3830226 0.07618796 -0.2551636 -0.3830226 0.3830224 -0.2551634 -0.07618802 0.3607992 -0.2551634 0.1494478 0.3607992 -0.2551634 -0.1494481 0.2761438 -0.2551635 0.2761436 0.07618796 -0.2551633 0.3830222 -0.07618808 -0.2551633 0.3830222 -0.3830223 -0.2551636 0.07618761 -0.3247106 -0.2551635 0.2169647 -0.3830223 -0.2551634 -0.07618802 -0.3247106 -0.2551636 -0.216965 -0.2761438 -0.2551635 -0.276144 -0.2169647 -0.2551635 -0.3247109 0.2761438 -0.2551635 -0.276144 0 -0.2551633 -0.3905264 0.1494479 -0.2551635 -0.3607994 -0.1494479 -0.2551635 -0.3607994 0.3247106 -0.2551636 -0.216965 0.3905263 -0.2551634 -1.78814e-7 0.3247106 -0.2551635 0.2169647 0.3830224 -0.2551634 0.07618761 0.2169648 -0.2551635 0.3247105 0.1494479 -0.2551637 0.360799 0 -0.2551638 0.3905261 -0.1494479 -0.2551637 0.360799 -0.2169647 -0.2551635 0.3247105 -0.2761438 -0.2551635 0.2761436 -0.3607993 -0.2551636 0.1494478 -0.3301854 -0.2459225 -2.38419e-7 -0.3238409 -0.2459225 -0.06441605 -0.3050513 -0.2459225 -0.1263567 -0.274539 -0.2459226 -0.1834414 -0.2334764 -0.2459225 -0.2334765 -0.1834411 -0.2459225 -0.2745392 0.1834411 -0.2459225 -0.2745392 0.2334762 -0.2459225 -0.2334765 -0.06441593 -0.2459226 -0.323841 0 -0.2459223 -0.3301855 0.06441605 -0.2459226 -0.323841 0.1263564 -0.2459225 -0.3050516 -0.1263563 -0.2459225 -0.3050516 0.274539 -0.2459226 -0.1834414 0.3238409 -0.2459225 -0.06441605 0.3301854 -0.2459225 -1.78814e-7 0.3050515 -0.2459225 0.1263563 0.274539 -0.2459225 0.1834411 0.3238409 -0.2459225 0.06441569 0.3050515 -0.2459225 -0.1263567 0.2334762 -0.2459225 0.2334761 0.1834411 -0.2459225 0.2745388 0.1263564 -0.2459226 0.3050512 0.06441605 -0.2459223 0.3238407 0 -0.2459228 0.3301851 -0.06441593 -0.2459223 0.3238407 -0.1263563 -0.2459226 0.3050513 -0.1834411 -0.2459225 0.2745388 -0.2334761 -0.2459225 0.2334761 -0.3238409 -0.2459225 0.06441569 -0.274539 -0.2459225 0.1834411 -0.3050513 -0.2459225 0.1263563 -0.3182249 -0.2597287 -2.38419e-7 -0.3121104 -0.2597286 -0.0620827 -0.2940016 -0.2597287 -0.1217796 -0.2645943 -0.2597287 -0.1767965 -0.2250189 -0.2597287 -0.2250192 -0.1767964 -0.2597287 -0.2645945 0.1767963 -0.2597287 -0.2645945 0.2250189 -0.2597287 -0.2250192 -0.0620827 -0.2597288 -0.3121105 0 -0.2597284 -0.3182251 0.06208264 -0.2597288 -0.3121105 0.1217794 -0.2597287 -0.2940016 -0.1217794 -0.2597287 -0.2940016 0.2645943 -0.2597287 -0.1767965 0.3121103 -0.2597286 -0.0620827 0.3182249 -0.2597287 -1.78814e-7 0.2940015 -0.2597287 0.1217792 0.2645942 -0.2597287 0.1767963 0.3121103 -0.2597287 0.06208229 0.2940015 -0.2597287 -0.1217796 0.2250189 -0.2597287 0.2250188 0.1767963 -0.2597287 0.2645941 0.1217794 -0.2597288 0.2940012 0.06208264 -0.2597284 0.3121101 0 -0.2597289 0.3182247 -0.0620827 -0.2597284 0.3121101 -0.1217794 -0.2597288 0.2940013 -0.1767964 -0.2597287 0.2645941 -0.2250189 -0.2597287 0.2250188 -0.3121104 -0.2597287 0.06208229 -0.2645941 -0.2597287 0.1767963 -0.2940016 -0.2597287 0.1217792 -0.2726286 -0.2597287 -2.38419e-7 -0.26739 -0.2597286 -0.05318725 -0.2518759 -0.2597287 -0.1043305 -0.2266821 -0.2597287 -0.1514645 -0.1927773 -0.2597287 -0.1927776 -0.1514642 -0.2597287 -0.2266824 0.1514642 -0.2597287 -0.2266824 0.1927773 -0.2597287 -0.1927776 -0.05318707 -0.2597288 -0.2673901 0 -0.2597284 -0.2726286 0.05318725 -0.2597288 -0.2673901 0.1043304 -0.2597287 -0.2518759 -0.1043303 -0.2597287 -0.2518759 0.2266821 -0.2597287 -0.1514645 0.26739 -0.2597286 -0.05318725 0.2726284 -0.2597287 -1.78814e-7 0.2518758 -0.2597287 0.1043302 0.226682 -0.2597287 0.1514642 0.26739 -0.2597287 0.05318689 0.2518758 -0.2597287 -0.1043305 0.1927773 -0.2597287 0.1927772 0.1514643 -0.2597287 0.226682 0.1043304 -0.2597288 0.2518756 0.05318725 -0.2597284 0.2673897 0 -0.2597289 0.2726283 -0.05318707 -0.2597284 0.2673897 -0.1043303 -0.2597288 0.2518756 -0.1514642 -0.2597287 0.2266821 -0.1927773 -0.2597287 0.1927772 -0.26739 -0.2597287 0.05318689 -0.2266821 -0.2597287 0.1514642 -0.2518759 -0.2597287 0.1043302</float_array>
          <technique_common>
            <accessor source="#Wheel_LOD300-mesh-positions-array" count="608" stride="3">
              <param name="X" type="float"/>
              <param name="Y" type="float"/>
              <param name="Z" type="float"/>
            </accessor>
          </technique_common>
        </source>
        <source id="Wheel_LOD300-mesh-normals">
          <float_array id="Wheel_LOD300-mesh-normals-array" count="2550">-0.9807856 0 0.1950889 -0.9525063 0.3045189 4.8479e-7 -1 0 -7.91172e-7 0.8314692 0 0.5555708 0.6735214 0.3045246 0.6735234 0.7071063 0 0.7071073 -0.9238795 0 -0.3826836 -0.7919777 0.3045247 -0.5291844 -0.8314691 0 -0.555571 0.5291825 0.3045223 0.7919799 0.5555703 0 0.8314697 0.7071071 0 -0.7071065 0.5291822 0.3045229 -0.7919798 0.6735209 0.3045262 -0.6735232 -0.1950909 0 0.9807853 -0.3645094 0.3045226 0.8799993 -0.3826845 0 0.9238792 -0.1950905 0 -0.9807853 -4.20988e-7 0.3045307 -0.9525025 0 0 -1 0.1858243 0.3045196 -0.9342041 0.1950907 0 -0.9807853 0.7919769 0.3045297 -0.5291827 0.83147 0 -0.5555698 -0.5555703 0 0.8314697 -0.6735207 0.3045244 0.6735242 -0.7071066 0 0.707107 0.9238798 0 -0.3826829 0.9342009 0.3045295 -0.1858242 0.9807856 0 -0.1950891 -0.7919774 0.3045246 0.5291851 -0.8314698 0 0.5555701 0.9807853 0 0.1950905 0.8799991 0.3045238 0.3645093 0.9238793 0 0.3826842 1.74866e-6 1 -6.41348e-6 -4.35529e-7 1 3.67749e-7 -4.44589e-7 1 -3.44751e-6 0.9525045 0.3045247 1.01804e-6 1 0 8.48365e-7 0.7919776 0.3045252 0.5291842 -0.6735238 0.3045178 -0.6735242 -0.7071064 0 -0.7071073 -0.9807853 0 -0.1950907 -0.8799989 0.3045253 -0.3645084 0.9342021 0.3045251 0.185825 -0.5555704 0 -0.8314697 -0.5291842 0.3045254 -0.7919776 0.3826841 0 0.9238794 0.3645066 0.3045255 0.8799995 -0.3645092 0.3045229 -0.8799993 -0.3826836 0 -0.9238795 -0.8799986 0.3045249 0.3645093 -0.9238799 0 0.3826826 0.1858247 0.3045184 0.9342044 0.1950902 0 0.9807853 0.3826839 0 -0.9238795 0.5555703 0 -0.8314697 -0.9342008 0.30453 0.185824 6.01513e-7 0.3045245 0.9525045 -0.1858237 0.3045321 0.9342001 -0.1858254 0.3045262 -0.9342017 -0.5291842 0.3045194 0.7919799 0.8800007 0.3045194 -0.364509 0 0 1 0.3645058 0.3045247 -0.8800002 0.03380626 0.9993303 0.01400399 -0.159155 0.986746 -0.03165751 0.03589248 0.9993302 0.007139861 -0.6631894 0.7367348 -0.1319155 -0.6761863 0.7367307 0 -0.6631894 0.7367349 0.1319153 0.0304284 0.9993302 0.02033126 -0.1147433 0.9867461 -0.1147442 -0.1349256 0.9867459 -0.09015434 -0.6247113 0.7367345 -0.2587625 -0.1499216 0.9867458 -0.06209921 -0.272548 0.9227321 -0.2725493 -0.5622261 0.736734 -0.3756659 -0.3204833 0.9227321 -0.2141399 0.02033025 0.9993302 0.03042638 0.02587723 0.9993301 0.02587717 -0.2141398 0.9227323 -0.3204828 -0.4781346 0.7367329 -0.4781339 -0.3756675 0.7367341 -0.5622249 -0.06209951 0.986746 -0.1499201 -0.09015458 0.9867458 -0.134926 -0.03042846 0.9993302 0.02033114 0.1147439 0.986746 -0.1147443 -0.02587723 0.9993301 0.02587717 0.4781354 0.7367314 -0.4781352 0.3756683 0.7367339 -0.5622246 0.2587648 0.736734 -0.624711 0 0.9993302 0.03659367 0.03165709 0.986746 -0.1591548 0 0.9867459 -0.1622736 0 0.7367377 -0.6761787 -0.1319165 0.7367337 -0.6631903 -0.2587649 0.7367337 -0.6247113 -0.03380674 0.9993304 0.01400399 0.1349256 0.9867458 -0.09015446 0.1319172 0.7367334 -0.6631906 -0.007140219 0.9993302 0.03589028 0.06209921 0.986746 -0.1499199 0 0.9227326 -0.3854408 0.07519531 0.9227319 -0.3780366 -0.3561013 0.9227323 -0.1475024 -0.3780345 0.9227327 -0.07519549 -0.934201 0.3045295 -0.1858233 -0.147502 0.9227326 -0.3561007 0.147502 0.9227324 -0.3561015 0.3204833 0.9227321 -0.2141401 0.2725487 0.9227321 -0.2725487 0.5622225 0.7367373 -0.375665 -0.07519531 0.9227318 -0.3780367 -0.0203303 0.9993302 0.0304265 0.09015458 0.9867458 -0.1349259 0.2141392 0.9227328 -0.320482 -0.01400458 0.9993302 0.03381097 -0.03659397 0.9993302 -7.82501e-7 0.1591552 0.986746 0.03165781 0.162273 0.986746 -2.39461e-7 0.6631894 0.7367348 -0.1319153 0.6247118 0.7367339 -0.2587633 -0.03042685 0.9993302 -0.02033054 0.1147441 0.9867461 0.114744 0.1349252 0.9867459 0.09015411 0.6247117 0.7367342 0.2587626 0.6631899 0.7367345 0.1319153 0.3780354 0.9227323 0.07519584 0.6761854 0.7367315 -3.00108e-7 0.3854418 0.9227322 0 0.3561009 0.9227327 0.1475018 -0.03589224 0.9993302 0.007139742 0.1591547 0.986746 -0.03165769 0.3780348 0.9227327 -0.07519578 0.1499217 0.9867458 -0.06209909 -0.0140056 0.9993302 -0.03380858 0.09015476 0.9867459 0.1349251 -0.02033054 0.9993302 -0.03042858 0.4781354 0.7367314 0.4781353 -0.02587789 0.9993302 -0.02587777 0.1475017 0.9227319 0.3561027 0.3756687 0.7367336 0.5622249 0.2141394 0.9227328 0.3204817 -0.007137954 0.9993302 -0.03588992 0.06209844 0.986746 0.1499211 0.007138311 0.9993304 -0.0358898 0 0.986746 0.1622725 0 0.9993301 -0.03659695 -7.45954e-7 0.7367354 0.6761813 0.131918 0.7367342 0.6631895 0.03165847 0.9867458 0.1591556 0.0140053 0.9993302 -0.03380781 -0.09015488 0.9867459 0.1349252 -0.06209862 0.986746 0.1499212 -0.1319176 0.736735 0.6631888 -0.03165853 0.9867459 0.1591555 0.07519626 0.9227325 0.3780347 0.2587648 0.7367336 0.6247115 0 0.9227316 0.3854433 -0.03380912 0.9993302 -0.01400405 0.149921 0.986746 0.06209921 0.3204823 0.9227326 0.2141396 -0.03589236 0.9993302 -0.007139325 0.5622234 0.7367365 0.3756651 0.2725489 0.9227321 0.2725485 -0.07519626 0.9227324 0.3780349 -0.2587646 0.7367331 0.6247122 -0.03165709 0.986746 -0.1591549 0.007140338 0.9993302 0.03589123 0.01400458 0.9993301 0.03381031 -0.1475019 0.922732 0.3561025 -0.3756686 0.7367329 0.5622257 0.0203306 0.9993302 -0.03042858 -0.1147437 0.986746 0.114744 -0.2141396 0.9227327 0.3204821 -0.4781343 0.7367335 0.4781333 0.03042751 0.9993302 -0.02033102 0.02587777 0.9993301 -0.02587771 0.3561011 0.9227324 -0.1475022 -0.1622731 0.9867459 -2.59727e-7 0.03659391 0.9993302 -6.8658e-7 -0.3854421 0.922732 0 -0.1591548 0.986746 0.03165781 0.03589451 0.9993302 -0.007139801 -0.6247119 0.736734 0.2587628 -0.5622259 0.7367342 0.3756658 0.03380614 0.9993303 -0.01400327 -0.1349253 0.986746 0.09015411 -0.3204824 0.9227326 0.2141394 -0.1499214 0.9867458 0.06209939 -0.272548 0.9227323 0.272549 -0.356101 0.9227326 0.147502 -0.378035 0.9227325 0.07519567 0.1513807 0.9884756 -4.93107e-7 0.1398565 0.9884756 0.05793172 0.1070429 0.9884755 0.1070422 0.1258677 0.9884757 0.08410209 -0.1070426 0.9884756 0.107042 -0.08410286 0.9884755 0.1258689 0.02953332 0.9884758 0.1484708 -0.02953445 0.9884756 0.1484714 0 0.9884755 0.1513814 0.1484704 0.9884759 0.02953261 0.05793058 0.9884756 0.1398576 0.08410292 0.9884755 0.1258691 -0.05793064 0.9884755 0.1398583 -0.1513808 0.9884756 -5.24101e-7 -0.1484704 0.9884758 0.02953279 -0.1258689 0.9884755 -0.08410298 -0.1398581 0.9884755 -0.05793058 -0.1398569 0.9884756 0.05793166 -0.1070423 0.9884756 -0.1070431 -0.05793333 0.9884755 -0.1398568 -0.08410203 0.9884755 -0.1258696 -7.31864e-7 0.9884754 -0.1513816 -0.02953231 0.9884756 -0.148472 0.05793273 0.9884755 -0.1398575 0.02953189 0.9884756 -0.1484722 -0.1484723 0.9884756 -0.02953326 0.1070423 0.9884755 -0.1070433 0.08410227 0.9884755 -0.1258698 -0.1258674 0.9884757 0.08410203 0.1484723 0.9884755 -0.02953284 0.1398576 0.9884755 -0.05793112 0.1258689 0.9884755 -0.08410346 -0.7413005 0.6547755 -0.1474537 -0.7558196 0.65478 -6.31699e-7 -0.7558183 0.6547814 -8.01966e-7 -0.6284422 0.6547793 -0.4199101 -0.6982941 0.6547714 -0.2892402 -0.698293 0.6547712 -0.2892432 -0.5344421 0.6547809 -0.5344472 -0.6284419 0.65478 -0.4199095 -0.5344444 0.6547805 -0.5344453 -0.4199127 0.6547762 -0.6284437 0.5344452 0.6547793 -0.534446 0.4199121 0.6547778 -0.6284424 0.4199123 0.6547777 -0.6284425 0 0.6547786 -0.7558208 -0.1474547 0.6547766 -0.7412994 -0.1474527 0.6547767 -0.7412998 0.2892411 0.6547784 -0.6982872 0.1474522 0.6547785 -0.7412982 0.1474518 0.6547784 -0.7412984 0 0.6547787 -0.7558207 -0.741302 0.6547745 -0.147451 -0.2892419 0.6547765 -0.6982886 -0.4199134 0.6547758 -0.6284436 0.628441 0.65478 -0.4199109 0.5344451 0.6547794 -0.5344459 0.2892411 0.6547784 -0.6982871 0.7558178 0.6547821 -5.83768e-7 0.7412955 0.6547806 -0.1474566 0.7412967 0.65478 -0.1474534 0.6982882 0.6547777 0.2892402 0.6284391 0.6547799 0.419914 0.6982883 0.6547776 0.2892401 0.7412992 0.654777 0.1474538 0.755818 0.6547818 -3.79685e-6 0.698287 0.654778 -0.2892423 0.6982885 0.6547778 -0.2892392 0.5344462 0.6547785 0.5344458 0.4199106 0.654777 0.6284443 0.5344435 0.654779 0.5344482 0.4199132 0.6547768 0.6284427 0.2892386 0.6547775 0.6982889 0.1474541 0.6547789 0.7412974 0 0.6547777 0.7558217 0.1474543 0.6547793 0.7412971 -0.1474547 0.6547773 0.7412988 -0.2892426 0.6547771 0.6982877 -0.1474537 0.6547774 0.7412989 0.2892386 0.6547774 0.698289 0.7413001 0.6547768 0.1474509 0.6284407 0.65478 0.4199113 1.66791e-7 0.6547772 0.755822 -0.2892444 0.6547763 -0.6982877 -0.2892401 0.654777 0.6982889 -0.4199163 0.6547747 0.6284429 -0.4199138 0.6547747 0.6284446 -0.534448 0.6547759 0.5344474 0.6284409 0.6547801 -0.4199108 -0.7413017 0.6547741 0.1474543 -0.7413032 0.6547729 0.1474519 -0.6982932 0.6547715 0.2892423 -0.6284374 0.6547815 0.4199139 -0.6284383 0.6547821 0.4199116 -0.6982943 0.65477 0.289243 -0.5344489 0.6547754 0.5344471 0 1 4.83296e-7 0 1 -9.22556e-7 0 1 -7.68059e-7 -3.08159e-7 1 1.00769e-6 0 1 0 -3.67408e-7 1 6.58002e-7 0 1 0 0 1 -4.34353e-7 0 1 0 0 1 -2.1071e-7 0 1 -3.84027e-7 1.93976e-6 1 0 2.39405e-7 1 -2.9697e-7 1.82146e-6 1 -3.51472e-7 -2.31831e-6 1 -5.89584e-7 9.93071e-7 1 2.53842e-7 -2.16753e-6 1 -1.45105e-7 3.15467e-7 1 -3.44104e-7 0 1 1.52823e-7 0 1 -3.13528e-7 -8.86993e-7 1 2.85869e-7 1.03533e-6 1 0 1.70783e-7 1 0 0 1 -9.22554e-7 0 1 0 0 1 1.52935e-7 0 1 1.48484e-7 0 1 0 0 1 1.28184e-7 0 1 -7.68056e-7 3.19844e-7 1 9.13092e-7 4.28845e-7 1 1.05306e-6 9.31772e-7 1 -9.14993e-7 0 1 2.66771e-7 0 1 -3.38968e-7 -2.20113e-6 1 9.5575e-7 9.11592e-7 1 -3.46269e-7 -4.20625e-7 1 -1.91169e-7 1.32067e-6 1 0 1.45945e-6 1 3.29708e-7 1.87918e-6 1 4.83563e-7 -7.56264e-7 1 3.04698e-7 -7.54519e-7 1 2.76055e-7 -2.09222e-6 1 6.62339e-7 0 1 0 0 1 0 -3.19207e-7 1 -2.9697e-7 -9.71502e-7 1 5.04698e-7 -8.92712e-7 1 -2.35382e-7 1.73261e-6 1 8.51438e-7 0 1 0 -7.98269e-7 1 -2.2364e-7 0 1 0 0 1 0 0 1 -1.23376e-7 0 1 -1.52934e-7 0 1 -2.1071e-7 0 1 -3.84028e-7 0.502992 0.7962691 -0.3360872 0.4277573 0.7962689 -0.4277611 0.4277591 0.7962691 -0.4277591 0.5933185 0.7962692 -0.1180193 0.5588929 0.7962692 -0.2315041 0.558894 0.7962694 -0.2315012 0.5029898 0.7962691 -0.3360904 0.6049428 0.7962689 -1.27878e-6 0.5933185 0.7962689 -0.1180214 -0.5029919 0.7962688 0.336088 -0.5588936 0.7962689 0.2315033 -0.502991 0.7962695 0.3360878 0.3360871 0.7962688 -0.5029926 0.3360872 0.7962691 -0.5029921 0.2315044 0.7962684 -0.5588938 0.2315029 0.7962686 -0.5588943 0.1180208 0.7962685 0.5933193 0.231503 0.7962688 0.5588941 0.2314994 0.7962688 0.5588954 0 0.7962681 -0.604944 0.1180175 0.7962694 -0.5933188 0 0.7962691 -0.6049428 -0.5029913 0.7962691 -0.3360884 -0.4277595 0.7962689 -0.4277588 -0.5029919 0.7962687 -0.3360884 -0.5933187 0.7962692 -0.1180189 -0.5588942 0.7962688 -0.2315024 -0.5933191 0.7962689 -0.1180186 -0.2315041 0.7962685 -0.5588937 -0.1180176 0.7962694 -0.5933187 -0.2315031 0.796269 -0.5588937 0.1180172 0.7962687 -0.5933196 -0.1180173 0.796269 -0.5933194 -0.3360895 0.7962692 -0.5029904 -0.3360871 0.7962691 -0.502992 -0.4277586 0.7962691 -0.4277595 -0.5933188 0.7962692 0.118018 -0.5588927 0.7962691 0.2315047 -0.6049429 0.7962689 1.71513e-6 -0.6049429 0.7962689 -1.63637e-6 -0.5588939 0.7962691 -0.2315018 -0.5933185 0.796269 0.1180211 -0.3360882 0.7962688 0.5029917 -0.2315009 0.7962688 0.5588948 -0.2314999 0.796269 0.5588951 -0.4277592 0.7962692 0.4277589 -0.4277608 0.7962688 0.4277577 0.3360903 0.7962686 0.5029908 0.3360882 0.7962688 0.502992 0.5588929 0.7962691 0.2315046 0.5933187 0.7962692 0.1180187 0.5933187 0.796269 0.1180204 -0.118021 0.7962685 0.5933191 2.65031e-7 0.7962694 0.6049424 0 0.796269 0.6049429 -0.1180205 0.7962689 0.5933188 0.1180205 0.7962689 0.5933187 -0.3360882 0.7962688 0.502992 0.4277592 0.7962691 0.4277589 0.4277609 0.796269 0.4277575 0.5029917 0.7962692 0.3360877 0.5029894 0.7962693 0.3360906 0.5588935 0.7962693 0.2315024 0.604943 0.7962689 -1.08753e-6 -0.9525063 -0.3045189 4.92445e-7 0.6735214 -0.3045233 0.673524 -0.8799991 -0.304524 -0.3645091 0.6735209 -0.3045248 -0.6735237 -0.3645089 -0.3045238 0.8799992 -0.185826 -0.3045238 -0.9342024 4.15885e-7 -0.3045307 -0.9525025 0.7919776 -0.3045244 -0.5291847 -0.5291847 -0.3045169 0.7919805 0.9342009 -0.3045295 -0.1858242 -0.7919774 -0.3045243 0.5291852 0.8799989 -0.304525 0.3645088 -2.5488e-7 -1 -3.72955e-6 -1.22624e-6 -1 1.13874e-6 -2.95978e-7 -1 -6.27124e-6 0.9525045 -0.3045247 1.00656e-6 0.7919782 -0.304524 0.5291841 -0.6735236 -0.3045189 -0.6735237 0.9342021 -0.3045251 0.1858249 -0.5291846 -0.3045229 -0.7919782 0.3645067 -0.3045228 0.8800004 -0.8799988 -0.3045247 0.3645094 0.3645064 -0.3045234 -0.8800004 -0.9342007 -0.3045299 0.185824 -0.1858236 -0.3045307 0.9342006 0.8799985 -0.3045247 -0.3645097 1.6355e-6 -0.3045244 0.9525046 -0.159155 -0.986746 -0.03165763 0.03380638 -0.9993304 0.01400375 0.03589248 -0.9993302 0.007139921 -0.6631895 -0.7367347 -0.1319154 -0.6761863 -0.7367308 0 -0.6631894 -0.7367349 0.1319153 0.03042864 -0.9993302 0.02033096 -0.114743 -0.9867462 -0.114744 0.02587741 -0.9993302 0.0258767 -0.6247113 -0.7367346 -0.2587626 -0.7919771 -0.304526 -0.5291846 -0.5622261 -0.7367339 -0.3756662 -0.1349256 -0.9867458 -0.09015411 -0.2725481 -0.9227322 -0.2725491 -0.3204834 -0.9227321 -0.2141402 -0.4781348 -0.7367328 -0.4781339 0.02033025 -0.9993302 0.03042656 -0.2141398 -0.9227322 -0.320483 -0.3756675 -0.736734 -0.562225 -0.06209951 -0.986746 -0.14992 0.01400393 -0.9993302 0.03381007 0.1147437 -0.986746 -0.114744 -0.03042823 -0.9993302 0.02033144 -0.02587747 -0.9993302 0.02587682 0.529182 -0.3045256 -0.7919789 0.4781354 -0.7367313 -0.4781355 0.3756684 -0.736734 -0.5622245 0.2587649 -0.7367339 -0.6247111 0 -0.9993302 0.03659343 0.03165704 -0.986746 -0.1591551 -0.007140517 -0.9993302 0.03589022 0 -0.7367379 -0.6761785 -0.1319166 -0.7367339 -0.6631902 -0.3645087 -0.3045255 -0.8799988 -0.2587646 -0.7367334 -0.6247118 0.1349256 -0.9867459 -0.0901544 -0.03380632 -0.9993303 0.01400411 0.1858244 -0.3045209 -0.9342037 0.1319171 -0.7367334 -0.6631907 0.06209957 -0.986746 -0.1499204 -0.01400315 -0.9993302 0.03380942 0 -0.9227328 -0.3854406 0.07519531 -0.9227319 -0.3780365 0.1475021 -0.9227322 -0.3561017 -0.3561014 -0.9227323 -0.1475023 -0.3780345 -0.9227328 -0.07519555 -0.1475019 -0.9227325 -0.356101 0.2141392 -0.9227328 -0.320482 0.3204833 -0.9227321 -0.2141401 0.2725488 -0.9227321 -0.2725488 0.5622234 -0.7367367 -0.3756649 -0.07519531 -0.9227318 -0.3780368 -0.0203312 -0.9993302 0.03042805 0.09015411 -0.986746 -0.1349252 -0.03659391 -0.9993302 0 0.1591549 -0.986746 0.03165769 -0.0358923 -0.9993302 -0.007139205 0.6631895 -0.7367348 -0.1319153 0.6761854 -0.7367316 -3.22156e-7 0.6247116 -0.7367342 -0.2587629 -0.03042668 -0.9993302 -0.02033066 0.114744 -0.986746 0.1147437 -0.02587783 -0.9993301 -0.02587759 0.6247118 -0.7367341 0.2587627 0.5622231 -0.7367367 0.375665 0.6631899 -0.7367345 0.1319152 0.3780354 -0.9227324 0.07519567 0.3854419 -0.9227321 0 0.3561009 -0.9227327 0.147502 -0.03589218 -0.9993302 0.007139801 0.1622728 -0.986746 -1.51247e-7 0.3780349 -0.9227325 -0.07519567 0.1591546 -0.9867461 -0.03165769 0.09015476 -0.986746 0.134925 -0.0140056 -0.9993302 -0.03380882 -0.0203303 -0.9993302 -0.03042876 0.4781353 -0.7367314 0.4781355 0.5291821 -0.304525 0.7919791 0.3756687 -0.7367336 0.5622248 0.1475018 -0.9227319 0.3561026 0.2141395 -0.9227328 0.3204818 0.2587648 -0.7367336 0.6247115 0.06209844 -0.986746 0.1499212 -0.007137954 -0.9993304 -0.03588986 0 -0.986746 0.1622724 0.007138252 -0.9993303 -0.03588956 0 -0.9993301 -0.03659659 0.1858245 -0.304521 0.9342036 -7.25132e-7 -0.7367353 0.6761813 0.131918 -0.7367341 0.6631897 0.01400542 -0.9993302 -0.03380811 -0.09015476 -0.986746 0.1349248 0.02033036 -0.9993302 -0.03042894 -0.1319176 -0.736735 0.6631888 -0.2587643 -0.736733 0.6247124 -0.06209844 -0.9867458 0.1499213 0.07519626 -0.9227326 0.3780346 0 -0.9227316 0.3854433 -0.033809 -0.9993302 -0.01400423 0.134925 -0.986746 0.09015381 0.3204822 -0.9227327 0.2141394 0.1499205 -0.986746 0.06209903 0.2725489 -0.922732 0.2725488 -0.07519632 -0.9227325 0.3780347 -0.1475017 -0.9227319 0.3561027 -0.03165692 -0.9867459 -0.1591551 0.007140815 -0.9993303 0.03589099 -0.3756687 -0.736733 0.5622256 -0.2141396 -0.9227326 0.3204824 -0.1147435 -0.9867462 0.1147436 0.02587771 -0.9993301 -0.02587753 -0.4781343 -0.7367336 0.4781332 -0.272548 -0.9227322 0.2725489 0.03042775 -0.9993302 -0.0203306 0.3561013 -0.9227324 -0.1475024 -0.162273 -0.9867459 -2.74181e-7 0.03659391 -0.9993302 -7.32118e-7 -0.385442 -0.9227321 0 -0.1591548 -0.986746 0.03165787 0.03589451 -0.9993302 -0.007139801 -0.6247118 -0.736734 0.2587628 -0.5622262 -0.7367338 0.3756662 -0.1349249 -0.986746 0.09015387 0.03380644 -0.9993304 -0.01400268 -0.3204824 -0.9227325 0.2141396 -0.3561009 -0.9227327 0.1475018 -0.6735206 -0.3045256 0.6735237 -0.3780348 -0.9227326 0.07519561 -0.934201 -0.3045295 -0.1858233 -0.1499217 -0.9867458 -0.06209927 0 -0.986746 -0.162273 0.03165847 -0.9867458 0.1591553 -0.03165841 -0.986746 0.1591552 0.1499212 -0.9867459 -0.06209897 -0.1499214 -0.9867458 0.06209945 0.1513809 -0.9884755 -5.62634e-7 0.1484706 -0.9884757 0.02953273 0.1398567 -0.9884756 0.05793124 0.1258676 -0.9884757 0.08410185 0.1070423 -0.9884757 0.1070415 0.08410227 -0.9884756 0.1258686 -0.1070424 -0.9884756 0.1070415 -0.08410239 -0.9884757 0.1258682 0.02953386 -0.9884757 0.1484714 0 -0.9884756 0.1513805 -0.02953451 -0.9884756 0.1484713 -0.05793029 -0.9884756 0.1398575 0.05792987 -0.9884757 0.1398571 -0.1258676 -0.9884757 0.08410227 -0.1513798 -0.9884757 -2.25891e-7 -0.1484701 -0.9884759 0.02953261 -0.1258682 -0.9884756 -0.08410274 -0.1398571 -0.9884757 -0.05793029 -0.1484711 -0.9884757 -0.02953273 -0.1398562 -0.9884758 0.05793136 -0.1070418 -0.9884756 -0.1070425 -0.08410155 -0.9884756 -0.1258685 -0.05793297 -0.9884756 -0.1398566 -5.25512e-7 -0.9884755 -0.1513814 -0.02953237 -0.9884757 -0.1484719 0.05793255 -0.9884756 -0.1398571 0.02953147 -0.9884757 -0.1484714 0.08410161 -0.9884757 -0.1258683 0.1070415 -0.9884757 -0.1070423 0.1484724 -0.9884756 -0.02953338 0.1398577 -0.9884756 -0.05793052 0.125868 -0.9884757 -0.08410269 -0.7558189 -0.6547809 -9.9332e-7 -0.7413011 -0.6547749 -0.1474537 -0.7413012 -0.6547748 -0.1474533 -0.6982939 -0.6547716 -0.28924 -0.6284418 -0.6547795 -0.4199103 -0.6982931 -0.6547712 -0.2892431 -0.5344417 -0.6547812 -0.5344473 -0.534444 -0.6547806 -0.5344455 -0.4199123 -0.6547757 -0.6284445 -0.4199131 -0.6547752 -0.6284445 0.4199123 -0.6547771 -0.6284431 0.5344457 -0.6547782 -0.5344468 0.4199125 -0.6547768 -0.6284433 -0.1474546 -0.6547759 -0.7413001 -1.45085e-7 -0.654779 -0.7558205 -0.1474524 -0.6547756 -0.7413007 0.1474522 -0.6547785 -0.7412982 0.289241 -0.6547783 -0.6982873 0.1474521 -0.6547784 -0.7412983 -0.289242 -0.6547767 -0.6982883 0.6284416 -0.6547793 -0.419911 0.6284416 -0.6547796 -0.4199107 0.7412976 -0.6547781 -0.1474567 0.7558183 -0.6547814 -5.2779e-7 0.7412988 -0.6547775 -0.1474534 0.6982886 -0.6547771 0.2892407 0.6284395 -0.6547797 0.4199138 0.6284412 -0.6547798 0.4199111 0.7558183 -0.6547815 -3.78383e-6 0.7412993 -0.6547769 0.147454 0.6982876 -0.6547772 -0.2892428 0.6982889 -0.6547772 -0.2892396 0.5344464 -0.654778 0.5344464 0.4199106 -0.6547769 0.6284444 0.4199132 -0.6547768 0.6284428 0.2892391 -0.6547781 0.6982883 0.289239 -0.6547781 0.6982883 0.1474543 -0.6547788 0.7412975 0 -0.6547776 0.7558216 0 -0.6547772 0.755822 -0.1474547 -0.6547776 0.7412985 -0.2892422 -0.6547764 0.6982885 -0.2892398 -0.6547763 0.6982896 0.7413001 -0.6547765 0.1474512 0.5344438 -0.6547784 0.5344485 -0.2892444 -0.6547765 -0.6982876 -0.4199162 -0.6547755 0.6284421 -0.4199136 -0.6547756 0.6284438 -0.5344475 -0.654776 0.5344477 -0.5344483 -0.6547754 0.5344476 -0.7413015 -0.6547744 0.1474541 -0.755819 -0.6547806 -4.23325e-6 -0.6284369 -0.6547821 0.4199136 -0.6982927 -0.6547721 0.2892416 -0.6284379 -0.6547826 0.4199115 -0.7413029 -0.6547734 0.1474515 0 -1 -5.6336e-7 0 -1 -3.56903e-7 0 -1 -3.84029e-7 -1.5408e-7 -1 5.71422e-7 0 -1 0 0 -1 0 0 -1 3.28999e-7 0 -1 1.97987e-7 0 -1 1.48486e-7 0 -1 0 0 -1 0 0 -1 -1.52936e-7 0 -1 -3.84027e-7 1.93976e-6 -1 2.88013e-7 2.39407e-7 -1 0 3.15469e-7 -1 -3.44104e-7 -2.31831e-6 -1 -7.11103e-7 9.93071e-7 -1 5.3971e-7 1.03533e-6 -1 5.82006e-7 -2.16753e-6 -1 -4.74103e-7 0 -1 -2.55672e-7 -8.86994e-7 -1 2.23642e-7 -9.71502e-7 -1 1.20681e-7 0 -1 -1.23742e-7 0 -1 -6.2682e-7 0 -1 -4.32031e-7 0 -1 0 0 -1 0 0 -1 -2.171e-7 1.59922e-7 -1 3.59197e-7 2.14423e-7 -1 3.84016e-7 0 -1 -2.10713e-7 9.31772e-7 -1 -9.20972e-7 0 -1 -3.84019e-7 9.11592e-7 -1 -4.21426e-7 -2.20113e-6 -1 4.62167e-7 1.32067e-6 -1 3.1882e-7 -4.20627e-7 -1 -3.0587e-7 1.45944e-6 -1 0 -7.56265e-7 -1 0 1.87918e-6 -1 6.14812e-7 -7.54519e-7 -1 2.23569e-7 -2.09222e-6 -1 7.55517e-7 0 -1 -1.64498e-7 -3.19207e-7 -1 -4.08333e-7 1.82146e-6 -1 3.0652e-7 1.73261e-6 -1 7.92295e-7 -8.92712e-7 -1 -3.50923e-7 -7.98269e-7 -1 -3.28997e-7 0 -1 0 0 -1 0 0 -1 0 0 -1 0 0 -1 1.92015e-7 0 -1 0 0.4277573 -0.7962688 -0.4277613 0.5029923 -0.7962689 -0.3360874 0.4277592 -0.7962689 -0.4277592 0.5588927 -0.7962693 -0.2315041 0.5933184 -0.7962692 -0.1180196 0.5588939 -0.7962691 -0.2315018 0.5029898 -0.7962692 -0.3360904 0.5933186 -0.7962689 -0.1180213 0.6049428 -0.7962691 -1.06603e-6 -0.5029921 -0.7962689 0.3360878 -0.5588939 -0.7962688 0.2315029 -0.5588929 -0.7962689 0.231505 0.3360871 -0.7962688 -0.5029927 0.3360873 -0.7962691 -0.502992 0.2315044 -0.7962685 -0.5588937 0.231503 -0.7962688 0.558894 0.118021 -0.7962684 0.5933193 0.2314996 -0.7962687 0.5588955 -1.94645e-7 -0.7962681 -0.6049439 0.1180176 -0.7962692 -0.5933188 0.1180171 -0.7962688 -0.5933195 -0.5029913 -0.7962691 -0.3360882 -0.4277595 -0.796269 -0.4277589 -0.4277586 -0.7962691 -0.4277593 -0.5933188 -0.7962691 -0.118019 -0.5588942 -0.7962689 -0.2315023 -0.5588939 -0.7962691 -0.2315018 -0.2315041 -0.7962685 -0.5588939 -0.1180176 -0.7962694 -0.5933185 -0.1180174 -0.7962689 -0.5933194 -0.3360893 -0.7962692 -0.5029906 -0.3360872 -0.796269 -0.5029922 -0.5933191 -0.796269 0.118018 -0.6049429 -0.7962688 2.24766e-6 -0.6049432 -0.7962687 -1.87855e-6 -0.5933188 -0.7962688 0.1180211 -0.2315009 -0.7962688 0.5588948 -0.3360882 -0.7962689 0.5029917 -0.2314997 -0.7962691 0.5588948 -0.4277591 -0.7962691 0.427759 -0.4277607 -0.7962691 0.4277574 0.3360903 -0.7962685 0.5029909 0.3360882 -0.7962688 0.5029919 0.5933188 -0.796269 0.118019 0.558893 -0.7962689 0.2315047 0.5933187 -0.7962688 0.1180207 2.87533e-7 -0.7962692 0.6049424 -0.1180208 -0.7962687 0.593319 1.85591e-7 -0.7962689 0.6049429 0.4277611 -0.7962687 0.4277576 0.42776 -0.7962694 0.4277576 0.5029913 -0.7962692 0.3360882 0.5029915 -0.7962694 0.3360875 1.20503e-6 1 1.22163e-6 1.36265e-5 1 -1.59806e-6 6.15663e-6 1 -1.79199e-6 2.9801e-6 1 -1.48925e-6 1.28344e-6 1 -1.29012e-6 0 1 -4.26156e-6 5.20497e-6 1 -4.61898e-6 3.11181e-5 1 -5.96612e-5 0 1 -1.40631e-4 -1.75122e-6 1 -6.13856e-6 -3.11182e-5 1 -6.81845e-5 -5.67934e-6 1 -5.68139e-6 0 1 -2.13085e-6 0 1 0 -1.81693e-5 1 -2.13083e-6 1.69577e-5 1 -1.80973e-6 9.85612e-6 1 -8.04568e-7 1.06273e-6 1 -2.44094e-7 1.1582e-5 1 -1.27846e-5 3.19507e-6 1 -5.99001e-6 6.55612e-6 1 -8.59984e-6 -6.01087e-6 1 -2.74404e-5 -1.98374e-6 1 -4.80376e-6 1.39142e-5 1 3.8522e-5 -8.6062e-6 1 -1.27846e-5 -1.15821e-5 1 -1.91772e-5 8.79351e-7 1 2.92433e-6 -1.3697e-6 1 5.32704e-6 3.64538e-7 -1 2.84248e-7 1.81686e-5 -1 -1.59806e-6 -1.69577e-5 -1 -1.79198e-6 -9.85612e-6 -1 -8.04568e-7 -1.06274e-6 -1 -5.28164e-7 -1.1582e-5 -1 -2.13079e-5 -3.1951e-6 -1 -6.27407e-6 -6.55607e-6 -1 -8.59978e-6 0 -1 -1.10801e-4 0 -1 7.4356e-6 1.38271e-6 -1 -1.97143e-6 2.08503e-6 -1 -5.98925e-6 1.15821e-5 -1 -1.06539e-5 -8.79349e-7 -1 2.89646e-6 1.3697e-6 -1 2.13082e-6 -1.3627e-5 -1 -2.13083e-6 -6.15664e-6 -1 -1.80974e-6 -2.9801e-6 -1 -2.17394e-6 -3.36101e-6 -1 -1.74763e-6 -5.05617e-6 -1 -3.31421e-6 -8.59789e-6 -1 -1.04762e-5 -3.11182e-5 -1 -6.39229e-5 8.17932e-6 -1 -3.19587e-5 2.42694e-6 -1 -2.91837e-6 -1.82871e-5 -1 5.08697e-5 3.11181e-5 -1 -5.96614e-5 -0.0901544 -0.9867459 -0.1349256 -0.6284415 -0.6547802 -0.4199099 0.5344457 -0.6547781 -0.5344468 -1.28932e-7 -0.6547795 -0.75582 0.2892409 -0.6547784 -0.6982872 0.6982886 -0.6547769 0.2892408 0.1474545 -0.6547791 0.7412972 -0.1474539 -0.6547779 0.7412984 -0.698294 -0.6547707 0.2892422 -1.83704e-7 -1 8.22504e-7 0 -1 -2.05627e-7 0 -1 -3.29004e-7 0 -1 -3.29003e-7 0 -1 -1.23376e-7 0.604943 -0.7962688 -4.75015e-7 -0.5029911 -0.7962695 0.3360878 0.231503 -0.7962686 -0.5588943 0.1180204 -0.7962688 0.5933188 0 -0.7962689 -0.6049429 -0.5029919 -0.7962688 -0.3360883 -0.5933191 -0.796269 -0.1180183 -0.231503 -0.7962689 -0.5588936 -0.3360882 -0.7962687 0.502992 0.5588936 -0.7962694 0.2315021 -0.1180205 -0.7962687 0.593319</float_array>
          <technique_common>
            <accessor source="#Wheel_LOD300-mesh-normals-array" count="850" stride="3">
              <param name="X" type="float"/>
              <param name="Y" type="float"/>
              <param name="Z" type="float"/>
            </accessor>
          </technique_common>
        </source>
        <source id="Wheel_LOD300-mesh-map-0">
          <float_array id="Wheel_LOD300-mesh-map-0-array" count="7272">0.006889343 0.9223385 0.0321328 0.9375844 0.006889343 0.9375844 0.006889343 0.739387 0.0321328 0.7546331 0.006889343 0.7546331 0.006889343 0.9680764 0.0321328 0.9833223 0.006889343 0.9833223 0.006889343 0.7546331 0.0321328 0.769879 0.006889343 0.769879 0.006889343 0.6326654 0.0321328 0.6174194 0.0321328 0.6326654 0.006889343 0.8308628 0.0321328 0.8461087 0.006889343 0.8461087 0.006889343 0.5564357 0.0321328 0.5716816 0.006889343 0.5716816 0.006889343 0.5716816 0.0321328 0.5869275 0.006889343 0.5869275 0.006889343 0.6326654 0.0321328 0.6479113 0.006889343 0.6479113 0.006889343 0.8613546 0.0321328 0.8766005 0.006889343 0.8766005 0.006889343 0.6631572 0.0321328 0.6784031 0.006889343 0.6784031 0.006889343 0.8766005 0.0321328 0.8918465 0.006889343 0.8918465 0.006889343 0.7088951 0.0321328 0.7241411 0.006889343 0.7241411 0.1234531 0.8544393 0.1005423 0.8265221 0.1284594 0.8036113 0.006889343 0.6784031 0.0321328 0.6936492 0.006889343 0.6936492 0.006889343 0.739387 0.0321328 0.7241411 0.0321328 0.739387 0.006889343 0.9833223 0.0321328 0.9985682 0.006889343 0.9985682 0.006889343 0.9528303 0.0321328 0.9680764 0.006889343 0.9680764 0.006889343 0.6936492 0.0321328 0.7088951 0.006889343 0.7088951 0.006889343 0.5259438 0.0321328 0.5106979 0.0321328 0.5259438 0.006889343 0.7851249 0.0321328 0.769879 0.0321328 0.7851249 0.006889343 0.5259438 0.0321328 0.5411897 0.006889343 0.5411897 0.006889343 0.8918465 0.0321328 0.9070925 0.006889343 0.9070925 0.006889343 0.7851249 0.0321328 0.8003708 0.006889343 0.8003708 0.006889343 0.6021735 0.0321328 0.6174194 0.006889343 0.6174194 0.006889343 0.9070925 0.0321328 0.9223385 0.006889343 0.9223385 0.006889343 0.8308628 0.0321328 0.8156169 0.0321328 0.8308628 0.006889343 0.5564357 0.0321328 0.5411897 0.0321328 0.5564357 0.006889343 0.8613546 0.0321328 0.8461087 0.0321328 0.8613546 0.006889343 0.6479113 0.0321328 0.6631572 0.006889343 0.6631572 0.006889343 0.8156169 0.0321328 0.8003708 0.0321328 0.8156169 0.006889343 0.5869275 0.0321328 0.6021735 0.006889343 0.6021735 0.06672513 0.9680764 0.05416268 0.9528303 0.06672513 0.9528303 0.0393089 0.9528303 0.0321328 0.9375844 0.0393089 0.9375844 0.0393089 0.9223385 0.0321328 0.9375844 0.0321328 0.9223385 0.06672513 0.9833223 0.05416268 0.9985682 0.05416268 0.9833223 0.0393089 0.9680764 0.0321328 0.9833223 0.0321328 0.9680764 0.06672513 0.9680764 0.05416268 0.9833223 0.05416268 0.9680764 0.04567146 0.9985682 0.0393089 0.9833223 0.04567146 0.9833223 0.0393089 0.9833223 0.0321328 0.9985682 0.0321328 0.9833223 0.06672513 0.5259438 0.05416268 0.5106979 0.06672513 0.5106979 0.04567146 0.5259438 0.0393089 0.5106979 0.04567146 0.5106979 0.0393089 0.5259438 0.0321328 0.5106979 0.0393089 0.5106979 0.06672513 0.5259438 0.05416268 0.5411897 0.05416268 0.5259438 0.06672513 0.6479113 0.05416268 0.6326654 0.06672513 0.6326654 0.0393089 0.6326654 0.0321328 0.6174194 0.0393089 0.6174194 0.0393089 0.6174194 0.0321328 0.6021735 0.0393089 0.6021735 0.06672513 0.5716816 0.05416268 0.5869275 0.05416268 0.5716816 0.0393089 0.5716816 0.0321328 0.5564357 0.0393089 0.5564357 0.0393089 0.5564357 0.0321328 0.5411897 0.0393089 0.5411897 0.06672513 0.6631572 0.05416268 0.6479113 0.06672513 0.6479113 0.0393089 0.6021735 0.0321328 0.5869275 0.0393089 0.5869275 0.06672513 0.5869275 0.05416268 0.6021735 0.05416268 0.5869275 0.04567146 0.5716816 0.0393089 0.5869275 0.0393089 0.5716816 0.0393089 0.5716816 0.0321328 0.5869275 0.0321328 0.5716816 0.04567146 0.5869275 0.0393089 0.6021735 0.0393089 0.5869275 0.04567146 0.9680764 0.0393089 0.9528303 0.04567146 0.9528303 0.0393089 0.9528303 0.0321328 0.9680764 0.0321328 0.9528303 0.04567146 0.9833223 0.0393089 0.9680764 0.04567146 0.9680764 0.04567146 0.5411897 0.0393089 0.5259438 0.04567146 0.5259438 0.0393089 0.5411897 0.0321328 0.5259438 0.0393089 0.5259438 0.04567146 0.6021735 0.0393089 0.6174194 0.0393089 0.6021735 0.04567146 0.6479113 0.0393089 0.6326654 0.04567146 0.6326654 0.0393089 0.6479113 0.0321328 0.6326654 0.0393089 0.6326654 0.04567146 0.5564357 0.0393089 0.5411897 0.04567146 0.5411897 0.06672513 0.6174194 0.05416268 0.6326654 0.05416268 0.6174194 0.04567146 0.6174194 0.0393089 0.6326654 0.0393089 0.6174194 0.06672513 0.6174194 0.05416268 0.6021735 0.06672513 0.6021735 0.06672513 0.6936492 0.05416268 0.7088951 0.05416268 0.6936492 0.0393089 0.6784031 0.0321328 0.6936492 0.0321328 0.6784031 0.0393089 0.6784031 0.0321328 0.6631572 0.0393089 0.6631572 0.06672513 0.739387 0.05416268 0.7546331 0.05416268 0.739387 0.0393089 0.7241411 0.0321328 0.739387 0.0321328 0.7241411 0.0393089 0.7088951 0.0321328 0.7241411 0.0321328 0.7088951 0.04567146 0.7088951 0.0393089 0.6936492 0.04567146 0.6936492 0.0393089 0.6936492 0.0321328 0.7088951 0.0321328 0.6936492 0.04567146 0.7241411 0.0393089 0.7088951 0.04567146 0.7088951 0.06672513 0.6784031 0.05416268 0.6936492 0.05416268 0.6784031 0.04567146 0.6784031 0.0393089 0.6936492 0.0393089 0.6784031 0.06672513 0.6631572 0.05416268 0.6784031 0.05416268 0.6631572 0.06672513 0.7851249 0.05416268 0.769879 0.06672513 0.769879 0.0393089 0.7546331 0.0321328 0.769879 0.0321328 0.7546331 0.06672513 0.769879 0.05416268 0.7546331 0.06672513 0.7546331 0.04567146 0.7851249 0.0393089 0.769879 0.04567146 0.769879 0.0393089 0.769879 0.0321328 0.7851249 0.0321328 0.769879 0.06672513 0.8003708 0.05416268 0.7851249 0.06672513 0.7851249 0.06672513 0.8308628 0.05416268 0.8156169 0.06672513 0.8156169 0.0393089 0.8156169 0.0321328 0.8003708 0.0393089 0.8003708 0.06672513 0.8003708 0.05416268 0.8156169 0.05416268 0.8003708 0.06672513 0.8461087 0.05416268 0.8613546 0.05416268 0.8461087 0.0393089 0.8308628 0.0321328 0.8461087 0.0321328 0.8308628 0.06672513 0.8308628 0.05416268 0.8461087 0.05416268 0.8308628 0.04567146 0.8003708 0.0393089 0.7851249 0.04567146 0.7851249 0.0393089 0.7851249 0.0321328 0.8003708 0.0321328 0.7851249 0.04567146 0.8156169 0.0393089 0.8003708 0.04567146 0.8003708 0.06672513 0.7241411 0.05416268 0.739387 0.05416268 0.7241411 0.04567146 0.739387 0.0393089 0.7241411 0.04567146 0.7241411 0.06672513 0.7088951 0.05416268 0.7241411 0.05416268 0.7088951 0.04567146 0.739387 0.0393089 0.7546331 0.0393089 0.739387 0.0393089 0.739387 0.0321328 0.7546331 0.0321328 0.739387 0.04567146 0.769879 0.0393089 0.7546331 0.04567146 0.7546331 0.04567146 0.8156169 0.0393089 0.8308628 0.0393089 0.8156169 0.0393089 0.8308628 0.0321328 0.8156169 0.0393089 0.8156169 0.04567146 0.8308628 0.0393089 0.8461087 0.0393089 0.8308628 0.06672513 0.5716816 0.05416268 0.5564357 0.06672513 0.5564357 0.04567146 0.5716816 0.0393089 0.5564357 0.04567146 0.5564357 0.06672513 0.5564357 0.05416268 0.5411897 0.06672513 0.5411897 0.04567146 0.8461087 0.0393089 0.8613546 0.0393089 0.8461087 0.0393089 0.8461087 0.0321328 0.8613546 0.0321328 0.8461087 0.06672513 0.8613546 0.05416268 0.8766005 0.05416268 0.8613546 0.04567146 0.8613546 0.0393089 0.8766005 0.0393089 0.8613546 0.0393089 0.8766005 0.0321328 0.8613546 0.0393089 0.8613546 0.06672513 0.8918465 0.05416268 0.8766005 0.06672513 0.8766005 0.04567146 0.6479113 0.0393089 0.6631572 0.0393089 0.6479113 0.0393089 0.6479113 0.0321328 0.6631572 0.0321328 0.6479113 0.04567146 0.6631572 0.0393089 0.6784031 0.0393089 0.6631572 0.06672513 0.9528303 0.05416268 0.9375844 0.06672513 0.9375844 0.04567146 0.9528303 0.0393089 0.9375844 0.04567146 0.9375844 0.06672513 0.9375844 0.05416268 0.9223385 0.06672513 0.9223385 0.0393089 0.9070925 0.0321328 0.8918465 0.0393089 0.8918465 0.06672513 0.9070925 0.05416268 0.8918465 0.06672513 0.8918465 0.04567146 0.8918465 0.0393089 0.9070925 0.0393089 0.8918465 0.0393089 0.9223385 0.0321328 0.9070925 0.0393089 0.9070925 0.06672513 0.9070925 0.05416268 0.9223385 0.05416268 0.9070925 0.04567146 0.8766005 0.0393089 0.8918465 0.0393089 0.8766005 0.0393089 0.8918465 0.0321328 0.8766005 0.0393089 0.8766005 0.04567146 0.9070925 0.0393089 0.9223385 0.0393089 0.9070925 0.006889343 0.9375844 0.0321328 0.9528303 0.006889343 0.9528303 0.04567146 0.9375844 0.05416268 0.9528303 0.04567146 0.9528303 0.04567146 0.9833223 0.05416268 0.9680764 0.05416268 0.9833223 0.04567146 0.9985682 0.05416268 0.9833223 0.05416268 0.9985682 0.04567146 0.5259438 0.05416268 0.5106979 0.05416268 0.5259438 0.04567146 0.6326654 0.05416268 0.6174194 0.05416268 0.6326654 0.04567146 0.5564357 0.05416268 0.5716816 0.04567146 0.5716816 0.04567146 0.5869275 0.05416268 0.6021735 0.04567146 0.6021735 0.04567146 0.5869275 0.05416268 0.5716816 0.05416268 0.5869275 0.04567146 0.9680764 0.05416268 0.9528303 0.05416268 0.9680764 0.04567146 0.5259438 0.05416268 0.5411897 0.04567146 0.5411897 0.04567146 0.6479113 0.05416268 0.6326654 0.05416268 0.6479113 0.04567146 0.6021735 0.05416268 0.6174194 0.04567146 0.6174194 0.04567146 0.6784031 0.05416268 0.6936492 0.04567146 0.6936492 0.04567146 0.739387 0.05416268 0.7241411 0.05416268 0.739387 0.04567146 0.6936492 0.05416268 0.7088951 0.04567146 0.7088951 0.04567146 0.6631572 0.05416268 0.6784031 0.04567146 0.6784031 0.04567146 0.7546331 0.05416268 0.769879 0.04567146 0.769879 0.04567146 0.7851249 0.05416268 0.769879 0.05416268 0.7851249 0.04567146 0.8156169 0.05416268 0.8003708 0.05416268 0.8156169 0.04567146 0.8461087 0.05416268 0.8308628 0.05416268 0.8461087 0.04567146 0.7851249 0.05416268 0.8003708 0.04567146 0.8003708 0.04567146 0.7088951 0.05416268 0.7241411 0.04567146 0.7241411 0.04567146 0.739387 0.05416268 0.7546331 0.04567146 0.7546331 0.04567146 0.8156169 0.05416268 0.8308628 0.04567146 0.8308628 0.04567146 0.5564357 0.05416268 0.5411897 0.05416268 0.5564357 0.04567146 0.8461087 0.05416268 0.8613546 0.04567146 0.8613546 0.04567146 0.8613546 0.05416268 0.8766005 0.04567146 0.8766005 0.04567146 0.6479113 0.05416268 0.6631572 0.04567146 0.6631572 0.04567146 0.9375844 0.05416268 0.9223385 0.05416268 0.9375844 0.04567146 0.8918465 0.05416268 0.9070925 0.04567146 0.9070925 0.04567146 0.9223385 0.05416268 0.9070925 0.05416268 0.9223385 0.04567146 0.8766005 0.05416268 0.8918465 0.04567146 0.8918465 0.04567146 0.9223385 0.0393089 0.9375844 0.0393089 0.9223385 0.0756126 0.9375844 0.06672513 0.9528303 0.06672513 0.9375844 0.0756126 0.9680764 0.06672513 0.9833223 0.06672513 0.9680764 0.0756126 0.9985682 0.06672513 0.9833223 0.0756126 0.9833223 0.0756126 0.5106979 0.06672513 0.5259438 0.06672513 0.5106979 0.0756126 0.6326654 0.06672513 0.6174194 0.0756126 0.6174194 0.0756126 0.5564357 0.06672513 0.5716816 0.06672513 0.5564357 0.0756126 0.5869275 0.06672513 0.6021735 0.06672513 0.5869275 0.0756126 0.5869275 0.06672513 0.5716816 0.0756126 0.5716816 0.0756126 0.9680764 0.06672513 0.9528303 0.0756126 0.9528303 0.0756126 0.5411897 0.06672513 0.5259438 0.0756126 0.5259438 0.0756126 0.6326654 0.06672513 0.6479113 0.06672513 0.6326654 0.0756126 0.6021735 0.06672513 0.6174194 0.06672513 0.6021735 0.0756126 0.6936492 0.06672513 0.6784031 0.0756126 0.6784031 0.0756126 0.739387 0.06672513 0.7241411 0.0756126 0.7241411 0.0756126 0.6936492 0.06672513 0.7088951 0.06672513 0.6936492 0.0756126 0.6631572 0.06672513 0.6784031 0.06672513 0.6631572 0.0756126 0.7546331 0.06672513 0.769879 0.06672513 0.7546331 0.0756126 0.7851249 0.06672513 0.769879 0.0756126 0.769879 0.0756126 0.8156169 0.06672513 0.8003708 0.0756126 0.8003708 0.0756126 0.8461087 0.06672513 0.8308628 0.0756126 0.8308628 0.0756126 0.8003708 0.06672513 0.7851249 0.0756126 0.7851249 0.0756126 0.7241411 0.06672513 0.7088951 0.0756126 0.7088951 0.0756126 0.739387 0.06672513 0.7546331 0.06672513 0.739387 0.0756126 0.8308628 0.06672513 0.8156169 0.0756126 0.8156169 0.0756126 0.5411897 0.06672513 0.5564357 0.06672513 0.5411897 0.0756126 0.8461087 0.06672513 0.8613546 0.06672513 0.8461087 0.0756126 0.8766005 0.06672513 0.8613546 0.0756126 0.8613546 0.0756126 0.6631572 0.06672513 0.6479113 0.0756126 0.6479113 0.0756126 0.9375844 0.06672513 0.9223385 0.0756126 0.9223385 0.0756126 0.9070925 0.06672513 0.8918465 0.0756126 0.8918465 0.0756126 0.9070925 0.06672513 0.9223385 0.06672513 0.9070925 0.0756126 0.8918465 0.06672513 0.8766005 0.0756126 0.8766005 0.004478573 0.7437246 0.001723766 0.734316 0.004478573 0.734316 0.004478573 0.7625418 0.001723766 0.7531332 0.004478573 0.7531332 0.004478573 0.7625418 0.001723766 0.7719504 0.001723766 0.7625418 0.004478573 0.7719504 0.001723766 0.781359 0.001723766 0.7719504 0.004478573 0.8472192 0.001723766 0.8378106 0.004478573 0.8378106 0.004478573 0.8095849 0.001723766 0.8001763 0.004478573 0.8001763 0.004478573 0.8284021 0.001723766 0.8189935 0.004478573 0.8189935 0.004478573 0.8095849 0.001723766 0.8189935 0.001723766 0.8095849 0.004478573 0.7531332 0.001723766 0.7437246 0.004478573 0.7437246 0.004478573 0.7907676 0.001723766 0.781359 0.004478573 0.781359 0.004478573 0.8472192 0.001723766 0.8566278 0.001723766 0.8472192 0.004478573 0.8284021 0.001723766 0.8378106 0.001723766 0.8284021 0.004478573 0.8848536 0.001723766 0.875445 0.004478573 0.875445 0.004478573 0.9036709 0.001723766 0.9130795 0.001723766 0.9036709 0.004478573 0.8942623 0.001723766 0.8848536 0.004478573 0.8848536 0.004478573 0.875445 0.001723766 0.8660364 0.004478573 0.8660364 0.004478573 0.9224881 0.001723766 0.9318967 0.001723766 0.9224881 0.004478573 0.9318967 0.001723766 0.9413053 0.001723766 0.9318967 0.004478573 0.9507139 0.001723766 0.9601225 0.001723766 0.9507139 0.004478573 0.9695311 0.001723766 0.9789397 0.001723766 0.9695311 0.004478573 0.9507139 0.001723766 0.9413053 0.004478573 0.9413053 0.004478573 0.9036709 0.001723766 0.8942623 0.004478573 0.8942623 0.004478573 0.9130795 0.001723766 0.9224881 0.001723766 0.9130795 0.004478573 0.9695311 0.001723766 0.9601225 0.004478573 0.9601225 0.004478573 0.8001763 0.001723766 0.7907676 0.004478573 0.7907676 0.004478573 0.9789397 0.001723766 0.9883483 0.001723766 0.9789397 0.004478573 0.9883483 0.001723766 0.9977568 0.001723766 0.9883483 0.004478573 0.8660364 0.001723766 0.8566278 0.004478573 0.8566278 0.004478573 0.7249074 0.001723766 0.734316 0.001723766 0.7249074 0.004478573 0.7154988 0.001723766 0.7060902 0.004478573 0.7060902 0.004478573 0.7154988 0.001723766 0.7249074 0.001723766 0.7154988 0.004478573 0.7060902 0.001723766 0.6966815 0.004478573 0.6966815 0.3420409 0.9312294 0.3516264 0.936635 0.3451 0.9386148 0.3375997 0.9245827 0.3362739 0.9136582 0.3428717 0.9202562 0.3319472 0.9189302 0.3285155 0.9084743 0.3362739 0.9136582 0.3253005 0.9144891 0.3198949 0.9049036 0.3285155 0.9084743 0.270115 0.9312294 0.2692842 0.9202561 0.2745562 0.9245827 0.3020811 0.9098703 0.2922611 0.9049036 0.3014126 0.9030832 0.2868553 0.9144891 0.2758821 0.9136582 0.2836404 0.9084743 0.2942408 0.9114298 0.2836404 0.9084743 0.2922611 0.9049036 0.3375997 0.9245827 0.3480557 0.9280145 0.3420409 0.9312294 0.3179152 0.9114298 0.3107434 0.9030832 0.3198949 0.9049036 0.2670559 0.9386148 0.2641003 0.9280143 0.270115 0.9312294 0.2802088 0.9189302 0.2692842 0.9202561 0.2758821 0.9136582 0.2654964 0.9544489 0.2605296 0.9642689 0.2587091 0.9551173 0.2745562 0.9763212 0.2758821 0.9872456 0.2692842 0.9806478 0.270115 0.9696745 0.2605296 0.9642689 0.2670559 0.9622892 0.2654964 0.9544489 0.2587093 0.9457864 0.2654964 0.9464551 0.2942407 0.989474 0.2836404 0.9924296 0.2868553 0.9864149 0.302081 0.9910335 0.292261 0.9960004 0.2942407 0.989474 0.3179152 0.989474 0.3107434 0.9978208 0.3100749 0.9910335 0.3319472 0.9819737 0.3285155 0.9924296 0.3253005 0.9864149 0.3100749 0.9910335 0.3014125 0.9978207 0.302081 0.9910335 0.270115 0.9696745 0.2692842 0.9806478 0.2641003 0.9728894 0.2868553 0.9864149 0.2758821 0.9872456 0.2802088 0.9819737 0.3253005 0.9864149 0.3198949 0.9960004 0.3179152 0.989474 0.3100749 0.9098703 0.3014126 0.9030832 0.3107434 0.9030832 0.3375997 0.9763213 0.3362737 0.9872456 0.3319472 0.9819737 0.3420409 0.9696745 0.3428717 0.9806478 0.3375997 0.9763213 0.2654964 0.9464551 0.2605296 0.936635 0.2670559 0.9386148 0.3466596 0.9464551 0.3516264 0.936635 0.3534467 0.9457865 0.3466596 0.954449 0.3516264 0.964269 0.3451 0.9622892 0.3466596 0.9464551 0.3534467 0.9551173 0.3466596 0.954449 0.3420409 0.9696745 0.3516264 0.964269 0.3480556 0.9728894 0.09560018 0.8183192 0.07836693 0.811122 0.09560018 0.811122 0.09560018 0.8327139 0.07836693 0.8255165 0.09560018 0.8255165 0.09560018 0.8255165 0.07836693 0.8183192 0.09560018 0.8183192 0.09560018 0.8399112 0.07836693 0.8327139 0.09560018 0.8327139 0.0956003 0.9334766 0.07836705 0.9406738 0.07836705 0.9334766 0.09560018 0.811122 0.07836693 0.8039247 0.09560018 0.8039247 0.09560018 0.7967272 0.07836693 0.8039247 0.07836693 0.7967272 0.0956003 0.8902925 0.07836705 0.8830952 0.09560018 0.8830952 0.09560018 0.7823327 0.07836693 0.7895299 0.07836693 0.7823327 0.0956003 0.9766606 0.07836705 0.983858 0.07836705 0.9766606 0.0956003 0.962266 0.07836705 0.9694632 0.07836705 0.962266 0.09560018 0.7679379 0.07836693 0.7751353 0.07836693 0.7679379 0.09560018 0.7967272 0.07836693 0.7895299 0.09560018 0.7895299 0.09560018 0.7823327 0.07836693 0.7751353 0.09560018 0.7751353 0.0956003 0.9982525 0.07836705 0.9910553 0.0956003 0.9910553 0.0956003 0.9910553 0.07836705 0.983858 0.0956003 0.983858 0.0956003 0.9478713 0.07836705 0.9406738 0.0956003 0.9406738 0.0956003 0.962266 0.07836705 0.9550687 0.0956003 0.9550687 0.0956003 0.9766606 0.07836705 0.9694632 0.0956003 0.9694632 0.0956003 0.9550687 0.07836705 0.9478713 0.0956003 0.9478713 0.0956003 0.9190819 0.07836705 0.9118846 0.0956003 0.9118846 0.0956003 0.9334766 0.07836705 0.9262793 0.0956003 0.9262793 0.09560018 0.8830952 0.07836693 0.8758979 0.09560018 0.8758979 0.09560018 0.8543058 0.07836693 0.8471085 0.09560018 0.8471085 0.0956003 0.9046873 0.07836705 0.89749 0.0956003 0.89749 0.0956003 0.9046873 0.07836705 0.9118846 0.07836705 0.9046873 0.0956003 0.8902925 0.07836705 0.89749 0.07836705 0.8902925 0.0956003 0.9190819 0.07836705 0.9262793 0.07836705 0.9190819 0.09560018 0.8758979 0.07836693 0.8687006 0.09560018 0.8687006 0.09560018 0.8615033 0.07836693 0.8687006 0.07836693 0.8615033 0.09560018 0.8543058 0.07836693 0.8615033 0.07836693 0.8543058 0.09560018 0.8399112 0.07836693 0.8471085 0.07836693 0.8399112 0.0321328 0.9375844 0.006889343 0.9223385 0.006889343 0.9375844 0.0321328 0.7546331 0.006889343 0.739387 0.006889343 0.7546331 0.006889343 0.9833223 0.0321328 0.9680764 0.006889343 0.9680764 0.006889343 0.769879 0.0321328 0.7546331 0.006889343 0.7546331 0.0321328 0.6326654 0.006889343 0.6174194 0.006889343 0.6326654 0.0321328 0.8461087 0.006889343 0.8308628 0.006889343 0.8461087 0.006889343 0.5716816 0.0321328 0.5564357 0.006889343 0.5564357 0.006889343 0.5869275 0.0321328 0.5716816 0.006889343 0.5716816 0.0321328 0.6479113 0.006889343 0.6326654 0.006889343 0.6479113 0.006889343 0.8766005 0.0321328 0.8613546 0.006889343 0.8613546 0.0321328 0.6784031 0.006889343 0.6631572 0.006889343 0.6784031 0.0321328 0.8918465 0.006889343 0.8766005 0.006889343 0.8918465 0.0321328 0.7241411 0.006889343 0.7088951 0.006889343 0.7241411 0.1379944 0.8065038 0.1034348 0.8169872 0.1139181 0.8515469 0.0321328 0.6936492 0.006889343 0.6784031 0.006889343 0.6936492 0.0321328 0.739387 0.006889343 0.7241411 0.006889343 0.739387 0.0321328 0.9985682 0.006889343 0.9833223 0.006889343 0.9985682 0.0321328 0.9680764 0.006889343 0.9528303 0.006889343 0.9680764 0.0321328 0.7088951 0.006889343 0.6936492 0.006889343 0.7088951 0.0321328 0.5259438 0.006889343 0.5106979 0.006889343 0.5259438 0.0321328 0.7851249 0.006889343 0.769879 0.006889343 0.7851249 0.006889343 0.5411897 0.0321328 0.5259438 0.006889343 0.5259438 0.0321328 0.9070925 0.006889343 0.8918465 0.006889343 0.9070925 0.006889343 0.8003708 0.0321328 0.7851249 0.006889343 0.7851249 0.006889343 0.6174194 0.0321328 0.6021735 0.006889343 0.6021735 0.0321328 0.9223385 0.006889343 0.9070925 0.006889343 0.9223385 0.0321328 0.8308628 0.006889343 0.8156169 0.006889343 0.8308628 0.0321328 0.5564357 0.006889343 0.5411897 0.006889343 0.5564357 0.0321328 0.8613546 0.006889343 0.8461087 0.006889343 0.8613546 0.0321328 0.6631572 0.006889343 0.6479113 0.006889343 0.6631572 0.0321328 0.8156169 0.006889343 0.8003708 0.006889343 0.8156169 0.0321328 0.6021735 0.006889343 0.5869275 0.006889343 0.6021735 0.05416268 0.9528303 0.06672513 0.9680764 0.06672513 0.9528303 0.0321328 0.9375844 0.0393089 0.9528303 0.0393089 0.9375844 0.0393089 0.9223385 0.0321328 0.9375844 0.0393089 0.9375844 0.06672513 0.9833223 0.05416268 0.9985682 0.06672513 0.9985682 0.0393089 0.9680764 0.0321328 0.9833223 0.0393089 0.9833223 0.06672513 0.9680764 0.05416268 0.9833223 0.06672513 0.9833223 0.0393089 0.9833223 0.04567146 0.9985682 0.04567146 0.9833223 0.0393089 0.9833223 0.0321328 0.9985682 0.0393089 0.9985682 0.05416268 0.5106979 0.06672513 0.5259438 0.06672513 0.5106979 0.0393089 0.5106979 0.04567146 0.5259438 0.04567146 0.5106979 0.0321328 0.5106979 0.0393089 0.5259438 0.0393089 0.5106979 0.06672513 0.5259438 0.05416268 0.5411897 0.06672513 0.5411897 0.05416268 0.6326654 0.06672513 0.6479113 0.06672513 0.6326654 0.0321328 0.6174194 0.0393089 0.6326654 0.0393089 0.6174194 0.0321328 0.6021735 0.0393089 0.6174194 0.0393089 0.6021735 0.06672513 0.5716816 0.05416268 0.5869275 0.06672513 0.5869275 0.0321328 0.5564357 0.0393089 0.5716816 0.0393089 0.5564357 0.0321328 0.5411897 0.0393089 0.5564357 0.0393089 0.5411897 0.05416268 0.6479113 0.06672513 0.6631572 0.06672513 0.6479113 0.0321328 0.5869275 0.0393089 0.6021735 0.0393089 0.5869275 0.06672513 0.5869275 0.05416268 0.6021735 0.06672513 0.6021735 0.04567146 0.5716816 0.0393089 0.5869275 0.04567146 0.5869275 0.0393089 0.5716816 0.0321328 0.5869275 0.0393089 0.5869275 0.04567146 0.5869275 0.0393089 0.6021735 0.04567146 0.6021735 0.0393089 0.9528303 0.04567146 0.9680764 0.04567146 0.9528303 0.0393089 0.9528303 0.0321328 0.9680764 0.0393089 0.9680764 0.0393089 0.9680764 0.04567146 0.9833223 0.04567146 0.9680764 0.0393089 0.5259438 0.04567146 0.5411897 0.04567146 0.5259438 0.0321328 0.5259438 0.0393089 0.5411897 0.0393089 0.5259438 0.04567146 0.6021735 0.0393089 0.6174194 0.04567146 0.6174194 0.0393089 0.6326654 0.04567146 0.6479113 0.04567146 0.6326654 0.0321328 0.6326654 0.0393089 0.6479113 0.0393089 0.6326654 0.0393089 0.5411897 0.04567146 0.5564357 0.04567146 0.5411897 0.06672513 0.6174194 0.05416268 0.6326654 0.06672513 0.6326654 0.04567146 0.6174194 0.0393089 0.6326654 0.04567146 0.6326654 0.06672513 0.6021735 0.05416268 0.6174194 0.06672513 0.6174194 0.06672513 0.6936492 0.05416268 0.7088951 0.06672513 0.7088951 0.0393089 0.6784031 0.0321328 0.6936492 0.0393089 0.6936492 0.0321328 0.6631572 0.0393089 0.6784031 0.0393089 0.6631572 0.06672513 0.739387 0.05416268 0.7546331 0.06672513 0.7546331 0.0393089 0.7241411 0.0321328 0.739387 0.0393089 0.739387 0.0393089 0.7088951 0.0321328 0.7241411 0.0393089 0.7241411 0.0393089 0.6936492 0.04567146 0.7088951 0.04567146 0.6936492 0.0393089 0.6936492 0.0321328 0.7088951 0.0393089 0.7088951 0.0393089 0.7088951 0.04567146 0.7241411 0.04567146 0.7088951 0.06672513 0.6784031 0.05416268 0.6936492 0.06672513 0.6936492 0.04567146 0.6784031 0.0393089 0.6936492 0.04567146 0.6936492 0.06672513 0.6631572 0.05416268 0.6784031 0.06672513 0.6784031 0.05416268 0.769879 0.06672513 0.7851249 0.06672513 0.769879 0.0393089 0.7546331 0.0321328 0.769879 0.0393089 0.769879 0.05416268 0.7546331 0.06672513 0.769879 0.06672513 0.7546331 0.0393089 0.769879 0.04567146 0.7851249 0.04567146 0.769879 0.0393089 0.769879 0.0321328 0.7851249 0.0393089 0.7851249 0.05416268 0.7851249 0.06672513 0.8003708 0.06672513 0.7851249 0.05416268 0.8156169 0.06672513 0.8308628 0.06672513 0.8156169 0.0321328 0.8003708 0.0393089 0.8156169 0.0393089 0.8003708 0.06672513 0.8003708 0.05416268 0.8156169 0.06672513 0.8156169 0.06672513 0.8461087 0.05416268 0.8613546 0.06672513 0.8613546 0.0393089 0.8308628 0.0321328 0.8461087 0.0393089 0.8461087 0.06672513 0.8308628 0.05416268 0.8461087 0.06672513 0.8461087 0.0393089 0.7851249 0.04567146 0.8003708 0.04567146 0.7851249 0.0393089 0.7851249 0.0321328 0.8003708 0.0393089 0.8003708 0.0393089 0.8003708 0.04567146 0.8156169 0.04567146 0.8003708 0.06672513 0.7241411 0.05416268 0.739387 0.06672513 0.739387 0.0393089 0.7241411 0.04567146 0.739387 0.04567146 0.7241411 0.06672513 0.7088951 0.05416268 0.7241411 0.06672513 0.7241411 0.04567146 0.739387 0.0393089 0.7546331 0.04567146 0.7546331 0.0393089 0.739387 0.0321328 0.7546331 0.0393089 0.7546331 0.0393089 0.7546331 0.04567146 0.769879 0.04567146 0.7546331 0.04567146 0.8156169 0.0393089 0.8308628 0.04567146 0.8308628 0.0321328 0.8156169 0.0393089 0.8308628 0.0393089 0.8156169 0.04567146 0.8308628 0.0393089 0.8461087 0.04567146 0.8461087 0.05416268 0.5564357 0.06672513 0.5716816 0.06672513 0.5564357 0.0393089 0.5564357 0.04567146 0.5716816 0.04567146 0.5564357 0.05416268 0.5411897 0.06672513 0.5564357 0.06672513 0.5411897 0.04567146 0.8461087 0.0393089 0.8613546 0.04567146 0.8613546 0.0393089 0.8461087 0.0321328 0.8613546 0.0393089 0.8613546 0.06672513 0.8613546 0.05416268 0.8766005 0.06672513 0.8766005 0.04567146 0.8613546 0.0393089 0.8766005 0.04567146 0.8766005 0.0321328 0.8613546 0.0393089 0.8766005 0.0393089 0.8613546 0.05416268 0.8766005 0.06672513 0.8918465 0.06672513 0.8766005 0.04567146 0.6479113 0.0393089 0.6631572 0.04567146 0.6631572 0.0321328 0.6479113 0.0393089 0.6631572 0.0393089 0.6479113 0.04567146 0.6631572 0.0393089 0.6784031 0.04567146 0.6784031 0.05416268 0.9375844 0.06672513 0.9528303 0.06672513 0.9375844 0.0393089 0.9375844 0.04567146 0.9528303 0.04567146 0.9375844 0.05416268 0.9223385 0.06672513 0.9375844 0.06672513 0.9223385 0.0321328 0.8918465 0.0393089 0.9070925 0.0393089 0.8918465 0.05416268 0.8918465 0.06672513 0.9070925 0.06672513 0.8918465 0.04567146 0.8918465 0.0393089 0.9070925 0.04567146 0.9070925 0.0321328 0.9070925 0.0393089 0.9223385 0.0393089 0.9070925 0.06672513 0.9070925 0.05416268 0.9223385 0.06672513 0.9223385 0.04567146 0.8766005 0.0393089 0.8918465 0.04567146 0.8918465 0.0321328 0.8766005 0.0393089 0.8918465 0.0393089 0.8766005 0.04567146 0.9070925 0.0393089 0.9223385 0.04567146 0.9223385 0.0321328 0.9528303 0.006889343 0.9375844 0.006889343 0.9528303 0.05416268 0.9528303 0.04567146 0.9375844 0.04567146 0.9528303 0.04567146 0.9833223 0.05416268 0.9680764 0.04567146 0.9680764 0.04567146 0.9985682 0.05416268 0.9833223 0.04567146 0.9833223 0.04567146 0.5259438 0.05416268 0.5106979 0.04567146 0.5106979 0.04567146 0.6326654 0.05416268 0.6174194 0.04567146 0.6174194 0.05416268 0.5716816 0.04567146 0.5564357 0.04567146 0.5716816 0.05416268 0.6021735 0.04567146 0.5869275 0.04567146 0.6021735 0.04567146 0.5869275 0.05416268 0.5716816 0.04567146 0.5716816 0.04567146 0.9680764 0.05416268 0.9528303 0.04567146 0.9528303 0.05416268 0.5411897 0.04567146 0.5259438 0.04567146 0.5411897 0.04567146 0.6479113 0.05416268 0.6326654 0.04567146 0.6326654 0.05416268 0.6174194 0.04567146 0.6021735 0.04567146 0.6174194 0.05416268 0.6936492 0.04567146 0.6784031 0.04567146 0.6936492 0.04567146 0.739387 0.05416268 0.7241411 0.04567146 0.7241411 0.05416268 0.7088951 0.04567146 0.6936492 0.04567146 0.7088951 0.05416268 0.6784031 0.04567146 0.6631572 0.04567146 0.6784031 0.05416268 0.769879 0.04567146 0.7546331 0.04567146 0.769879 0.04567146 0.7851249 0.05416268 0.769879 0.04567146 0.769879 0.04567146 0.8156169 0.05416268 0.8003708 0.04567146 0.8003708 0.04567146 0.8461087 0.05416268 0.8308628 0.04567146 0.8308628 0.05416268 0.8003708 0.04567146 0.7851249 0.04567146 0.8003708 0.05416268 0.7241411 0.04567146 0.7088951 0.04567146 0.7241411 0.05416268 0.7546331 0.04567146 0.739387 0.04567146 0.7546331 0.05416268 0.8308628 0.04567146 0.8156169 0.04567146 0.8308628 0.04567146 0.5564357 0.05416268 0.5411897 0.04567146 0.5411897 0.05416268 0.8613546 0.04567146 0.8461087 0.04567146 0.8613546 0.05416268 0.8766005 0.04567146 0.8613546 0.04567146 0.8766005 0.05416268 0.6631572 0.04567146 0.6479113 0.04567146 0.6631572 0.04567146 0.9375844 0.05416268 0.9223385 0.04567146 0.9223385 0.05416268 0.9070925 0.04567146 0.8918465 0.04567146 0.9070925 0.04567146 0.9223385 0.05416268 0.9070925 0.04567146 0.9070925 0.05416268 0.8918465 0.04567146 0.8766005 0.04567146 0.8918465 0.04567146 0.9223385 0.0393089 0.9375844 0.04567146 0.9375844 0.0756126 0.9375844 0.06672513 0.9528303 0.0756126 0.9528303 0.0756126 0.9680764 0.06672513 0.9833223 0.0756126 0.9833223 0.06672513 0.9833223 0.0756126 0.9985682 0.0756126 0.9833223 0.0756126 0.5106979 0.06672513 0.5259438 0.0756126 0.5259438 0.06672513 0.6174194 0.0756126 0.6326654 0.0756126 0.6174194 0.0756126 0.5564357 0.06672513 0.5716816 0.0756126 0.5716816 0.0756126 0.5869275 0.06672513 0.6021735 0.0756126 0.6021735 0.06672513 0.5716816 0.0756126 0.5869275 0.0756126 0.5716816 0.06672513 0.9528303 0.0756126 0.9680764 0.0756126 0.9528303 0.06672513 0.5259438 0.0756126 0.5411897 0.0756126 0.5259438 0.0756126 0.6326654 0.06672513 0.6479113 0.0756126 0.6479113 0.0756126 0.6021735 0.06672513 0.6174194 0.0756126 0.6174194 0.06672513 0.6784031 0.0756126 0.6936492 0.0756126 0.6784031 0.06672513 0.7241411 0.0756126 0.739387 0.0756126 0.7241411 0.0756126 0.6936492 0.06672513 0.7088951 0.0756126 0.7088951 0.0756126 0.6631572 0.06672513 0.6784031 0.0756126 0.6784031 0.0756126 0.7546331 0.06672513 0.769879 0.0756126 0.769879 0.06672513 0.769879 0.0756126 0.7851249 0.0756126 0.769879 0.06672513 0.8003708 0.0756126 0.8156169 0.0756126 0.8003708 0.06672513 0.8308628 0.0756126 0.8461087 0.0756126 0.8308628 0.06672513 0.7851249 0.0756126 0.8003708 0.0756126 0.7851249 0.06672513 0.7088951 0.0756126 0.7241411 0.0756126 0.7088951 0.0756126 0.739387 0.06672513 0.7546331 0.0756126 0.7546331 0.06672513 0.8156169 0.0756126 0.8308628 0.0756126 0.8156169 0.0756126 0.5411897 0.06672513 0.5564357 0.0756126 0.5564357 0.0756126 0.8461087 0.06672513 0.8613546 0.0756126 0.8613546 0.06672513 0.8613546 0.0756126 0.8766005 0.0756126 0.8613546 0.06672513 0.6479113 0.0756126 0.6631572 0.0756126 0.6479113 0.06672513 0.9223385 0.0756126 0.9375844 0.0756126 0.9223385 0.06672513 0.8918465 0.0756126 0.9070925 0.0756126 0.8918465 0.0756126 0.9070925 0.06672513 0.9223385 0.0756126 0.9223385 0.06672513 0.8766005 0.0756126 0.8918465 0.0756126 0.8766005 0.004478573 0.734316 0.001723766 0.7437246 0.004478573 0.7437246 0.001723766 0.7531332 0.004478573 0.7625418 0.004478573 0.7531332 0.004478573 0.7625418 0.001723766 0.7719504 0.004478573 0.7719504 0.004478573 0.7719504 0.001723766 0.781359 0.004478573 0.781359 0.001723766 0.8378106 0.004478573 0.8472192 0.004478573 0.8378106 0.001723766 0.8001763 0.004478573 0.8095849 0.004478573 0.8001763 0.001723766 0.8189935 0.004478573 0.8284021 0.004478573 0.8189935 0.004478573 0.8095849 0.001723766 0.8189935 0.004478573 0.8189935 0.001723766 0.7437246 0.004478573 0.7531332 0.004478573 0.7437246 0.001723766 0.781359 0.004478573 0.7907676 0.004478573 0.781359 0.004478573 0.8472192 0.001723766 0.8566278 0.004478573 0.8566278 0.004478573 0.8284021 0.001723766 0.8378106 0.004478573 0.8378106 0.001723766 0.875445 0.004478573 0.8848536 0.004478573 0.875445 0.004478573 0.9036709 0.001723766 0.9130795 0.004478573 0.9130795 0.001723766 0.8848536 0.004478573 0.8942623 0.004478573 0.8848536 0.001723766 0.8660364 0.004478573 0.875445 0.004478573 0.8660364 0.004478573 0.9224881 0.001723766 0.9318967 0.004478573 0.9318967 0.004478573 0.9318967 0.001723766 0.9413053 0.004478573 0.9413053 0.004478573 0.9507139 0.001723766 0.9601225 0.004478573 0.9601225 0.004478573 0.9695311 0.001723766 0.9789397 0.004478573 0.9789397 0.001723766 0.9413053 0.004478573 0.9507139 0.004478573 0.9413053 0.001723766 0.8942623 0.004478573 0.9036709 0.004478573 0.8942623 0.004478573 0.9130795 0.001723766 0.9224881 0.004478573 0.9224881 0.001723766 0.9601225 0.004478573 0.9695311 0.004478573 0.9601225 0.001723766 0.7907676 0.004478573 0.8001763 0.004478573 0.7907676 0.004478573 0.9789397 0.001723766 0.9883483 0.004478573 0.9883483 0.004478573 0.9883483 0.001723766 0.9977568 0.004478573 0.9977568 0.001723766 0.8566278 0.004478573 0.8660364 0.004478573 0.8566278 0.004478573 0.7249074 0.001723766 0.734316 0.004478573 0.734316 0.001723766 0.7060902 0.004478573 0.7154988 0.004478573 0.7060902 0.004478573 0.7154988 0.001723766 0.7249074 0.004478573 0.7249074 0.001723766 0.6966815 0.004478573 0.7060902 0.004478573 0.6966815 0.3516264 0.936635 0.3420409 0.9312294 0.3451 0.9386148 0.3375997 0.9245827 0.3362739 0.9136582 0.3319472 0.9189302 0.3319472 0.9189302 0.3285155 0.9084743 0.3253005 0.9144891 0.3253005 0.9144891 0.3198949 0.9049036 0.3179152 0.9114298 0.2692842 0.9202561 0.270115 0.9312294 0.2745562 0.9245827 0.3020811 0.9098703 0.2922611 0.9049036 0.2942408 0.9114298 0.2868553 0.9144891 0.2758821 0.9136582 0.2802088 0.9189302 0.2942408 0.9114298 0.2836404 0.9084743 0.2868553 0.9144891 0.3480557 0.9280145 0.3375997 0.9245827 0.3420409 0.9312294 0.3179152 0.9114298 0.3107434 0.9030832 0.3100749 0.9098703 0.2641003 0.9280143 0.2670559 0.9386148 0.270115 0.9312294 0.2802088 0.9189302 0.2692842 0.9202561 0.2745562 0.9245827 0.2654964 0.9544489 0.2605296 0.9642689 0.2670559 0.9622892 0.2745562 0.9763212 0.2758821 0.9872456 0.2802088 0.9819737 0.2605296 0.9642689 0.270115 0.9696745 0.2670559 0.9622892 0.2587093 0.9457864 0.2654964 0.9544489 0.2654964 0.9464551 0.2836404 0.9924296 0.2942407 0.989474 0.2868553 0.9864149 0.292261 0.9960004 0.302081 0.9910335 0.2942407 0.989474 0.3107434 0.9978208 0.3179152 0.989474 0.3100749 0.9910335 0.3285155 0.9924296 0.3319472 0.9819737 0.3253005 0.9864149 0.3014125 0.9978207 0.3100749 0.9910335 0.302081 0.9910335 0.270115 0.9696745 0.2692842 0.9806478 0.2745562 0.9763212 0.2758821 0.9872456 0.2868553 0.9864149 0.2802088 0.9819737 0.3198949 0.9960004 0.3253005 0.9864149 0.3179152 0.989474 0.3100749 0.9098703 0.3014126 0.9030832 0.3020811 0.9098703 0.3362737 0.9872456 0.3375997 0.9763213 0.3319472 0.9819737 0.3428717 0.9806478 0.3420409 0.9696745 0.3375997 0.9763213 0.2605296 0.936635 0.2654964 0.9464551 0.2670559 0.9386148 0.3466596 0.9464551 0.3516264 0.936635 0.3451 0.9386148 0.3516264 0.964269 0.3466596 0.954449 0.3451 0.9622892 0.3534467 0.9551173 0.3466596 0.9464551 0.3466596 0.954449 0.3420409 0.9696745 0.3516264 0.964269 0.3451 0.9622892 0.07836693 0.811122 0.09560018 0.8183192 0.09560018 0.811122 0.07836693 0.8255165 0.09560018 0.8327139 0.09560018 0.8255165 0.07836693 0.8183192 0.09560018 0.8255165 0.09560018 0.8183192 0.07836693 0.8327139 0.09560018 0.8399112 0.09560018 0.8327139 0.0956003 0.9334766 0.07836705 0.9406738 0.0956003 0.9406738 0.07836693 0.8039247 0.09560018 0.811122 0.09560018 0.8039247 0.09560018 0.7967272 0.07836693 0.8039247 0.09560018 0.8039247 0.07836705 0.8830952 0.0956003 0.8902925 0.09560018 0.8830952 0.09560018 0.7823327 0.07836693 0.7895299 0.09560018 0.7895299 0.0956003 0.9766606 0.07836705 0.983858 0.0956003 0.983858 0.0956003 0.962266 0.07836705 0.9694632 0.0956003 0.9694632 0.09560018 0.7679379 0.07836693 0.7751353 0.09560018 0.7751353 0.07836693 0.7895299 0.09560018 0.7967272 0.09560018 0.7895299 0.07836693 0.7751353 0.09560018 0.7823327 0.09560018 0.7751353 0.07836705 0.9910553 0.0956003 0.9982525 0.0956003 0.9910553 0.07836705 0.983858 0.0956003 0.9910553 0.0956003 0.983858 0.07836705 0.9406738 0.0956003 0.9478713 0.0956003 0.9406738 0.07836705 0.9550687 0.0956003 0.962266 0.0956003 0.9550687 0.07836705 0.9694632 0.0956003 0.9766606 0.0956003 0.9694632 0.07836705 0.9478713 0.0956003 0.9550687 0.0956003 0.9478713 0.07836705 0.9118846 0.0956003 0.9190819 0.0956003 0.9118846 0.07836705 0.9262793 0.0956003 0.9334766 0.0956003 0.9262793 0.07836693 0.8758979 0.09560018 0.8830952 0.09560018 0.8758979 0.07836693 0.8471085 0.09560018 0.8543058 0.09560018 0.8471085 0.07836705 0.89749 0.0956003 0.9046873 0.0956003 0.89749 0.0956003 0.9046873 0.07836705 0.9118846 0.0956003 0.9118846 0.0956003 0.8902925 0.07836705 0.89749 0.0956003 0.89749 0.0956003 0.9190819 0.07836705 0.9262793 0.0956003 0.9262793 0.07836693 0.8687006 0.09560018 0.8758979 0.09560018 0.8687006 0.07836693 0.8615033 0.09560018 0.8687006 0.09560018 0.8615033 0.09560018 0.8543058 0.07836693 0.8615033 0.09560018 0.8615033 0.09560018 0.8399112 0.07836693 0.8471085 0.09560018 0.8471085 0.006889343 0.9223385 0.0321328 0.9223385 0.0321328 0.9375844 0.006889343 0.739387 0.0321328 0.739387 0.0321328 0.7546331 0.006889343 0.9680764 0.0321328 0.9680764 0.0321328 0.9833223 0.006889343 0.7546331 0.0321328 0.7546331 0.0321328 0.769879 0.006889343 0.6326654 0.006889343 0.6174194 0.0321328 0.6174194 0.006889343 0.8308628 0.0321328 0.8308628 0.0321328 0.8461087 0.006889343 0.5564357 0.0321328 0.5564357 0.0321328 0.5716816 0.006889343 0.5716816 0.0321328 0.5716816 0.0321328 0.5869275 0.006889343 0.6326654 0.0321328 0.6326654 0.0321328 0.6479113 0.006889343 0.8613546 0.0321328 0.8613546 0.0321328 0.8766005 0.006889343 0.6631572 0.0321328 0.6631572 0.0321328 0.6784031 0.006889343 0.8766005 0.0321328 0.8766005 0.0321328 0.8918465 0.006889343 0.7088951 0.0321328 0.7088951 0.0321328 0.7241411 0.1513703 0.8315284 0.1503936 0.8364383 0.1484779 0.8410634 0.1484779 0.8410634 0.1456965 0.8452258 0.1513703 0.8315284 0.1456965 0.8452258 0.1421567 0.8487657 0.1513703 0.8315284 0.1421567 0.8487657 0.1379942 0.8515469 0.1333692 0.8534627 0.1333692 0.8534627 0.1284593 0.8544393 0.1234531 0.8544393 0.1234531 0.8544393 0.1185432 0.8534626 0.1139181 0.8515469 0.1139181 0.8515469 0.1097558 0.8487655 0.1062159 0.8452257 0.1062159 0.8452257 0.1034346 0.8410633 0.1015189 0.8364383 0.1015189 0.8364383 0.1005423 0.8315283 0.1062159 0.8452257 0.1005423 0.8315283 0.1005423 0.8265221 0.1062159 0.8452257 0.1005423 0.8265221 0.1015189 0.8216122 0.1034348 0.8169872 0.1034348 0.8169872 0.106216 0.8128249 0.1005423 0.8265221 0.106216 0.8128249 0.1097559 0.8092849 0.1005423 0.8265221 0.1097559 0.8092849 0.1139183 0.8065037 0.1185434 0.804588 0.1185434 0.804588 0.1234533 0.8036113 0.1097559 0.8092849 0.1234533 0.8036113 0.1284594 0.8036113 0.1097559 0.8092849 0.1284594 0.8036113 0.1333693 0.804588 0.1456967 0.8128249 0.1333693 0.804588 0.1379944 0.8065038 0.1456967 0.8128249 0.1379944 0.8065038 0.1421568 0.8092849 0.1456967 0.8128249 0.1456967 0.8128249 0.1484779 0.8169873 0.1503936 0.8216124 0.1503936 0.8216124 0.1513703 0.8265222 0.1513703 0.8315284 0.1421567 0.8487657 0.1333692 0.8534627 0.1513703 0.8315284 0.1333692 0.8534627 0.1234531 0.8544393 0.1513703 0.8315284 0.1234531 0.8544393 0.1139181 0.8515469 0.1005423 0.8265221 0.1139181 0.8515469 0.1062159 0.8452257 0.1005423 0.8265221 0.1456967 0.8128249 0.1503936 0.8216124 0.1284594 0.8036113 0.1503936 0.8216124 0.1513703 0.8315284 0.1284594 0.8036113 0.1005423 0.8265221 0.1097559 0.8092849 0.1284594 0.8036113 0.1513703 0.8315284 0.1234531 0.8544393 0.1284594 0.8036113 0.006889343 0.6784031 0.0321328 0.6784031 0.0321328 0.6936492 0.006889343 0.739387 0.006889343 0.7241411 0.0321328 0.7241411 0.006889343 0.9833223 0.0321328 0.9833223 0.0321328 0.9985682 0.006889343 0.9528303 0.0321328 0.9528303 0.0321328 0.9680764 0.006889343 0.6936492 0.0321328 0.6936492 0.0321328 0.7088951 0.006889343 0.5259438 0.006889343 0.5106979 0.0321328 0.5106979 0.006889343 0.7851249 0.006889343 0.769879 0.0321328 0.769879 0.006889343 0.5259438 0.0321328 0.5259438 0.0321328 0.5411897 0.006889343 0.8918465 0.0321328 0.8918465 0.0321328 0.9070925 0.006889343 0.7851249 0.0321328 0.7851249 0.0321328 0.8003708 0.006889343 0.6021735 0.0321328 0.6021735 0.0321328 0.6174194 0.006889343 0.9070925 0.0321328 0.9070925 0.0321328 0.9223385 0.006889343 0.8308628 0.006889343 0.8156169 0.0321328 0.8156169 0.006889343 0.5564357 0.006889343 0.5411897 0.0321328 0.5411897 0.006889343 0.8613546 0.006889343 0.8461087 0.0321328 0.8461087 0.006889343 0.6479113 0.0321328 0.6479113 0.0321328 0.6631572 0.006889343 0.8156169 0.006889343 0.8003708 0.0321328 0.8003708 0.006889343 0.5869275 0.0321328 0.5869275 0.0321328 0.6021735 0.06672513 0.9680764 0.05416268 0.9680764 0.05416268 0.9528303 0.0393089 0.9528303 0.0321328 0.9528303 0.0321328 0.9375844 0.0393089 0.9223385 0.0393089 0.9375844 0.0321328 0.9375844 0.06672513 0.9833223 0.06672513 0.9985682 0.05416268 0.9985682 0.0393089 0.9680764 0.0393089 0.9833223 0.0321328 0.9833223 0.06672513 0.9680764 0.06672513 0.9833223 0.05416268 0.9833223 0.04567146 0.9985682 0.0393089 0.9985682 0.0393089 0.9833223 0.0393089 0.9833223 0.0393089 0.9985682 0.0321328 0.9985682 0.06672513 0.5259438 0.05416268 0.5259438 0.05416268 0.5106979 0.04567146 0.5259438 0.0393089 0.5259438 0.0393089 0.5106979 0.0393089 0.5259438 0.0321328 0.5259438 0.0321328 0.5106979 0.06672513 0.5259438 0.06672513 0.5411897 0.05416268 0.5411897 0.06672513 0.6479113 0.05416268 0.6479113 0.05416268 0.6326654 0.0393089 0.6326654 0.0321328 0.6326654 0.0321328 0.6174194 0.0393089 0.6174194 0.0321328 0.6174194 0.0321328 0.6021735 0.06672513 0.5716816 0.06672513 0.5869275 0.05416268 0.5869275 0.0393089 0.5716816 0.0321328 0.5716816 0.0321328 0.5564357 0.0393089 0.5564357 0.0321328 0.5564357 0.0321328 0.5411897 0.06672513 0.6631572 0.05416268 0.6631572 0.05416268 0.6479113 0.0393089 0.6021735 0.0321328 0.6021735 0.0321328 0.5869275 0.06672513 0.5869275 0.06672513 0.6021735 0.05416268 0.6021735 0.04567146 0.5716816 0.04567146 0.5869275 0.0393089 0.5869275 0.0393089 0.5716816 0.0393089 0.5869275 0.0321328 0.5869275 0.04567146 0.5869275 0.04567146 0.6021735 0.0393089 0.6021735 0.04567146 0.9680764 0.0393089 0.9680764 0.0393089 0.9528303 0.0393089 0.9528303 0.0393089 0.9680764 0.0321328 0.9680764 0.04567146 0.9833223 0.0393089 0.9833223 0.0393089 0.9680764 0.04567146 0.5411897 0.0393089 0.5411897 0.0393089 0.5259438 0.0393089 0.5411897 0.0321328 0.5411897 0.0321328 0.5259438 0.04567146 0.6021735 0.04567146 0.6174194 0.0393089 0.6174194 0.04567146 0.6479113 0.0393089 0.6479113 0.0393089 0.6326654 0.0393089 0.6479113 0.0321328 0.6479113 0.0321328 0.6326654 0.04567146 0.5564357 0.0393089 0.5564357 0.0393089 0.5411897 0.06672513 0.6174194 0.06672513 0.6326654 0.05416268 0.6326654 0.04567146 0.6174194 0.04567146 0.6326654 0.0393089 0.6326654 0.06672513 0.6174194 0.05416268 0.6174194 0.05416268 0.6021735 0.06672513 0.6936492 0.06672513 0.7088951 0.05416268 0.7088951 0.0393089 0.6784031 0.0393089 0.6936492 0.0321328 0.6936492 0.0393089 0.6784031 0.0321328 0.6784031 0.0321328 0.6631572 0.06672513 0.739387 0.06672513 0.7546331 0.05416268 0.7546331 0.0393089 0.7241411 0.0393089 0.739387 0.0321328 0.739387 0.0393089 0.7088951 0.0393089 0.7241411 0.0321328 0.7241411 0.04567146 0.7088951 0.0393089 0.7088951 0.0393089 0.6936492 0.0393089 0.6936492 0.0393089 0.7088951 0.0321328 0.7088951 0.04567146 0.7241411 0.0393089 0.7241411 0.0393089 0.7088951 0.06672513 0.6784031 0.06672513 0.6936492 0.05416268 0.6936492 0.04567146 0.6784031 0.04567146 0.6936492 0.0393089 0.6936492 0.06672513 0.6631572 0.06672513 0.6784031 0.05416268 0.6784031 0.06672513 0.7851249 0.05416268 0.7851249 0.05416268 0.769879 0.0393089 0.7546331 0.0393089 0.769879 0.0321328 0.769879 0.06672513 0.769879 0.05416268 0.769879 0.05416268 0.7546331 0.04567146 0.7851249 0.0393089 0.7851249 0.0393089 0.769879 0.0393089 0.769879 0.0393089 0.7851249 0.0321328 0.7851249 0.06672513 0.8003708 0.05416268 0.8003708 0.05416268 0.7851249 0.06672513 0.8308628 0.05416268 0.8308628 0.05416268 0.8156169 0.0393089 0.8156169 0.0321328 0.8156169 0.0321328 0.8003708 0.06672513 0.8003708 0.06672513 0.8156169 0.05416268 0.8156169 0.06672513 0.8461087 0.06672513 0.8613546 0.05416268 0.8613546 0.0393089 0.8308628 0.0393089 0.8461087 0.0321328 0.8461087 0.06672513 0.8308628 0.06672513 0.8461087 0.05416268 0.8461087 0.04567146 0.8003708 0.0393089 0.8003708 0.0393089 0.7851249 0.0393089 0.7851249 0.0393089 0.8003708 0.0321328 0.8003708 0.04567146 0.8156169 0.0393089 0.8156169 0.0393089 0.8003708 0.06672513 0.7241411 0.06672513 0.739387 0.05416268 0.739387 0.04567146 0.739387 0.0393089 0.739387 0.0393089 0.7241411 0.06672513 0.7088951 0.06672513 0.7241411 0.05416268 0.7241411 0.04567146 0.739387 0.04567146 0.7546331 0.0393089 0.7546331 0.0393089 0.739387 0.0393089 0.7546331 0.0321328 0.7546331 0.04567146 0.769879 0.0393089 0.769879 0.0393089 0.7546331 0.04567146 0.8156169 0.04567146 0.8308628 0.0393089 0.8308628 0.0393089 0.8308628 0.0321328 0.8308628 0.0321328 0.8156169 0.04567146 0.8308628 0.04567146 0.8461087 0.0393089 0.8461087 0.06672513 0.5716816 0.05416268 0.5716816 0.05416268 0.5564357 0.04567146 0.5716816 0.0393089 0.5716816 0.0393089 0.5564357 0.06672513 0.5564357 0.05416268 0.5564357 0.05416268 0.5411897 0.04567146 0.8461087 0.04567146 0.8613546 0.0393089 0.8613546 0.0393089 0.8461087 0.0393089 0.8613546 0.0321328 0.8613546 0.06672513 0.8613546 0.06672513 0.8766005 0.05416268 0.8766005 0.04567146 0.8613546 0.04567146 0.8766005 0.0393089 0.8766005 0.0393089 0.8766005 0.0321328 0.8766005 0.0321328 0.8613546 0.06672513 0.8918465 0.05416268 0.8918465 0.05416268 0.8766005 0.04567146 0.6479113 0.04567146 0.6631572 0.0393089 0.6631572 0.0393089 0.6479113 0.0393089 0.6631572 0.0321328 0.6631572 0.04567146 0.6631572 0.04567146 0.6784031 0.0393089 0.6784031 0.06672513 0.9528303 0.05416268 0.9528303 0.05416268 0.9375844 0.04567146 0.9528303 0.0393089 0.9528303 0.0393089 0.9375844 0.06672513 0.9375844 0.05416268 0.9375844 0.05416268 0.9223385 0.0393089 0.9070925 0.0321328 0.9070925 0.0321328 0.8918465 0.06672513 0.9070925 0.05416268 0.9070925 0.05416268 0.8918465 0.04567146 0.8918465 0.04567146 0.9070925 0.0393089 0.9070925 0.0393089 0.9223385 0.0321328 0.9223385 0.0321328 0.9070925 0.06672513 0.9070925 0.06672513 0.9223385 0.05416268 0.9223385 0.04567146 0.8766005 0.04567146 0.8918465 0.0393089 0.8918465 0.0393089 0.8918465 0.0321328 0.8918465 0.0321328 0.8766005 0.04567146 0.9070925 0.04567146 0.9223385 0.0393089 0.9223385 0.006889343 0.9375844 0.0321328 0.9375844 0.0321328 0.9528303 0.04567146 0.9375844 0.05416268 0.9375844 0.05416268 0.9528303 0.04567146 0.9833223 0.04567146 0.9680764 0.05416268 0.9680764 0.04567146 0.9985682 0.04567146 0.9833223 0.05416268 0.9833223 0.04567146 0.5259438 0.04567146 0.5106979 0.05416268 0.5106979 0.04567146 0.6326654 0.04567146 0.6174194 0.05416268 0.6174194 0.04567146 0.5564357 0.05416268 0.5564357 0.05416268 0.5716816 0.04567146 0.5869275 0.05416268 0.5869275 0.05416268 0.6021735 0.04567146 0.5869275 0.04567146 0.5716816 0.05416268 0.5716816 0.04567146 0.9680764 0.04567146 0.9528303 0.05416268 0.9528303 0.04567146 0.5259438 0.05416268 0.5259438 0.05416268 0.5411897 0.04567146 0.6479113 0.04567146 0.6326654 0.05416268 0.6326654 0.04567146 0.6021735 0.05416268 0.6021735 0.05416268 0.6174194 0.04567146 0.6784031 0.05416268 0.6784031 0.05416268 0.6936492 0.04567146 0.739387 0.04567146 0.7241411 0.05416268 0.7241411 0.04567146 0.6936492 0.05416268 0.6936492 0.05416268 0.7088951 0.04567146 0.6631572 0.05416268 0.6631572 0.05416268 0.6784031 0.04567146 0.7546331 0.05416268 0.7546331 0.05416268 0.769879 0.04567146 0.7851249 0.04567146 0.769879 0.05416268 0.769879 0.04567146 0.8156169 0.04567146 0.8003708 0.05416268 0.8003708 0.04567146 0.8461087 0.04567146 0.8308628 0.05416268 0.8308628 0.04567146 0.7851249 0.05416268 0.7851249 0.05416268 0.8003708 0.04567146 0.7088951 0.05416268 0.7088951 0.05416268 0.7241411 0.04567146 0.739387 0.05416268 0.739387 0.05416268 0.7546331 0.04567146 0.8156169 0.05416268 0.8156169 0.05416268 0.8308628 0.04567146 0.5564357 0.04567146 0.5411897 0.05416268 0.5411897 0.04567146 0.8461087 0.05416268 0.8461087 0.05416268 0.8613546 0.04567146 0.8613546 0.05416268 0.8613546 0.05416268 0.8766005 0.04567146 0.6479113 0.05416268 0.6479113 0.05416268 0.6631572 0.04567146 0.9375844 0.04567146 0.9223385 0.05416268 0.9223385 0.04567146 0.8918465 0.05416268 0.8918465 0.05416268 0.9070925 0.04567146 0.9223385 0.04567146 0.9070925 0.05416268 0.9070925 0.04567146 0.8766005 0.05416268 0.8766005 0.05416268 0.8918465 0.04567146 0.9223385 0.04567146 0.9375844 0.0393089 0.9375844 0.0756126 0.9375844 0.0756126 0.9528303 0.06672513 0.9528303 0.0756126 0.9680764 0.0756126 0.9833223 0.06672513 0.9833223 0.0756126 0.9985682 0.06672513 0.9985682 0.06672513 0.9833223 0.0756126 0.5106979 0.0756126 0.5259438 0.06672513 0.5259438 0.0756126 0.6326654 0.06672513 0.6326654 0.06672513 0.6174194 0.0756126 0.5564357 0.0756126 0.5716816 0.06672513 0.5716816 0.0756126 0.5869275 0.0756126 0.6021735 0.06672513 0.6021735 0.0756126 0.5869275 0.06672513 0.5869275 0.06672513 0.5716816 0.0756126 0.9680764 0.06672513 0.9680764 0.06672513 0.9528303 0.0756126 0.5411897 0.06672513 0.5411897 0.06672513 0.5259438 0.0756126 0.6326654 0.0756126 0.6479113 0.06672513 0.6479113 0.0756126 0.6021735 0.0756126 0.6174194 0.06672513 0.6174194 0.0756126 0.6936492 0.06672513 0.6936492 0.06672513 0.6784031 0.0756126 0.739387 0.06672513 0.739387 0.06672513 0.7241411 0.0756126 0.6936492 0.0756126 0.7088951 0.06672513 0.7088951 0.0756126 0.6631572 0.0756126 0.6784031 0.06672513 0.6784031 0.0756126 0.7546331 0.0756126 0.769879 0.06672513 0.769879 0.0756126 0.7851249 0.06672513 0.7851249 0.06672513 0.769879 0.0756126 0.8156169 0.06672513 0.8156169 0.06672513 0.8003708 0.0756126 0.8461087 0.06672513 0.8461087 0.06672513 0.8308628 0.0756126 0.8003708 0.06672513 0.8003708 0.06672513 0.7851249 0.0756126 0.7241411 0.06672513 0.7241411 0.06672513 0.7088951 0.0756126 0.739387 0.0756126 0.7546331 0.06672513 0.7546331 0.0756126 0.8308628 0.06672513 0.8308628 0.06672513 0.8156169 0.0756126 0.5411897 0.0756126 0.5564357 0.06672513 0.5564357 0.0756126 0.8461087 0.0756126 0.8613546 0.06672513 0.8613546 0.0756126 0.8766005 0.06672513 0.8766005 0.06672513 0.8613546 0.0756126 0.6631572 0.06672513 0.6631572 0.06672513 0.6479113 0.0756126 0.9375844 0.06672513 0.9375844 0.06672513 0.9223385 0.0756126 0.9070925 0.06672513 0.9070925 0.06672513 0.8918465 0.0756126 0.9070925 0.0756126 0.9223385 0.06672513 0.9223385 0.0756126 0.8918465 0.06672513 0.8918465 0.06672513 0.8766005 0.004478573 0.7437246 0.001723766 0.7437246 0.001723766 0.734316 0.004478573 0.7625418 0.001723766 0.7625418 0.001723766 0.7531332 0.004478573 0.7625418 0.004478573 0.7719504 0.001723766 0.7719504 0.004478573 0.7719504 0.004478573 0.781359 0.001723766 0.781359 0.004478573 0.8472192 0.001723766 0.8472192 0.001723766 0.8378106 0.004478573 0.8095849 0.001723766 0.8095849 0.001723766 0.8001763 0.004478573 0.8284021 0.001723766 0.8284021 0.001723766 0.8189935 0.004478573 0.8095849 0.004478573 0.8189935 0.001723766 0.8189935 0.004478573 0.7531332 0.001723766 0.7531332 0.001723766 0.7437246 0.004478573 0.7907676 0.001723766 0.7907676 0.001723766 0.781359 0.004478573 0.8472192 0.004478573 0.8566278 0.001723766 0.8566278 0.004478573 0.8284021 0.004478573 0.8378106 0.001723766 0.8378106 0.004478573 0.8848536 0.001723766 0.8848536 0.001723766 0.875445 0.004478573 0.9036709 0.004478573 0.9130795 0.001723766 0.9130795 0.004478573 0.8942623 0.001723766 0.8942623 0.001723766 0.8848536 0.004478573 0.875445 0.001723766 0.875445 0.001723766 0.8660364 0.004478573 0.9224881 0.004478573 0.9318967 0.001723766 0.9318967 0.004478573 0.9318967 0.004478573 0.9413053 0.001723766 0.9413053 0.004478573 0.9507139 0.004478573 0.9601225 0.001723766 0.9601225 0.004478573 0.9695311 0.004478573 0.9789397 0.001723766 0.9789397 0.004478573 0.9507139 0.001723766 0.9507139 0.001723766 0.9413053 0.004478573 0.9036709 0.001723766 0.9036709 0.001723766 0.8942623 0.004478573 0.9130795 0.004478573 0.9224881 0.001723766 0.9224881 0.004478573 0.9695311 0.001723766 0.9695311 0.001723766 0.9601225 0.004478573 0.8001763 0.001723766 0.8001763 0.001723766 0.7907676 0.004478573 0.9789397 0.004478573 0.9883483 0.001723766 0.9883483 0.004478573 0.9883483 0.004478573 0.9977568 0.001723766 0.9977568 0.004478573 0.8660364 0.001723766 0.8660364 0.001723766 0.8566278 0.004478573 0.7249074 0.004478573 0.734316 0.001723766 0.734316 0.004478573 0.7154988 0.001723766 0.7154988 0.001723766 0.7060902 0.004478573 0.7154988 0.004478573 0.7249074 0.001723766 0.7249074 0.004478573 0.7060902 0.001723766 0.7060902 0.001723766 0.6966815 0.3420409 0.9312294 0.3480557 0.9280145 0.3516264 0.936635 0.3375997 0.9245827 0.3319472 0.9189302 0.3362739 0.9136582 0.3319472 0.9189302 0.3253005 0.9144891 0.3285155 0.9084743 0.3253005 0.9144891 0.3179152 0.9114298 0.3198949 0.9049036 0.270115 0.9312294 0.2641003 0.9280143 0.2692842 0.9202561 0.3020811 0.9098703 0.2942408 0.9114298 0.2922611 0.9049036 0.2868553 0.9144891 0.2802088 0.9189302 0.2758821 0.9136582 0.2942408 0.9114298 0.2868553 0.9144891 0.2836404 0.9084743 0.3375997 0.9245827 0.3428717 0.9202562 0.3480557 0.9280145 0.3179152 0.9114298 0.3100749 0.9098703 0.3107434 0.9030832 0.2670559 0.9386148 0.2605296 0.936635 0.2641003 0.9280143 0.2802088 0.9189302 0.2745562 0.9245827 0.2692842 0.9202561 0.2654964 0.9544489 0.2670559 0.9622892 0.2605296 0.9642689 0.2745562 0.9763212 0.2802088 0.9819737 0.2758821 0.9872456 0.270115 0.9696745 0.2641003 0.9728894 0.2605296 0.9642689 0.2654964 0.9544489 0.2587091 0.9551173 0.2587093 0.9457864 0.2942407 0.989474 0.292261 0.9960004 0.2836404 0.9924296 0.302081 0.9910335 0.3014125 0.9978207 0.292261 0.9960004 0.3179152 0.989474 0.3198949 0.9960004 0.3107434 0.9978208 0.3319472 0.9819737 0.3362737 0.9872456 0.3285155 0.9924296 0.3100749 0.9910335 0.3107434 0.9978208 0.3014125 0.9978207 0.270115 0.9696745 0.2745562 0.9763212 0.2692842 0.9806478 0.2868553 0.9864149 0.2836404 0.9924296 0.2758821 0.9872456 0.3253005 0.9864149 0.3285155 0.9924296 0.3198949 0.9960004 0.3100749 0.9098703 0.3020811 0.9098703 0.3014126 0.9030832 0.3375997 0.9763213 0.3428717 0.9806478 0.3362737 0.9872456 0.3420409 0.9696745 0.3480556 0.9728894 0.3428717 0.9806478 0.2654964 0.9464551 0.2587093 0.9457864 0.2605296 0.936635 0.3466596 0.9464551 0.3451 0.9386148 0.3516264 0.936635 0.3466596 0.954449 0.3534467 0.9551173 0.3516264 0.964269 0.3466596 0.9464551 0.3534467 0.9457865 0.3534467 0.9551173 0.3420409 0.9696745 0.3451 0.9622892 0.3516264 0.964269 0.09560018 0.8183192 0.07836693 0.8183192 0.07836693 0.811122 0.09560018 0.8327139 0.07836693 0.8327139 0.07836693 0.8255165 0.09560018 0.8255165 0.07836693 0.8255165 0.07836693 0.8183192 0.09560018 0.8399112 0.07836693 0.8399112 0.07836693 0.8327139 0.0956003 0.9334766 0.0956003 0.9406738 0.07836705 0.9406738 0.09560018 0.811122 0.07836693 0.811122 0.07836693 0.8039247 0.09560018 0.7967272 0.09560018 0.8039247 0.07836693 0.8039247 0.0956003 0.8902925 0.07836705 0.8902925 0.07836705 0.8830952 0.09560018 0.7823327 0.09560018 0.7895299 0.07836693 0.7895299 0.0956003 0.9766606 0.0956003 0.983858 0.07836705 0.983858 0.0956003 0.962266 0.0956003 0.9694632 0.07836705 0.9694632 0.09560018 0.7679379 0.09560018 0.7751353 0.07836693 0.7751353 0.09560018 0.7967272 0.07836693 0.7967272 0.07836693 0.7895299 0.09560018 0.7823327 0.07836693 0.7823327 0.07836693 0.7751353 0.0956003 0.9982525 0.07836705 0.9982525 0.07836705 0.9910553 0.0956003 0.9910553 0.07836705 0.9910553 0.07836705 0.983858 0.0956003 0.9478713 0.07836705 0.9478713 0.07836705 0.9406738 0.0956003 0.962266 0.07836705 0.962266 0.07836705 0.9550687 0.0956003 0.9766606 0.07836705 0.9766606 0.07836705 0.9694632 0.0956003 0.9550687 0.07836705 0.9550687 0.07836705 0.9478713 0.0956003 0.9190819 0.07836705 0.9190819 0.07836705 0.9118846 0.0956003 0.9334766 0.07836705 0.9334766 0.07836705 0.9262793 0.09560018 0.8830952 0.07836705 0.8830952 0.07836693 0.8758979 0.09560018 0.8543058 0.07836693 0.8543058 0.07836693 0.8471085 0.0956003 0.9046873 0.07836705 0.9046873 0.07836705 0.89749 0.0956003 0.9046873 0.0956003 0.9118846 0.07836705 0.9118846 0.0956003 0.8902925 0.0956003 0.89749 0.07836705 0.89749 0.0956003 0.9190819 0.0956003 0.9262793 0.07836705 0.9262793 0.09560018 0.8758979 0.07836693 0.8758979 0.07836693 0.8687006 0.09560018 0.8615033 0.09560018 0.8687006 0.07836693 0.8687006 0.09560018 0.8543058 0.09560018 0.8615033 0.07836693 0.8615033 0.09560018 0.8399112 0.09560018 0.8471085 0.07836693 0.8471085 0.0321328 0.9375844 0.0321328 0.9223385 0.006889343 0.9223385 0.0321328 0.7546331 0.0321328 0.739387 0.006889343 0.739387 0.006889343 0.9833223 0.0321328 0.9833223 0.0321328 0.9680764 0.006889343 0.769879 0.0321328 0.769879 0.0321328 0.7546331 0.0321328 0.6326654 0.0321328 0.6174194 0.006889343 0.6174194 0.0321328 0.8461087 0.0321328 0.8308628 0.006889343 0.8308628 0.006889343 0.5716816 0.0321328 0.5716816 0.0321328 0.5564357 0.006889343 0.5869275 0.0321328 0.5869275 0.0321328 0.5716816 0.0321328 0.6479113 0.0321328 0.6326654 0.006889343 0.6326654 0.006889343 0.8766005 0.0321328 0.8766005 0.0321328 0.8613546 0.0321328 0.6784031 0.0321328 0.6631572 0.006889343 0.6631572 0.0321328 0.8918465 0.0321328 0.8766005 0.006889343 0.8766005 0.0321328 0.7241411 0.0321328 0.7088951 0.006889343 0.7088951 0.1484779 0.8410634 0.1503936 0.8364383 0.1513703 0.8315284 0.1513703 0.8315284 0.1513703 0.8265222 0.1484779 0.8410634 0.1513703 0.8265222 0.1503936 0.8216124 0.1484779 0.8410634 0.1503936 0.8216124 0.1484779 0.8169873 0.1456967 0.8128249 0.1456967 0.8128249 0.1421568 0.8092849 0.1503936 0.8216124 0.1421568 0.8092849 0.1379944 0.8065038 0.1503936 0.8216124 0.1379944 0.8065038 0.1333693 0.804588 0.1284594 0.8036113 0.1284594 0.8036113 0.1234533 0.8036113 0.1379944 0.8065038 0.1234533 0.8036113 0.1185434 0.804588 0.1379944 0.8065038 0.1185434 0.804588 0.1139183 0.8065037 0.1097559 0.8092849 0.1097559 0.8092849 0.106216 0.8128249 0.1034348 0.8169872 0.1034348 0.8169872 0.1015189 0.8216122 0.1005423 0.8265221 0.1005423 0.8265221 0.1005423 0.8315283 0.1034348 0.8169872 0.1005423 0.8315283 0.1015189 0.8364383 0.1034348 0.8169872 0.1015189 0.8364383 0.1034346 0.8410633 0.1139181 0.8515469 0.1034346 0.8410633 0.1062159 0.8452257 0.1139181 0.8515469 0.1062159 0.8452257 0.1097558 0.8487655 0.1139181 0.8515469 0.1139181 0.8515469 0.1185432 0.8534626 0.1333692 0.8534627 0.1185432 0.8534626 0.1234531 0.8544393 0.1333692 0.8534627 0.1234531 0.8544393 0.1284593 0.8544393 0.1333692 0.8534627 0.1333692 0.8534627 0.1379942 0.8515469 0.1421567 0.8487657 0.1421567 0.8487657 0.1456965 0.8452258 0.1333692 0.8534627 0.1456965 0.8452258 0.1484779 0.8410634 0.1333692 0.8534627 0.1185434 0.804588 0.1097559 0.8092849 0.1379944 0.8065038 0.1097559 0.8092849 0.1034348 0.8169872 0.1379944 0.8065038 0.1484779 0.8410634 0.1503936 0.8216124 0.1379944 0.8065038 0.1034348 0.8169872 0.1015189 0.8364383 0.1139181 0.8515469 0.1139181 0.8515469 0.1333692 0.8534627 0.1484779 0.8410634 0.1484779 0.8410634 0.1379944 0.8065038 0.1139181 0.8515469 0.0321328 0.6936492 0.0321328 0.6784031 0.006889343 0.6784031 0.0321328 0.739387 0.0321328 0.7241411 0.006889343 0.7241411 0.0321328 0.9985682 0.0321328 0.9833223 0.006889343 0.9833223 0.0321328 0.9680764 0.0321328 0.9528303 0.006889343 0.9528303 0.0321328 0.7088951 0.0321328 0.6936492 0.006889343 0.6936492 0.0321328 0.5259438 0.0321328 0.5106979 0.006889343 0.5106979 0.0321328 0.7851249 0.0321328 0.769879 0.006889343 0.769879 0.006889343 0.5411897 0.0321328 0.5411897 0.0321328 0.5259438 0.0321328 0.9070925 0.0321328 0.8918465 0.006889343 0.8918465 0.006889343 0.8003708 0.0321328 0.8003708 0.0321328 0.7851249 0.006889343 0.6174194 0.0321328 0.6174194 0.0321328 0.6021735 0.0321328 0.9223385 0.0321328 0.9070925 0.006889343 0.9070925 0.0321328 0.8308628 0.0321328 0.8156169 0.006889343 0.8156169 0.0321328 0.5564357 0.0321328 0.5411897 0.006889343 0.5411897 0.0321328 0.8613546 0.0321328 0.8461087 0.006889343 0.8461087 0.0321328 0.6631572 0.0321328 0.6479113 0.006889343 0.6479113 0.0321328 0.8156169 0.0321328 0.8003708 0.006889343 0.8003708 0.0321328 0.6021735 0.0321328 0.5869275 0.006889343 0.5869275 0.05416268 0.9528303 0.05416268 0.9680764 0.06672513 0.9680764 0.0321328 0.9375844 0.0321328 0.9528303 0.0393089 0.9528303 0.0393089 0.9223385 0.0321328 0.9223385 0.0321328 0.9375844 0.06672513 0.9833223 0.05416268 0.9833223 0.05416268 0.9985682 0.0393089 0.9680764 0.0321328 0.9680764 0.0321328 0.9833223 0.06672513 0.9680764 0.05416268 0.9680764 0.05416268 0.9833223 0.0393089 0.9833223 0.0393089 0.9985682 0.04567146 0.9985682 0.0393089 0.9833223 0.0321328 0.9833223 0.0321328 0.9985682 0.05416268 0.5106979 0.05416268 0.5259438 0.06672513 0.5259438 0.0393089 0.5106979 0.0393089 0.5259438 0.04567146 0.5259438 0.0321328 0.5106979 0.0321328 0.5259438 0.0393089 0.5259438 0.06672513 0.5259438 0.05416268 0.5259438 0.05416268 0.5411897 0.05416268 0.6326654 0.05416268 0.6479113 0.06672513 0.6479113 0.0321328 0.6174194 0.0321328 0.6326654 0.0393089 0.6326654 0.0321328 0.6021735 0.0321328 0.6174194 0.0393089 0.6174194 0.06672513 0.5716816 0.05416268 0.5716816 0.05416268 0.5869275 0.0321328 0.5564357 0.0321328 0.5716816 0.0393089 0.5716816 0.0321328 0.5411897 0.0321328 0.5564357 0.0393089 0.5564357 0.05416268 0.6479113 0.05416268 0.6631572 0.06672513 0.6631572 0.0321328 0.5869275 0.0321328 0.6021735 0.0393089 0.6021735 0.06672513 0.5869275 0.05416268 0.5869275 0.05416268 0.6021735 0.04567146 0.5716816 0.0393089 0.5716816 0.0393089 0.5869275 0.0393089 0.5716816 0.0321328 0.5716816 0.0321328 0.5869275 0.04567146 0.5869275 0.0393089 0.5869275 0.0393089 0.6021735 0.0393089 0.9528303 0.0393089 0.9680764 0.04567146 0.9680764 0.0393089 0.9528303 0.0321328 0.9528303 0.0321328 0.9680764 0.0393089 0.9680764 0.0393089 0.9833223 0.04567146 0.9833223 0.0393089 0.5259438 0.0393089 0.5411897 0.04567146 0.5411897 0.0321328 0.5259438 0.0321328 0.5411897 0.0393089 0.5411897 0.04567146 0.6021735 0.0393089 0.6021735 0.0393089 0.6174194 0.0393089 0.6326654 0.0393089 0.6479113 0.04567146 0.6479113 0.0321328 0.6326654 0.0321328 0.6479113 0.0393089 0.6479113 0.0393089 0.5411897 0.0393089 0.5564357 0.04567146 0.5564357 0.06672513 0.6174194 0.05416268 0.6174194 0.05416268 0.6326654 0.04567146 0.6174194 0.0393089 0.6174194 0.0393089 0.6326654 0.06672513 0.6021735 0.05416268 0.6021735 0.05416268 0.6174194 0.06672513 0.6936492 0.05416268 0.6936492 0.05416268 0.7088951 0.0393089 0.6784031 0.0321328 0.6784031 0.0321328 0.6936492 0.0321328 0.6631572 0.0321328 0.6784031 0.0393089 0.6784031 0.06672513 0.739387 0.05416268 0.739387 0.05416268 0.7546331 0.0393089 0.7241411 0.0321328 0.7241411 0.0321328 0.739387 0.0393089 0.7088951 0.0321328 0.7088951 0.0321328 0.7241411 0.0393089 0.6936492 0.0393089 0.7088951 0.04567146 0.7088951 0.0393089 0.6936492 0.0321328 0.6936492 0.0321328 0.7088951 0.0393089 0.7088951 0.0393089 0.7241411 0.04567146 0.7241411 0.06672513 0.6784031 0.05416268 0.6784031 0.05416268 0.6936492 0.04567146 0.6784031 0.0393089 0.6784031 0.0393089 0.6936492 0.06672513 0.6631572 0.05416268 0.6631572 0.05416268 0.6784031 0.05416268 0.769879 0.05416268 0.7851249 0.06672513 0.7851249 0.0393089 0.7546331 0.0321328 0.7546331 0.0321328 0.769879 0.05416268 0.7546331 0.05416268 0.769879 0.06672513 0.769879 0.0393089 0.769879 0.0393089 0.7851249 0.04567146 0.7851249 0.0393089 0.769879 0.0321328 0.769879 0.0321328 0.7851249 0.05416268 0.7851249 0.05416268 0.8003708 0.06672513 0.8003708 0.05416268 0.8156169 0.05416268 0.8308628 0.06672513 0.8308628 0.0321328 0.8003708 0.0321328 0.8156169 0.0393089 0.8156169 0.06672513 0.8003708 0.05416268 0.8003708 0.05416268 0.8156169 0.06672513 0.8461087 0.05416268 0.8461087 0.05416268 0.8613546 0.0393089 0.8308628 0.0321328 0.8308628 0.0321328 0.8461087 0.06672513 0.8308628 0.05416268 0.8308628 0.05416268 0.8461087 0.0393089 0.7851249 0.0393089 0.8003708 0.04567146 0.8003708 0.0393089 0.7851249 0.0321328 0.7851249 0.0321328 0.8003708 0.0393089 0.8003708 0.0393089 0.8156169 0.04567146 0.8156169 0.06672513 0.7241411 0.05416268 0.7241411 0.05416268 0.739387 0.0393089 0.7241411 0.0393089 0.739387 0.04567146 0.739387 0.06672513 0.7088951 0.05416268 0.7088951 0.05416268 0.7241411 0.04567146 0.739387 0.0393089 0.739387 0.0393089 0.7546331 0.0393089 0.739387 0.0321328 0.739387 0.0321328 0.7546331 0.0393089 0.7546331 0.0393089 0.769879 0.04567146 0.769879 0.04567146 0.8156169 0.0393089 0.8156169 0.0393089 0.8308628 0.0321328 0.8156169 0.0321328 0.8308628 0.0393089 0.8308628 0.04567146 0.8308628 0.0393089 0.8308628 0.0393089 0.8461087 0.05416268 0.5564357 0.05416268 0.5716816 0.06672513 0.5716816 0.0393089 0.5564357 0.0393089 0.5716816 0.04567146 0.5716816 0.05416268 0.5411897 0.05416268 0.5564357 0.06672513 0.5564357 0.04567146 0.8461087 0.0393089 0.8461087 0.0393089 0.8613546 0.0393089 0.8461087 0.0321328 0.8461087 0.0321328 0.8613546 0.06672513 0.8613546 0.05416268 0.8613546 0.05416268 0.8766005 0.04567146 0.8613546 0.0393089 0.8613546 0.0393089 0.8766005 0.0321328 0.8613546 0.0321328 0.8766005 0.0393089 0.8766005 0.05416268 0.8766005 0.05416268 0.8918465 0.06672513 0.8918465 0.04567146 0.6479113 0.0393089 0.6479113 0.0393089 0.6631572 0.0321328 0.6479113 0.0321328 0.6631572 0.0393089 0.6631572 0.04567146 0.6631572 0.0393089 0.6631572 0.0393089 0.6784031 0.05416268 0.9375844 0.05416268 0.9528303 0.06672513 0.9528303 0.0393089 0.9375844 0.0393089 0.9528303 0.04567146 0.9528303 0.05416268 0.9223385 0.05416268 0.9375844 0.06672513 0.9375844 0.0321328 0.8918465 0.0321328 0.9070925 0.0393089 0.9070925 0.05416268 0.8918465 0.05416268 0.9070925 0.06672513 0.9070925 0.04567146 0.8918465 0.0393089 0.8918465 0.0393089 0.9070925 0.0321328 0.9070925 0.0321328 0.9223385 0.0393089 0.9223385 0.06672513 0.9070925 0.05416268 0.9070925 0.05416268 0.9223385 0.04567146 0.8766005 0.0393089 0.8766005 0.0393089 0.8918465 0.0321328 0.8766005 0.0321328 0.8918465 0.0393089 0.8918465 0.04567146 0.9070925 0.0393089 0.9070925 0.0393089 0.9223385 0.0321328 0.9528303 0.0321328 0.9375844 0.006889343 0.9375844 0.05416268 0.9528303 0.05416268 0.9375844 0.04567146 0.9375844 0.04567146 0.9833223 0.05416268 0.9833223 0.05416268 0.9680764 0.04567146 0.9985682 0.05416268 0.9985682 0.05416268 0.9833223 0.04567146 0.5259438 0.05416268 0.5259438 0.05416268 0.5106979 0.04567146 0.6326654 0.05416268 0.6326654 0.05416268 0.6174194 0.05416268 0.5716816 0.05416268 0.5564357 0.04567146 0.5564357 0.05416268 0.6021735 0.05416268 0.5869275 0.04567146 0.5869275 0.04567146 0.5869275 0.05416268 0.5869275 0.05416268 0.5716816 0.04567146 0.9680764 0.05416268 0.9680764 0.05416268 0.9528303 0.05416268 0.5411897 0.05416268 0.5259438 0.04567146 0.5259438 0.04567146 0.6479113 0.05416268 0.6479113 0.05416268 0.6326654 0.05416268 0.6174194 0.05416268 0.6021735 0.04567146 0.6021735 0.05416268 0.6936492 0.05416268 0.6784031 0.04567146 0.6784031 0.04567146 0.739387 0.05416268 0.739387 0.05416268 0.7241411 0.05416268 0.7088951 0.05416268 0.6936492 0.04567146 0.6936492 0.05416268 0.6784031 0.05416268 0.6631572 0.04567146 0.6631572 0.05416268 0.769879 0.05416268 0.7546331 0.04567146 0.7546331 0.04567146 0.7851249 0.05416268 0.7851249 0.05416268 0.769879 0.04567146 0.8156169 0.05416268 0.8156169 0.05416268 0.8003708 0.04567146 0.8461087 0.05416268 0.8461087 0.05416268 0.8308628 0.05416268 0.8003708 0.05416268 0.7851249 0.04567146 0.7851249 0.05416268 0.7241411 0.05416268 0.7088951 0.04567146 0.7088951 0.05416268 0.7546331 0.05416268 0.739387 0.04567146 0.739387 0.05416268 0.8308628 0.05416268 0.8156169 0.04567146 0.8156169 0.04567146 0.5564357 0.05416268 0.5564357 0.05416268 0.5411897 0.05416268 0.8613546 0.05416268 0.8461087 0.04567146 0.8461087 0.05416268 0.8766005 0.05416268 0.8613546 0.04567146 0.8613546 0.05416268 0.6631572 0.05416268 0.6479113 0.04567146 0.6479113 0.04567146 0.9375844 0.05416268 0.9375844 0.05416268 0.9223385 0.05416268 0.9070925 0.05416268 0.8918465 0.04567146 0.8918465 0.04567146 0.9223385 0.05416268 0.9223385 0.05416268 0.9070925 0.05416268 0.8918465 0.05416268 0.8766005 0.04567146 0.8766005 0.04567146 0.9223385 0.0393089 0.9223385 0.0393089 0.9375844 0.0756126 0.9375844 0.06672513 0.9375844 0.06672513 0.9528303 0.0756126 0.9680764 0.06672513 0.9680764 0.06672513 0.9833223 0.06672513 0.9833223 0.06672513 0.9985682 0.0756126 0.9985682 0.0756126 0.5106979 0.06672513 0.5106979 0.06672513 0.5259438 0.06672513 0.6174194 0.06672513 0.6326654 0.0756126 0.6326654 0.0756126 0.5564357 0.06672513 0.5564357 0.06672513 0.5716816 0.0756126 0.5869275 0.06672513 0.5869275 0.06672513 0.6021735 0.06672513 0.5716816 0.06672513 0.5869275 0.0756126 0.5869275 0.06672513 0.9528303 0.06672513 0.9680764 0.0756126 0.9680764 0.06672513 0.5259438 0.06672513 0.5411897 0.0756126 0.5411897 0.0756126 0.6326654 0.06672513 0.6326654 0.06672513 0.6479113 0.0756126 0.6021735 0.06672513 0.6021735 0.06672513 0.6174194 0.06672513 0.6784031 0.06672513 0.6936492 0.0756126 0.6936492 0.06672513 0.7241411 0.06672513 0.739387 0.0756126 0.739387 0.0756126 0.6936492 0.06672513 0.6936492 0.06672513 0.7088951 0.0756126 0.6631572 0.06672513 0.6631572 0.06672513 0.6784031 0.0756126 0.7546331 0.06672513 0.7546331 0.06672513 0.769879 0.06672513 0.769879 0.06672513 0.7851249 0.0756126 0.7851249 0.06672513 0.8003708 0.06672513 0.8156169 0.0756126 0.8156169 0.06672513 0.8308628 0.06672513 0.8461087 0.0756126 0.8461087 0.06672513 0.7851249 0.06672513 0.8003708 0.0756126 0.8003708 0.06672513 0.7088951 0.06672513 0.7241411 0.0756126 0.7241411 0.0756126 0.739387 0.06672513 0.739387 0.06672513 0.7546331 0.06672513 0.8156169 0.06672513 0.8308628 0.0756126 0.8308628 0.0756126 0.5411897 0.06672513 0.5411897 0.06672513 0.5564357 0.0756126 0.8461087 0.06672513 0.8461087 0.06672513 0.8613546 0.06672513 0.8613546 0.06672513 0.8766005 0.0756126 0.8766005 0.06672513 0.6479113 0.06672513 0.6631572 0.0756126 0.6631572 0.06672513 0.9223385 0.06672513 0.9375844 0.0756126 0.9375844 0.06672513 0.8918465 0.06672513 0.9070925 0.0756126 0.9070925 0.0756126 0.9070925 0.06672513 0.9070925 0.06672513 0.9223385 0.06672513 0.8766005 0.06672513 0.8918465 0.0756126 0.8918465 0.004478573 0.734316 0.001723766 0.734316 0.001723766 0.7437246 0.001723766 0.7531332 0.001723766 0.7625418 0.004478573 0.7625418 0.004478573 0.7625418 0.001723766 0.7625418 0.001723766 0.7719504 0.004478573 0.7719504 0.001723766 0.7719504 0.001723766 0.781359 0.001723766 0.8378106 0.001723766 0.8472192 0.004478573 0.8472192 0.001723766 0.8001763 0.001723766 0.8095849 0.004478573 0.8095849 0.001723766 0.8189935 0.001723766 0.8284021 0.004478573 0.8284021 0.004478573 0.8095849 0.001723766 0.8095849 0.001723766 0.8189935 0.001723766 0.7437246 0.001723766 0.7531332 0.004478573 0.7531332 0.001723766 0.781359 0.001723766 0.7907676 0.004478573 0.7907676 0.004478573 0.8472192 0.001723766 0.8472192 0.001723766 0.8566278 0.004478573 0.8284021 0.001723766 0.8284021 0.001723766 0.8378106 0.001723766 0.875445 0.001723766 0.8848536 0.004478573 0.8848536 0.004478573 0.9036709 0.001723766 0.9036709 0.001723766 0.9130795 0.001723766 0.8848536 0.001723766 0.8942623 0.004478573 0.8942623 0.001723766 0.8660364 0.001723766 0.875445 0.004478573 0.875445 0.004478573 0.9224881 0.001723766 0.9224881 0.001723766 0.9318967 0.004478573 0.9318967 0.001723766 0.9318967 0.001723766 0.9413053 0.004478573 0.9507139 0.001723766 0.9507139 0.001723766 0.9601225 0.004478573 0.9695311 0.001723766 0.9695311 0.001723766 0.9789397 0.001723766 0.9413053 0.001723766 0.9507139 0.004478573 0.9507139 0.001723766 0.8942623 0.001723766 0.9036709 0.004478573 0.9036709 0.004478573 0.9130795 0.001723766 0.9130795 0.001723766 0.9224881 0.001723766 0.9601225 0.001723766 0.9695311 0.004478573 0.9695311 0.001723766 0.7907676 0.001723766 0.8001763 0.004478573 0.8001763 0.004478573 0.9789397 0.001723766 0.9789397 0.001723766 0.9883483 0.004478573 0.9883483 0.001723766 0.9883483 0.001723766 0.9977568 0.001723766 0.8566278 0.001723766 0.8660364 0.004478573 0.8660364 0.004478573 0.7249074 0.001723766 0.7249074 0.001723766 0.734316 0.001723766 0.7060902 0.001723766 0.7154988 0.004478573 0.7154988 0.004478573 0.7154988 0.001723766 0.7154988 0.001723766 0.7249074 0.001723766 0.6966815 0.001723766 0.7060902 0.004478573 0.7060902 0.3516264 0.936635 0.3480557 0.9280145 0.3420409 0.9312294 0.3375997 0.9245827 0.3428717 0.9202562 0.3362739 0.9136582 0.3319472 0.9189302 0.3362739 0.9136582 0.3285155 0.9084743 0.3253005 0.9144891 0.3285155 0.9084743 0.3198949 0.9049036 0.2692842 0.9202561 0.2641003 0.9280143 0.270115 0.9312294 0.3020811 0.9098703 0.3014126 0.9030832 0.2922611 0.9049036 0.2868553 0.9144891 0.2836404 0.9084743 0.2758821 0.9136582 0.2942408 0.9114298 0.2922611 0.9049036 0.2836404 0.9084743 0.3480557 0.9280145 0.3428717 0.9202562 0.3375997 0.9245827 0.3179152 0.9114298 0.3198949 0.9049036 0.3107434 0.9030832 0.2641003 0.9280143 0.2605296 0.936635 0.2670559 0.9386148 0.2802088 0.9189302 0.2758821 0.9136582 0.2692842 0.9202561 0.2654964 0.9544489 0.2587091 0.9551173 0.2605296 0.9642689 0.2745562 0.9763212 0.2692842 0.9806478 0.2758821 0.9872456 0.2605296 0.9642689 0.2641003 0.9728894 0.270115 0.9696745 0.2587093 0.9457864 0.2587091 0.9551173 0.2654964 0.9544489 0.2836404 0.9924296 0.292261 0.9960004 0.2942407 0.989474 0.292261 0.9960004 0.3014125 0.9978207 0.302081 0.9910335 0.3107434 0.9978208 0.3198949 0.9960004 0.3179152 0.989474 0.3285155 0.9924296 0.3362737 0.9872456 0.3319472 0.9819737 0.3014125 0.9978207 0.3107434 0.9978208 0.3100749 0.9910335 0.270115 0.9696745 0.2641003 0.9728894 0.2692842 0.9806478 0.2758821 0.9872456 0.2836404 0.9924296 0.2868553 0.9864149 0.3198949 0.9960004 0.3285155 0.9924296 0.3253005 0.9864149 0.3100749 0.9098703 0.3107434 0.9030832 0.3014126 0.9030832 0.3362737 0.9872456 0.3428717 0.9806478 0.3375997 0.9763213 0.3428717 0.9806478 0.3480556 0.9728894 0.3420409 0.9696745 0.2605296 0.936635 0.2587093 0.9457864 0.2654964 0.9464551 0.3466596 0.9464551 0.3534467 0.9457865 0.3516264 0.936635 0.3516264 0.964269 0.3534467 0.9551173 0.3466596 0.954449 0.3534467 0.9551173 0.3534467 0.9457865 0.3466596 0.9464551 0.3420409 0.9696745 0.3480556 0.9728894 0.3516264 0.964269 0.07836693 0.811122 0.07836693 0.8183192 0.09560018 0.8183192 0.07836693 0.8255165 0.07836693 0.8327139 0.09560018 0.8327139 0.07836693 0.8183192 0.07836693 0.8255165 0.09560018 0.8255165 0.07836693 0.8327139 0.07836693 0.8399112 0.09560018 0.8399112 0.0956003 0.9334766 0.07836705 0.9334766 0.07836705 0.9406738 0.07836693 0.8039247 0.07836693 0.811122 0.09560018 0.811122 0.09560018 0.7967272 0.07836693 0.7967272 0.07836693 0.8039247 0.07836705 0.8830952 0.07836705 0.8902925 0.0956003 0.8902925 0.09560018 0.7823327 0.07836693 0.7823327 0.07836693 0.7895299 0.0956003 0.9766606 0.07836705 0.9766606 0.07836705 0.983858 0.0956003 0.962266 0.07836705 0.962266 0.07836705 0.9694632 0.09560018 0.7679379 0.07836693 0.7679379 0.07836693 0.7751353 0.07836693 0.7895299 0.07836693 0.7967272 0.09560018 0.7967272 0.07836693 0.7751353 0.07836693 0.7823327 0.09560018 0.7823327 0.07836705 0.9910553 0.07836705 0.9982525 0.0956003 0.9982525 0.07836705 0.983858 0.07836705 0.9910553 0.0956003 0.9910553 0.07836705 0.9406738 0.07836705 0.9478713 0.0956003 0.9478713 0.07836705 0.9550687 0.07836705 0.962266 0.0956003 0.962266 0.07836705 0.9694632 0.07836705 0.9766606 0.0956003 0.9766606 0.07836705 0.9478713 0.07836705 0.9550687 0.0956003 0.9550687 0.07836705 0.9118846 0.07836705 0.9190819 0.0956003 0.9190819 0.07836705 0.9262793 0.07836705 0.9334766 0.0956003 0.9334766 0.07836693 0.8758979 0.07836705 0.8830952 0.09560018 0.8830952 0.07836693 0.8471085 0.07836693 0.8543058 0.09560018 0.8543058 0.07836705 0.89749 0.07836705 0.9046873 0.0956003 0.9046873 0.0956003 0.9046873 0.07836705 0.9046873 0.07836705 0.9118846 0.0956003 0.8902925 0.07836705 0.8902925 0.07836705 0.89749 0.0956003 0.9190819 0.07836705 0.9190819 0.07836705 0.9262793 0.07836693 0.8687006 0.07836693 0.8758979 0.09560018 0.8758979 0.07836693 0.8615033 0.07836693 0.8687006 0.09560018 0.8687006 0.09560018 0.8543058 0.07836693 0.8543058 0.07836693 0.8615033 0.09560018 0.8399112 0.07836693 0.8399112 0.07836693 0.8471085</float_array>
          <technique_common>
            <accessor source="#Wheel_LOD300-mesh-map-0-array" count="3636" stride="2">
              <param name="S" type="float"/>
              <param name="T" type="float"/>
            </accessor>
          </technique_common>
        </source>
        <source id="Wheel_LOD300-mesh-colors-Attribute" name="Attribute">
          <float_array id="Wheel_LOD300-mesh-colors-Attribute-array" count="14544">1 1 1 1 1 1 1 1 1 1 1 1 1 1 1 1 1 1 1 1 1 1 1 1 1 1 1 1 1 1 1 1 1 1 1 1 1 1 1 1 1 1 1 1 1 1 1 1 1 1 1 1 1 1 1 1 1 1 1 1 1 1 1 1 1 1 1 1 1 1 1 1 1 1 1 1 1 1 1 1 1 1 1 1 1 1 1 1 1 1 1 1 1 1 1 1 1 1 1 1 1 1 1 1 1 1 1 1 1 1 1 1 1 1 1 1 1 1 1 1 1 1 1 1 1 1 1 1 1 1 1 1 1 1 1 1 1 1 1 1 1 1 1 1 1 1 1 1 1 1 1 1 1 1 1 1 1 1 1 1 1 1 1 1 1 1 1 1 1 1 1 1 1 1 1 1 1 1 1 1 1 1 1 1 1 1 1 1 1 1 1 1 1 1 1 1 1 1 1 1 1 1 1 1 1 1 1 1 1 1 1 1 1 1 1 1 1 1 1 1 1 1 1 1 1 1 1 1 1 1 1 1 1 1 1 1 1 1 1 1 1 1 1 1 1 1 1 1 1 1 1 1 1 1 1 1 1 1 1 1 1 1 1 1 1 1 1 1 1 1 1 1 1 1 1 1 1 1 1 1 1 1 1 1 1 1 1 1 1 1 1 1 1 1 1 1 1 1 1 1 1 1 1 1 1 1 1 1 1 1 1 1 1 1 1 1 1 1 1 1 1 1 1 1 1 1 1 1 1 1 1 1 1 1 1 1 1 1 1 1 1 1 1 1 1 1 1 1 1 1 1 1 1 1 1 1 1 1 1 1 1 1 1 1 1 1 1 1 1 1 1 1 1 1 1 1 1 1 1 1 1 1 1 1 1 1 1 1 1 1 1 1 1 1 1 1 1 1 1 1 1 1 1 1 1 1 1 1 1 1 1 1 1 1 1 1 1 1 1 1 1 1 1 1 1 1 1 1 1 1 1 1 1 1 1 1 1 1 1 1 1 1 1 1 1 1 1 1 1 1 1 1 1 1 1 1 1 1 1 1 1 1 1 1 1 1 1 1 1 1 1 1 1 1 1 1 1 1 1 1 1 1 1 1 1 1 1 1 1 1 1 1 1 1 1 1 1 1 1 1 1 1 1 1 1 1 1 1 1 1 1 1 1 1 1 1 1 1 1 1 1 1 1 1 1 1 1 1 1 1 1 1 1 1 1 1 1 1 1 1 1 1 1 1 1 1 1 1 1 1 1 1 1 1 1 1 1 1 1 1 1 1 1 1 1 1 1 1 1 1 1 1 1 1 1 1 1 1 1 1 1 1 1 1 1 1 1 1 1 1 1 1 1 1 1 1 1 1 1 1 1 1 1 1 1 1 1 1 1 1 1 1 1 1 1 1 1 1 1 1 1 1 1 1 1 1 1 1 1 1 1 1 1 1 1 1 1 1 1 1 1 1 1 1 1 1 1 1 1 1 1 1 1 1 1 1 1 1 1 1 1 1 1 1 1 1 1 1 1 1 1 1 1 1 1 1 1 1 1 1 1 1 1 1 1 1 1 1 1 1 1 1 1 1 1 1 1 1 1 1 1 1 1 1 1 1 1 1 1 1 1 1 1 1 1 1 1 1 1 1 1 1 1 1 1 1 1 1 1 1 1 1 1 1 1 1 1 1 1 1 1 1 1 1 1 1 1 1 1 1 1 1 1 1 1 1 1 1 1 1 1 1 1 1 1 1 1 1 1 1 1 1 1 1 1 1 1 1 1 1 1 1 1 1 1 1 1 1 1 1 1 1 1 1 1 1 1 1 1 1 1 1 1 1 1 1 1 1 1 1 1 1 1 1 1 1 1 1 1 1 1 1 1 1 1 1 1 1 1 1 1 1 1 1 1 1 1 1 1 1 1 1 1 1 1 1 1 1 1 1 1 1 1 1 1 1 1 1 1 1 1 1 1 1 1 1 1 1 1 1 1 1 1 1 1 1 1 1 1 1 1 1 1 1 1 1 1 1 1 1 1 1 1 1 1 1 1 1 1 1 1 1 1 1 1 1 1 1 1 1 1 1 1 1 1 1 1 1 1 1 1 1 1 1 1 1 1 1 1 1 1 1 1 1 1 1 1 1 1 1 1 1 1 1 1 1 1 1 1 1 1 1 1 1 1 1 1 1 1 1 1 1 1 1 1 1 1 1 1 1 1 1 1 1 1 1 1 1 1 1 1 1 1 1 1 1 1 1 1 1 1 1 1 1 1 1 1 1 1 1 1 1 1 1 1 1 1 1 1 1 1 1 1 1 1 1 1 1 1 1 1 1 1 1 1 1 1 1 1 1 1 1 1 1 1 1 1 1 1 1 1 1 1 1 1 1 1 1 1 1 1 1 1 1 1 1 1 1 1 1 1 1 1 1 1 1 1 1 1 1 1 1 1 1 1 1 1 1 1 1 1 1 1 1 1 1 1 1 1 1 1 1 1 1 1 1 1 1 1 1 1 1 1 1 1 1 1 1 1 1 1 1 1 1 1 1 1 1 1 1 1 1 1 1 1 1 1 1 1 1 1 1 1 1 1 1 1 1 1 1 1 1 1 1 1 1 1 1 1 1 1 1 1 1 1 1 1 1 1 1 1 1 1 1 1 1 1 1 1 1 1 1 1 1 1 1 1 1 1 1 1 1 1 1 1 1 1 1 1 1 1 1 1 1 1 1 1 1 1 1 1 1 1 1 1 1 1 1 1 1 1 1 1 1 1 1 1 1 1 1 1 1 1 1 1 1 1 1 1 1 1 1 1 1 1 1 1 1 1 1 1 1 1 1 1 1 1 1 1 1 1 1 1 1 1 1 1 1 1 1 1 1 1 1 1 1 1 1 1 1 1 1 1 1 1 1 1 1 1 1 1 1 1 1 1 1 1 1 1 1 1 1 1 1 1 1 1 1 1 1 1 1 1 1 1 1 1 1 1 1 1 1 1 1 1 1 1 1 1 1 1 1 1 1 1 1 1 1 1 1 1 1 1 1 1 1 1 1 1 1 1 1 1 1 1 1 1 1 1 1 1 1 1 1 1 1 1 1 1 1 1 1 1 1 1 1 1 1 1 1 1 1 1 1 1 1 1 1 1 1 1 1 1 1 1 1 1 1 1 1 1 1 1 1 1 1 1 1 1 1 1 1 1 1 1 1 1 1 1 1 1 1 1 1 1 1 1 1 1 1 1 1 1 1 1 1 1 1 1 1 1 1 1 1 1 1 1 1 1 1 1 1 1 1 1 1 1 1 1 1 1 1 1 1 1 1 1 1 1 1 1 1 1 1 1 1 1 1 1 1 1 1 1 1 1 1 1 1 1 1 1 1 1 1 1 1 1 1 1 1 1 1 1 1 1 1 1 1 1 1 1 1 1 1 1 1 1 1 1 1 1 1 1 1 1 1 1 1 1 1 1 1 1 1 1 1 1 1 1 1 1 1 1 1 1 1 1 1 1 1 1 1 1 1 1 1 1 1 1 1 1 1 1 1 1 1 1 1 1 1 1 1 1 1 1 1 1 1 1 1 1 1 1 1 1 1 1 1 1 1 1 1 1 1 1 1 1 1 1 1 1 1 1 1 1 1 1 1 1 1 1 1 1 1 1 1 1 1 1 1 1 1 1 1 1 1 1 1 1 1 1 1 1 1 1 1 1 1 1 1 1 1 1 1 1 1 1 1 1 1 1 1 1 1 1 1 1 1 1 1 1 1 1 1 1 1 1 1 1 1 1 1 1 1 1 1 1 1 1 1 1 1 1 1 1 1 1 1 1 1 1 1 1 1 1 1 1 1 1 1 1 1 1 1 1 1 1 1 1 1 1 1 1 1 1 1 1 1 1 1 1 1 1 1 1 1 1 1 1 1 1 1 1 1 1 1 1 1 1 1 1 1 1 1 1 1 1 1 1 1 1 1 1 1 1 1 1 1 1 1 1 1 1 1 1 1 1 1 1 1 1 1 1 1 1 1 1 1 1 1 1 1 1 1 1 1 1 1 1 1 1 1 1 1 1 1 1 1 1 1 1 1 1 1 1 1 1 1 1 1 1 1 1 1 1 1 1 1 1 1 1 1 1 1 1 1 1 1 1 1 1 1 1 1 1 1 1 1 1 1 1 1 1 1 1 1 1 1 1 1 1 1 1 1 1 1 1 1 1 1 1 1 1 1 1 1 1 1 1 1 1 1 1 1 1 1 1 1 1 1 1 1 1 1 1 1 1 1 1 1 1 1 1 1 1 1 1 1 1 1 1 1 1 1 1 1 1 1 1 1 1 1 1 1 1 1 1 1 1 1 1 1 1 1 1 1 1 1 1 1 1 1 1 1 1 1 1 1 1 1 1 1 1 1 1 1 1 1 1 1 1 1 1 1 1 1 1 1 1 1 1 1 1 1 1 1 1 1 1 1 1 1 1 1 1 1 1 1 1 1 1 1 1 1 1 1 1 1 1 1 1 1 1 1 1 1 1 1 1 1 1 1 1 1 1 1 1 1 1 1 1 1 1 1 1 1 1 1 1 1 1 1 1 1 1 1 1 1 1 1 1 1 1 1 1 1 1 1 1 1 1 1 1 1 1 1 1 1 1 1 1 1 1 1 1 1 1 1 1 1 1 1 1 1 1 1 1 1 1 1 1 1 1 1 1 1 1 1 1 1 1 1 1 1 1 1 1 1 1 1 1 1 1 1 1 1 1 1 1 1 1 1 1 1 1 1 1 1 1 1 1 1 1 1 1 1 1 1 1 1 1 1 1 1 1 1 1 1 1 1 1 1 1 1 1 1 1 1 1 1 1 1 1 1 1 1 1 1 1 1 1 1 1 1 1 1 1 1 1 1 1 1 1 1 1 1 1 1 1 1 1 1 1 1 1 1 1 1 1 1 1 1 1 1 1 1 1 1 1 1 1 1 1 1 1 1 1 1 1 1 1 1 1 1 1 1 1 1 1 1 1 1 1 1 1 1 1 1 1 1 1 1 1 1 1 1 1 1 1 1 1 1 1 1 1 1 1 1 1 1 1 1 1 1 1 1 1 1 1 1 1 1 1 1 1 1 1 1 1 1 1 1 1 1 1 1 1 1 1 1 1 1 1 1 1 1 1 1 1 1 1 1 1 1 1 1 1 1 1 1 1 1 1 1 1 1 1 1 1 1 1 1 1 1 1 1 1 1 1 1 1 1 1 1 1 1 1 1 1 1 1 1 1 1 1 1 1 1 1 1 1 1 1 1 1 1 1 1 1 1 1 1 1 1 1 1 1 1 1 1 1 1 1 1 1 1 1 1 1 1 1 1 1 1 1 1 1 1 1 1 1 1 1 1 1 1 1 1 1 1 1 1 1 1 1 1 1 1 1 1 1 1 1 1 1 1 1 1 1 1 1 1 1 1 1 1 1 1 1 1 1 1 1 1 1 1 1 1 1 1 1 1 1 1 1 1 1 1 1 1 1 1 1 1 1 1 1 1 1 1 1 1 1 1 1 1 1 1 1 1 1 1 1 1 1 1 1 1 1 1 1 1 1 1 1 1 1 1 1 1 1 1 1 1 1 1 1 1 1 1 1 1 1 1 1 1 1 1 1 1 1 1 1 1 1 1 1 1 1 1 1 1 1 1 1 1 1 1 1 1 1 1 1 1 1 1 1 1 1 1 1 1 1 1 1 1 1 1 1 1 1 1 1 1 1 1 1 1 1 1 1 1 1 1 1 1 1 1 1 1 1 1 1 1 1 1 1 1 1 1 1 1 1 1 1 1 1 1 1 1 1 1 1 1 1 1 1 1 1 1 1 1 1 1 1 1 1 1 1 1 1 1 1 1 1 1 1 1 1 1 1 1 1 1 1 1 1 1 1 1 1 1 1 1 1 1 1 1 1 1 1 1 1 1 1 1 1 1 1 1 1 1 1 1 1 1 1 1 1 1 1 1 1 1 1 1 1 1 1 1 1 1 1 1 1 1 1 1 1 1 1 1 1 1 1 1 1 1 1 1 1 1 1 1 1 1 1 1 1 1 1 1 1 1 1 1 1 1 1 1 1 1 1 1 1 1 1 1 1 1 1 1 1 1 1 1 1 1 1 1 1 1 1 1 1 1 1 1 1 1 1 1 1 1 1 1 1 1 1 1 1 1 1 1 1 1 1 1 1 1 1 1 1 1 1 1 1 1 1 1 1 1 1 1 1 1 1 1 1 1 1 1 1 1 1 1 1 1 1 1 1 1 1 1 1 1 1 1 1 1 1 1 1 1 1 1 1 1 1 1 1 1 1 1 1 1 1 1 1 1 1 1 1 1 1 1 1 1 1 1 1 1 1 1 1 1 1 1 1 1 1 1 1 1 1 1 1 1 1 1 1 1 1 1 1 1 1 1 1 1 1 1 1 1 1 1 1 1 1 1 1 1 1 1 1 1 1 1 1 1 1 1 1 1 1 1 1 1 1 1 1 1 1 1 1 1 1 1 1 1 1 1 1 1 1 1 1 1 1 1 1 1 1 1 1 1 1 1 1 1 1 1 1 1 1 1 1 1 1 1 1 1 1 1 1 1 1 1 1 1 1 1 1 1 1 1 1 1 1 1 1 1 1 1 1 1 1 1 1 1 1 1 1 1 1 1 1 1 1 1 1 1 1 1 1 1 1 1 1 1 1 1 1 1 1 1 1 1 1 1 1 1 1 1 1 1 1 1 1 1 1 1 1 1 1 1 1 1 1 1 1 1 1 1 1 1 1 1 1 1 1 1 1 1 1 1 1 1 1 1 1 1 1 1 1 1 1 1 1 1 1 1 1 1 1 1 1 1 1 1 1 1 1 1 1 1 1 1 1 1 1 1 1 1 1 1 1 1 1 1 1 1 1 1 1 1 1 1 1 1 1 1 1 1 1 1 1 1 1 1 1 1 1 1 1 1 1 1 1 1 1 1 1 1 1 1 1 1 1 1 1 1 1 1 1 1 1 1 1 1 1 1 1 1 1 1 1 1 1 1 1 1 1 1 1 1 1 1 1 1 1 1 1 1 1 1 1 1 1 1 1 1 1 1 1 1 1 1 1 1 1 1 1 1 1 1 1 1 1 1 1 1 1 1 1 1 1 1 1 1 1 1 1 1 1 1 1 1 1 1 1 1 1 1 1 1 1 1 1 1 1 1 1 1 1 1 1 1 1 1 1 1 1 1 1 1 1 1 1 1 1 1 1 1 1 1 1 1 1 1 1 1 1 1 1 1 1 1 1 1 1 1 1 1 1 1 1 1 1 1 1 1 1 1 1 1 1 1 1 1 1 1 1 1 1 1 1 1 1 1 1 1 1 1 1 1 1 1 1 1 1 1 1 1 1 1 1 1 1 1 1 1 1 1 1 1 1 1 1 1 1 1 1 1 1 1 1 1 1 1 1 1 1 1 1 1 1 1 1 1 1 1 1 1 1 1 1 1 1 1 1 1 1 1 1 1 1 1 1 1 1 1 1 1 1 1 1 1 1 1 1 1 1 1 1 1 1 1 1 1 1 1 1 1 1 1 1 1 1 1 1 1 1 1 1 1 1 1 1 1 1 1 1 1 1 1 1 1 1 1 1 1 1 1 1 1 1 1 1 1 1 1 1 1 1 1 1 1 1 1 1 1 1 1 1 1 1 1 1 1 1 1 1 1 1 1 1 1 1 1 1 1 1 1 1 1 1 1 1 1 1 1 1 1 1 1 1 1 1 1 1 1 1 1 1 1 1 1 1 1 1 1 1 1 1 1 1 1 1 1 1 1 1 1 1 1 1 1 1 1 1 1 1 1 1 1 1 1 1 1 1 1 1 1 1 1 1 1 1 1 1 1 1 1 1 1 1 1 1 1 1 1 1 1 1 1 1 1 1 1 1 1 1 1 1 1 1 1 1 1 1 1 1 1 1 1 1 1 1 1 1 1 1 1 1 1 1 1 1 1 1 1 1 1 1 1 1 1 1 1 1 1 1 1 1 1 1 1 1 1 1 1 1 1 1 1 1 1 1 1 1 1 1 1 1 1 1 1 1 1 1 1 1 1 1 1 1 1 1 1 1 1 1 1 1 1 1 1 1 1 1 1 1 1 1 1 1 1 1 1 1 1 1 1 1 1 1 1 1 1 1 1 1 1 1 1 1 1 1 1 1 1 1 1 1 1 1 1 1 1 1 1 1 1 1 1 1 1 1 1 1 1 1 1 1 1 1 1 1 1 1 1 1 1 1 1 1 1 1 1 1 1 1 1 1 1 1 1 1 1 1 1 1 1 1 1 1 1 1 1 1 1 1 1 1 1 1 1 1 1 1 1 1 1 1 1 1 1 1 1 1 1 1 1 1 1 1 1 1 1 1 1 1 1 1 1 1 1 1 1 1 1 1 1 1 1 1 1 1 1 1 1 1 1 1 1 1 1 1 1 1 1 1 1 1 1 1 1 1 1 1 1 1 1 1 1 1 1 1 1 1 1 1 1 1 1 1 1 1 1 1 1 1 1 1 1 1 1 1 1 1 1 1 1 1 1 1 1 1 1 1 1 1 1 1 1 1 1 1 1 1 1 1 1 1 1 1 1 1 1 1 1 1 1 1 1 1 1 1 1 1 1 1 1 1 1 1 1 1 1 1 1 1 1 1 1 1 1 1 1 1 1 1 1 1 1 1 1 1 1 1 1 1 1 1 1 1 1 1 1 1 1 1 1 1 1 1 1 1 1 1 1 1 1 1 1 1 1 1 1 1 1 1 1 1 1 1 1 1 1 1 1 1 1 1 1 1 1 1 1 1 1 1 1 1 1 1 1 1 1 1 1 1 1 1 1 1 1 1 1 1 1 1 1 1 1 1 1 1 1 1 1 1 1 1 1 1 1 1 1 1 1 1 1 1 1 1 1 1 1 1 1 1 1 1 1 1 1 1 1 1 1 1 1 1 1 1 1 1 1 1 1 1 1 1 1 1 1 1 1 1 1 1 1 1 1 1 1 1 1 1 1 1 1 1 1 1 1 1 1 1 1 1 1 1 1 1 1 1 1 1 1 1 1 1 1 1 1 1 1 1 1 1 1 1 1 1 1 1 1 1 1 1 1 1 1 1 1 1 1 1 1 1 1 1 1 1 1 1 1 1 1 1 1 1 1 1 1 1 1 1 1 1 1 1 1 1 1 1 1 1 1 1 1 1 1 1 1 1 1 1 1 1 1 1 1 1 1 1 1 1 1 1 1 1 1 1 1 1 1 1 1 1 1 1 1 1 1 1 1 1 1 1 1 1 1 1 1 1 1 1 1 1 1 1 1 1 1 1 1 1 1 1 1 1 1 1 1 1 1 1 1 1 1 1 1 1 1 1 1 1 1 1 1 1 1 1 1 1 1 1 1 1 1 1 1 1 1 1 1 1 1 1 1 1 1 1 1 1 1 1 1 1 1 1 1 1 1 1 1 1 1 1 1 1 1 1 1 1 1 1 1 1 1 1 1 1 1 1 1 1 1 1 1 1 1 1 1 1 1 1 1 1 1 1 1 1 1 1 1 1 1 1 1 1 1 1 1 1 1 1 1 1 1 1 1 1 1 1 1 1 1 1 1 1 1 1 1 1 1 1 1 1 1 1 1 1 1 1 1 1 1 1 1 1 1 1 1 1 1 1 1 1 1 1 1 1 1 1 1 1 1 1 1 1 1 1 1 1 1 1 1 1 1 1 1 1 1 1 1 1 1 1 1 1 1 1 1 1 1 1 1 1 1 1 1 1 1 1 1 1 1 1 1 1 1 1 1 1 1 1 1 1 1 1 1 1 1 1 1 1 1 1 1 1 1 1 1 1 1 1 1 1 1 1 1 1 1 1 1 1 1 1 1 1 1 1 1 1 1 1 1 1 1 1 1 1 1 1 1 1 1 1 1 1 1 1 1 1 1 1 1 1 1 1 1 1 1 1 1 1 1 1 1 1 1 1 1 1 1 1 1 1 1 1 1 1 1 1 1 1 1 1 1 1 1 1 1 1 1 1 1 1 1 1 1 1 1 1 1 1 1 1 1 1 1 1 1 1 1 1 1 1 1 1 1 1 1 1 1 1 1 1 1 1 1 1 1 1 1 1 1 1 1 1 1 1 1 1 1 1 1 1 1 1 1 1 1 1 1 1 1 1 1 1 1 1 1 1 1 1 1 1 1 1 1 1 1 1 1 1 1 1 1 1 1 1 1 1 1 1 1 1 1 1 1 1 1 1 1 1 1 1 1 1 1 1 1 1 1 1 1 1 1 1 1 1 1 1 1 1 1 1 1 1 1 1 1 1 1 1 1 1 1 1 1 1 1 1 1 1 1 1 1 1 1 1 1 1 1 1 1 1 1 1 1 1 1 1 1 1 1 1 1 1 1 1 1 1 1 1 1 1 1 1 1 1 1 1 1 1 1 1 1 1 1 1 1 1 1 1 1 1 1 1 1 1 1 1 1 1 1 1 1 1 1 1 1 1 1 1 1 1 1 1 1 1 1 1 1 1 1 1 1 1 1 1 1 1 1 1 1 1 1 1 1 1 1 1 1 1 1 1 1 1 1 1 1 1 1 1 1 1 1 1 1 1 1 1 1 1 1 1 1 1 1 1 1 1 1 1 1 1 1 1 1 1 1 1 1 1 1 1 1 1 1 1 1 1 1 1 1 1 1 1 1 1 1 1 1 1 1 1 1 1 1 1 1 1 1 1 1 1 1 1 1 1 1 1 1 1 1 1 1 1 1 1 1 1 1 1 1 1 1 1 1 1 1 1 1 1 1 1 1 1 1 1 1 1 1 1 1 1 1 1 1 1 1 1 1 1 1 1 1 1 1 1 1 1 1 1 1 1 1 1 1 1 1 1 1 1 1 1 1 1 1 1 1 1 1 1 1 1 1 1 1 1 1 1 1 1 1 1 1 1 1 1 1 1 1 1 1 1 1 1 1 1 1 1 1 1 1 1 1 1 1 1 1 1 1 1 1 1 1 1 1 1 1 1 1 1 1 1 1 1 1 1 1 1 1 1 1 1 1 1 1 1 1 1 1 1 1 1 1 1 1 1 1 1 1 1 1 1 1 1 1 1 1 1 1 1 1 1 1 1 1 1 1 1 1 1 1 1 1 1 1 1 1 1 1 1 1 1 1 1 1 1 1 1 1 1 1 1 1 1 1 1 1 1 1 1 1 1 1 1 1 1 1 1 1 1 1 1 1 1 1 1 1 1 1 1 1 1 1 1 1 1 1 1 1 1 1 1 1 1 1 1 1 1 1 1 1 1 1 1 1 1 1 1 1 1 1 1 1 1 1 1 1 1 1 1 1 1 1 1 1 1 1 1 1 1 1 1 1 1 1 1 1 1 1 1 1 1 1 1 1 1 1 1 1 1 1 1 1 1 1 1 1 1 1 1 1 1 1 1 1 1 1 1 1 1 1 1 1 1 1 1 1 1 1 1 1 1 1 1 1 1 1 1 1 1 1 1 1 1 1 1 1 1 1 1 1 1 1 1 1 1 1 1 1 1 1 1 1 1 1 1 1 1 1 1 1 1 1 1 1 1 1 1 1 1 1 1 1 1 1 1 1 1 1 1 1 1 1 1 1 1 1 1 1 1 1 1 1 1 1 1 1 1 1 1 1 1 1 1 1 1 1 1 1 1 1 1 1 1 1 1 1 1 1 1 1 1 1 1 1 1 1 1 1 1 1 1 1 1 1 1 1 1 1 1 1 1 1 1 1 1 1 1 1 1 1 1 1 1 1 1 1 1 1 1 1 1 1 1 1 1 1 1 1 1 1 1 1 1 1 1 1 1 1 1 1 1 1 1 1 1 1 1 1 1 1 1 1 1 1 1 1 1 1 1 1 1 1 1 1 1 1 1 1 1 1 1 1 1 1 1 1 1 1 1 1 1 1 1 1 1 1 1 1 1 1 1 1 1 1 1 1 1 1 1 1 1 1 1 1 1 1 1 1 1 1 1 1 1 1 1 1 1 1 1 1 1 1 1 1 1 1 1 1 1 1 1 1 1 1 1 1 1 1 1 1 1 1 1 1 1 1 1 1 1 1 1 1 1 1 1 1 1 1 1 1 1 1 1 1 1 1 1 1 1 1 1 1 1 1 1 1 1 1 1 1 1 1 1 1 1 1 1 1 1 1 1 1 1 1 1 1 1 1 1 1 1 1 1 1 1 1 1 1 1 1 1 1 1 1 1 1 1 1 1 1 1 1 1 1 1 1 1 1 1 1 1 1 1 1 1 1 1 1 1 1 1 1 1 1 1 1 1 1 1 1 1 1 1 1 1 1 1 1 1 1 1 1 1 1 1 1 1 1 1 1 1 1 1 1 1 1 1 1 1 1 1 1 1 1 1 1 1 1 1 1 1 1 1 1 1 1 1 1 1 1 1 1 1 1 1 1 1 1 1 1 1 1 1 1 1 1 1 1 1 1 1 1 1 1 1 1 1 1 1 1 1 1 1 1 1 1 1 1 1 1 1 1 1 1 1 1 1 1 1 1 1 1 1 1 1 1 1 1 1 1 1 1 1 1 1 1 1 1 1 1 1 1 1 1 1 1 1 1 1 1 1 1 1 1 1 1 1 1 1 1 1 1 1 1 1 1 1 1 1 1 1 1 1 1 1 1 1 1 1 1 1 1 1 1 1 1 1 1 1 1 1 1 1 1 1 1 1 1 1 1 1 1 1 1 1 1 1 1 1 1 1 1 1 1 1 1 1 1 1 1 1 1 1 1 1 1 1 1 1 1 1 1 1 1 1 1 1 1 1 1 1 1 1 1 1 1 1 1 1 1 1 1 1 1 1 1 1 1 1 1 1 1 1 1 1 1 1 1 1 1 1 1 1 1 1 1 1 1 1 1 1 1 1 1 1 1 1 1 1 1 1 1 1 1 1 1 1 1 1 1 1 1 1 1 1 1 1 1 1 1 1 1 1 1 1 1 1 1 1 1 1 1 1 1 1 1 1 1 1 1 1 1 1 1 1 1 1 1 1 1 1 1 1 1 1 1 1 1 1 1 1 1 1 1 1 1 1 1 1 1 1 1 1 1 1 1 1 1 1 1 1 1 1 1 1 1 1 1 1 1 1 1 1 1 1 1 1 1 1 1 1 1 1 1 1 1 1 1 1 1 1 1 1 1 1 1 1 1 1 1 1 1 1 1 1 1 1 1 1 1 1 1 1 1 1 1 1 1 1 1 1 1 1 1 1 1 1 1 1 1 1 1 1 1 1 1 1 1 1 1 1 1 1 1 1 1 1 1 1 1 1 1 1 1 1 1 1 1 1 1 1 1 1 1 1 1 1 1 1 1 1 1 1 1 1 1 1 1 1 1 1 1 1 1 1 1 1 1 1 1 1 1 1 1 1 1 1 1 1 1 1 1 1 1 1 1 1 1 1 1 1 1 1 1 1 1 1 1 1 1 1 1 1 1 1 1 1 1 1 1 1 1 1 1 1 1 1 1 1 1 1 1 1 1 1 1 1 1 1 1 1 1 1 1 1 1 1 1 1 1 1 1 1 1 1 1 1 1 1 1 1 1 1 1 1 1 1 1 1 1 1 1 1 1 1 1 1 1 1 1 1 1 1 1 1 1 1 1 1 1 1 1 1 1 1 1 1 1 1 1 1 1 1 1 1 1 1 1 1 1 1 1 1 1 1 1 1 1 1 1 1 1 1 1 1 1 1 1 1 1 1 1 1 1 1 1 1 1 1 1 1 1 1 1 1 1 1 1 1 1 1 1 1 1 1 1 1 1 1 1 1 1 1 1 1 1 1 1 1 1 1 1 1 1 1 1 1 1 1 1 1 1 1 1 1 1 1 1 1 1 1 1 1 1 1 1 1 1 1 1 1 1 1 1 1 1 1 1 1 1 1 1 1 1 1 1 1 1 1 1 1 1 1 1 1 1 1 1 1 1 1 1 1 1 1 1 1 1 1 1 1 1 1 1 1 1 1 1 1 1 1 1 1 1 1 1 1 1 1 1 1 1 1 1 1 1 1 1 1 1 1 1 1 1 1 1 1 1 1 1 1 1 1 1 1 1 1 1 1 1 1 1 1 1 1 1 1 1 1 1 1 1 1 1 1 1 1 1 1 1 1 1 1 1 1 1 1 1 1 1 1 1 1 1 1 1 1 1 1 1 1 1 1 1 1 1 1 1 1 1 1 1 1 1 1 1 1 1 1 1 1 1 1 1 1 1 1 1 1 1 1 1 1 1 1 1 1 1 1 1 1 1 1 1 1 1 1 1 1 1 1 1 1 1 1 1 1 1 1 1 1 1 1 1 1 1 1 1 1 1 1 1 1 1 1 1 1 1 1 1 1 1 1 1 1 1 1 1 1 1 1 1 1 1 1 1 1 1 1 1 1 1 1 1 1 1 1 1 1 1 1 1 1 1 1 1 1 1 1 1 1 1 1 1 1 1 1 1 1 1 1 1 1 1 1 1 1 1 1 1 1 1 1 1 1 1 1 1 1 1 1 1 1 1 1 1 1 1 1 1 1 1 1 1 1 1 1 1 1 1 1 1 1 1 1 1 1 1 1 1 1 1 1 1 1 1 1 1 1 1 1 1 1 1 1 1 1 1 1 1 1 1 1 1 1 1 1 1 1 1 1 1 1 1 1 1 1 1 1 1 1 1 1 1 1 1 1 1 1 1 1 1 1 1 1 1 1 1 1 1 1 1 1 1 1 1 1 1 1 1 1 1 1 1 1 1 1 1 1 1 1 1 1 1 1 1 1 1 1 1 1 1 1 1 1 1 1 1 1 1 1 1 1 1 1 1 1 1 1 1 1 1 1 1 1 1 1 1 1 1 1 1 1 1 1 1 1 1 1 1 1 1 1 1 1 1 1 1 1 1 1 1 1 1 1 1 1 1 1 1 1 1 1 1 1 1 1 1 1 1 1 1 1 1 1 1 1 1 1 1 1 1 1 1 1 1 1 1 1 1 1 1 1 1 1 1 1 1 1 1 1 1 1 1 1 1 1 1 1 1 1 1 1 1 1 1 1 1 1 1 1 1 1 1 1 1 1 1 1 1 1 1 1 1 1 1 1 1 1 1 1 1 1 1 1 1 1 1 1 1 1 1 1 1 1 1 1 1 1 1 1 1 1 1 1 1 1 1 1 1 1 1 1 1 1 1 1 1 1 1 1 1 1 1 1 1 1 1 1 1 1 1 1 1 1 1 1 1 1 1 1 1 1 1 1 1 1 1 1 1 1 1 1 1 1 1 1 1 1 1 1 1 1 1 1 1 1 1 1 1 1 1 1 1 1 1 1 1 1 1 1 1 1 1 1 1 1 1 1 1 1 1 1 1 1 1 1 1 1 1 1 1 1 1 1 1 1 1 1 1 1 1 1 1 1 1 1 1 1 1 1 1 1 1 1 1 1 1 1 1 1 1 1 1 1 1 1 1 1 1 1 1 1 1 1 1 1 1 1 1 1 1 1 1 1 1 1 1 1 1 1 1 1 1 1 1 1 1 1 1 1 1 1 1 1 1 1 1 1 1 1 1 1 1 1 1 1 1 1 1 1 1 1 1 1 1 1 1 1 1 1 1 1 1 1 1 1 1 1 1 1 1 1 1 1 1 1 1 1 1 1 1 1 1 1 1 1 1 1 1 1 1 1 1 1 1 1 1 1 1 1 1 1 1 1 1 1 1 1 1 1 1 1 1 1 1 1 1 1 1 1 1 1 1 1 1 1 1 1 1 1 1 1 1 1 1 1 1 1 1 1 1 1 1 1 1 1 1 1 1 1 1 1 1 1 1 1 1 1 1 1 1 1 1 1 1 1 1 1 1 1 1 1 1 1 1 1 1 1 1 1 1 1 1 1 1 1 1 1 1 1 1 1 1 1 1 1 1 1 1 1 1 1 1 1 1 1 1 1 1 1 1 1 1 1 1 1 1 1 1 1 1 1 1 1 1 1 1 1 1 1 1 1 1 1 1 1 1 1 1 1 1 1 1 1 1 1 1 1 1 1 1 1 1 1 1 1 1 1 1 1 1 1 1 1 1 1 1 1 1 1 1 1 1 1 1 1 1 1 1 1 1 1 1 1 1 1 1 1 1 1 1 1 1 1 1 1 1 1 1 1 1 1 1 1 1 1 1 1 1 1 1 1 1 1 1 1 1 1 1 1 1 1 1 1 1 1 1 1 1 1 1 1 1 1 1 1 1 1 1 1 1 1 1 1 1 1 1 1 1 1 1 1 1 1 1 1 1 1 1 1 1 1 1 1 1 1 1 1 1 1 1 1 1 1 1 1 1 1 1 1 1 1 1 1 1 1 1 1 1 1 1 1 1 1 1 1 1 1 1 1 1 1 1 1 1 1 1 1 1 1 1 1 1 1 1 1 1 1 1 1 1 1 1 1 1 1 1 1 1 1 1 1 1 1 1 1 1 1 1 1 1 1 1 1 1 1 1 1 1 1 1 1 1 1 1 1 1 1 1 1 1 1 1 1 1 1 1 1 1 1 1 1 1 1 1 1 1 1 1 1 1 1 1 1 1 1 1 1 1 1 1 1 1 1 1 1 1 1 1 1 1 1 1 1 1 1 1 1 1 1 1 1 1 1 1 1 1 1 1 1 1 1 1 1 1 1 1 1 1 1 1 1 1 1 1 1 1 1 1 1 1 1 1 1 1 1 1 1 1 1 1 1 1 1 1 1 1 1 1 1 1 1 1 1 1 1 1 1 1 1 1 1 1 1 1 1 1 1 1 1 1 1 1 1 1 1 1 1 1 1 1 1 1 1 1 1 1 1 1 1 1 1 1 1 1 1 1 1 1 1 1 1 1 1 1 1 1 1 1 1 1 1 1 1 1 1 1 1 1 1 1 1 1 1 1 1 1 1 1 1 1 1 1 1 1 1 1 1 1 1 1 1 1 1 1 1 1 1 1 1 1 1 1 1 1 1 1 1 1 1 1 1 1 1 1 1 1 1 1 1 1 1 1 1 1 1 1 1 1 1 1 1 1 1 1 1 1 1 1 1 1 1 1 1 1 1 1 1 1 1 1 1 1 1 1 1 1 1 1 1 1 1 1 1 1 1 1 1 1 1 1 1 1 1 1 1 1 1 1 1 1 1 1 1 1 1 1 1 1 1 1 1 1 1 1 1 1 1 1 1 1 1 1 1 1 1 1 1 1 1 1 1 1 1 1 1 1 1 1 1 1 1 1 1 1 1 1 1 1 1 1 1 1 1 1 1 1 1 1 1 1 1 1 1 1 1 1 1 1 1 1 1 1 1 1 1 1 1 1 1 1 1 1 1 1 1 1 1 1 1 1 1 1 1 1 1 1 1 1 1 1 1 1 1 1 1 1 1 1 1 1 1 1 1 1 1 1 1 1 1 1 1 1 1 1 1 1 1 1 1 1 1 1 1 1 1 1 1 1 1 1 1 1 1 1 1 1 1 1 1 1 1 1 1 1 1 1 1 1 1 1 1 1 1 1 1 1 1 1 1 1 1 1 1 1 1 1 1 1 1 1 1 1 1 1 1 1 1 1 1 1 1 1 1 1 1 1 1 1 1 1 1 1 1 1 1 1 1 1 1 1 1 1 1 1 1 1 1 1 1 1 1 1 1 1 1 1 1 1 1 1 1 1 1 1 1 1 1 1 1 1 1 1 1 1 1 1 1 1 1 1 1 1 1 1 1 1 1 1 1 1 1 1 1 1 1 1 1 1 1 1 1 1 1 1 1 1 1 1 1 1 1 1 1 1 1 1 1 1 1 1 1 1 1 1 1 1 1 1 1 1 1 1 1 1 1 1 1 1 1 1 1 1 1 1 1 1 1 1 1 1 1 1 1 1 1 1 1 1 1 1 1 1 1 1 1 1 1 1 1 1 1 1 1 1 1 1 1 1 1 1 1 1 1 1 1 1 1 1 1 1 1 1 1 1 1 1 1 1 1 1 1 1 1 1 1 1 1 1 1 1 1 1 1 1 1 1 1 1 1 1 1 1 1 1 1 1 1 1 1 1 1 1 1 1 1 1 1 1 1 1 1 1 1 1 1 1 1 1 1 1 1 1 1 1 1 1 1 1 1 1 1 1 1 1 1 1 1 1 1 1 1 1 1 1 1 1 1 1 1 1 1 1 1 1 1 1 1 1 1 1 1 1 1 1 1 1 1 1 1 1 1 1 1 1 1 1 1 1 1 1 1 1 1 1 1 1 1 1 1 1 1 1 1 1 1 1 1 1 1 1 1 1 1 1 1 1 1 1 1 1 1 1 1 1 1 1 1 1 1 1 1 1 1 1 1 1 1 1 1 1 1 1 1 1 1 1 1 1 1 1 1 1 1 1 1 1 1 1 1 1 1 1 1 1 1 1 1 1 1 1 1 1 1 1 1 1 1 1 1 1 1 1 1 1 1 1 1 1 1 1 1 1 1 1 1 1 1 1 1 1 1 1 1 1 1 1 1 1 1 1 1 1 1 1 1 1 1 1 1 1 1 1 1 1 1 1 1 1 1 1 1 1 1 1 1 1 1 1 1 1 1 1 1 1 1 1 1 1 1 1 1 1 1 1 1 1 1 1 1 1 1 1 1 1 1 1 1 1 1 1 1 1 1 1 1 1 1 1 1 1 1 1 1 1 1 1 1 1 1 1 1 1 1 1 1 1 1 1 1 1 1 1 1 1 1 1 1 1 1 1 1 1 1 1 1 1 1 1 1 1 1 1 1 1 1 1 1 1 1 1 1 1 1 1 1 1 1 1 1 1 1 1 1 1 1 1 1 1 1 1 1 1 1 1 1 1 1 1 1 1 1 1 1 1 1 1 1 1 1 1 1 1 1 1 1 1 1 1 1 1 1 1 1 1 1 1 1 1 1 1 1 1 1 1 1 1 1 1 1 1 1 1 1 1 1 1 1 1 1 1 1 1 1 1 1 1 1 1 1 1 1 1 1 1 1 1 1 1 1 1 1 1 1 1 1 1 1 1 1 1 1 1 1 1 1 1 1 1 1 1 1 1 1 1 1 1 1 1 1 1 1 1 1 1 1 1 1 1 1 1 1 1 1 1 1 1 1 1 1 1 1 1 1 1 1 1 1 1 1 1 1 1 1 1 1 1 1 1 1 1 1 1 1 1 1 1 1 1 1 1 1 1 1 1 1 1 1 1 1 1 1 1 1 1 1 1 1 1 1 1 1 1 1 1 1 1 1 1 1 1 1 1 1 1 1 1 1 1 1 1 1 1 1 1 1 1 1 1 1 1 1 1 1 1 1 1 1 1 1 1 1 1 1 1 1 1 1 1 1 1 1 1 1 1 1 1 1 1 1 1 1 1 1 1 1 1 1 1 1 1 1 1 1 1 1 1 1 1 1 1 1 1 1 1 1 1 1 1 1 1 1 1 1 1 1 1 1 1 1 1 1 1 1 1 1 1 1 1 1 1 1 1 1 1 1 1 1 1 1 1 1 1 1 1 1 1 1 1 1 1 1 1 1 1 1 1 1 1 1 1 1 1 1 1 1 1 1 1 1 1 1 1 1 1 1 1 1 1 1 1 1 1 1 1 1 1 1 1 1 1 1 1 1 1 1 1 1 1 1 1 1 1 1 1 1 1 1 1 1 1 1 1 1 1 1 1 1 1 1 1 1 1 1 1 1 1 1 1 1 1 1 1 1 1 1 1 1 1 1 1 1 1 1 1 1 1 1 1 1 1 1 1 1 1 1 1 1 1 1 1 1 1 1 1 1 1 1 1 1 1 1 1 1 1 1 1 1 1 1 1 1 1 1 1 1 1 1 1 1 1 1 1 1 1 1 1 1 1 1 1 1 1 1 1 1 1 1 1 1 1 1 1 1 1 1 1 1 1 1 1 1 1 1 1 1 1 1 1 1 1 1 1 1 1 1 1 1 1 1 1 1 1 1 1 1 1 1 1 1 1 1 1 1 1 1 1 1 1 1 1 1 1 1 1 1 1 1 1 1 1 1 1 1 1 1 1 1 1 1 1 1 1 1 1 1 1 1 1 1 1 1 1 1 1 1 1 1 1 1 1 1 1 1 1 1 1 1 1 1 1 1 1 1 1 1 1 1 1 1 1 1 1 1 1 1 1 1 1 1 1 1 1 1 1 1 1 1 1 1 1 1 1 1 1 1 1 1 1 1 1 1 1 1 1 1 1 1 1 1 1 1 1 1 1 1 1 1 1 1 1 1 1 1 1 1 1 1 1 1 1 1 1 1 1 1 1 1 1 1 1 1 1 1 1 1 1 1 1 1 1 1 1 1 1 1 1 1 1 1 1 1 1 1 1 1 1 1 1 1 1 1 1 1 1 1 1 1 1 1 1 1 1 1 1 1 1 1 1 1 1 1 1 1 1 1 1 1 1 1 1 1 1 1 1 1 1 1 1 1 1 1 1 1 1 1 1 1 1 1 1 1 1 1 1 1 1 1 1 1 1 1 1 1 1 1 1 1 1 1 1 1 1 1 1 1 1 1 1 1 1 1 1 1 1 1 1 1 1 1 1 1 1 1 1 1 1 1 1 1 1 1 1 1 1 1 1 1 1 1 1 1 1 1 1 1 1 1 1 1 1 1 1 1 1 1 1 1 1 1 1 1 1 1 1 1 1 1 1 1 1 1 1 1 1 1 1 1 1 1 1 1 1 1 1 1 1 1 1 1 1 1 1 1 1 1 1 1 1 1 1 1 1 1 1 1 1 1 1 1 1 1 1 1 1 1 1 1 1 1 1 1 1 1 1 1 1 1 1 1 1 1 1 1 1 1 1 1 1 1 1 1 1 1 1 1 1 1 1 1 1 1 1 1 1 1 1 1 1 1 1 1 1 1 1 1 1 1 1 1 1 1 1 1 1 1 1 1 1 1 1 1 1 1 1 1 1 1 1 1 1 1 1 1 1 1 1 1 1 1 1 1 1 1 1 1 1 1 1 1 1 1 1 1 1 1 1 1 1 1 1 1 1 1 1 1 1 1 1 1 1 1 1 1 1 1 1 1 1 1 1 1 1 1 1 1 1 1 1 1 1 1 1 1 1 1 1 1 1 1 1 1 1 1 1 1 1 1 1 1 1 1 1 1 1 1 1 1 1 1 1 1 1 1 1 1 1 1 1 1 1 1 1 1 1 1 1 1 1 1 1 1 1 1 1 1 1 1 1 1 1 1 1 1 1 1 1 1 1 1 1 1 1 1 1 1 1 1 1 1 1 1 1 1 1 1 1 1 1 1 1 1 1 1 1 1 1 1 1 1 1 1 1 1 1 1 1 1 1 1 1 1 1 1 1 1 1 1 1 1 1 1 1 1 1 1 1 1 1 1 1 1 1 1 1 1 1 1 1 1 1 1 1 1 1 1 1 1 1 1 1 1 1 1 1 1 1 1 1 1 1 1 1 1 1 1 1 1 1 1 1 1 1 1 1 1 1 1 1 1 1 1 1 1 1 1 1 1 1 1 1 1 1 1 1 1 1 1 1 1 1 1 1 1 1 1 1 1 1 1 1 1 1 1 1 1 1 1 1 1 1 1 1 1 1 1 1 1 1 1 1 1 1 1 1 1 1 1 1 1 1 1 1 1 1 1 1 1 1 1 1 1 1 1 1 1 1 1 1 1 1 1 1 1 1 1 1 1 1 1 1 1 1 1 1 1 1 1 1 1 1 1 1 1 1 1 1 1 1 1 1 1 1 1 1 1 1 1 1 1 1 1 1 1 1 1 1 1 1 1 1 1 1 1 1 1 1 1 1 1 1 1 1 1 1 1 1 1 1 1 1 1 1 1 1 1 1 1 1 1 1 1 1 1 1 1 1 1 1 1 1 1 1 1 1 1 1 1 1 1 1 1 1 1 1 1 1 1 1 1 1 1 1 1 1 1 1 1 1 1 1 1 1 1 1 1 1 1 1 1 1 1 1 1 1 1 1 1 1 1 1 1 1 1 1 1 1 1 1 1 1 1 1 1 1 1 1 1 1 1 1 1 1 1 1 1 1 1 1 1 1 1 1 1 1 1 1 1 1 1 1 1 1 1 1 1 1 1 1 1 1 1 1 1 1 1 1 1 1 1 1 1 1 1 1 1 1 1 1 1 1 1 1 1 1 1 1 1 1 1 1 1 1 1 1 1 1 1 1 1 1 1 1 1 1 1 1 1 1 1 1 1 1 1 1 1 1 1 1 1 1 1 1 1 1 1 1 1 1 1 1 1 1 1 1 1 1 1 1 1 1 1 1 1 1 1 1 1 1 1 1 1 1 1 1 1 1 1 1 1 1 1 1 1 1 1 1 1 1 1 1 1 1 1 1 1 1 1 1 1 1 1 1 1 1 1 1 1 1 1 1 1 1 1 1 1 1 1 1 1 1 1 1 1 1 1 1 1 1 1 1 1 1 1 1 1 1 1 1 1 1 1 1 1 1 1 1 1 1 1 1 1 1 1 1 1 1 1 1 1 1 1 1 1 1 1 1 1 1 1 1 1 1 1 1 1 1 1 1 1 1 1 1 1 1 1 1 1 1 1 1 1 1 1 1 1 1 1 1 1 1 1 1 1 1 1 1 1 1 1 1 1 1 1 1 1 1 1 1 1 1 1 1 1 1 1 1 1 1 1 1 1 1 1 1 1 1 1 1 1 1 1 1 1 1 1 1 1 1 1 1 1 1 1 1 1 1 1 1 1 1 1 1 1 1 1 1 1 1 1 1 1 1 1 1 1 1 1 1 1 1 1 1 1 1 1 1 1 1 1 1 1 1 1 1 1 1 1 1 1 1 1 1 1 1 1 1 1 1 1 1 1 1 1 1 1 1 1 1 1 1 1 1 1 1 1 1 1 1 1 1 1 1 1 1 1 1 1 1 1 1 1 1 1 1 1 1 1 1 1 1 1 1 1 1 1 1 1 1 1 1 1 1 1 1 1 1 1 1 1 1 1 1 1 1 1 1 1 1 1 1 1 1 1 1 1 1 1 1 1 1 1 1 1 1 1 1 1 1 1 1 1 1 1 1 1 1 1 1 1 1 1 1 1 1 1 1 1 1 1 1 1 1 1 1 1 1 1 1 1 1 1 1 1 1 1 1 1 1 1 1 1 1 1 1 1 1 1 1 1 1 1 1 1 1 1 1 1 1 1 1 1 1 1 1 1 1 1 1 1 1 1 1 1 1 1 1 1 1 1 1 1 1 1 1 1 1 1 1 1 1 1 1 1 1 1 1 1 1 1 1 1 1 1 1 1 1 1 1 1 1 1 1 1 1 1 1 1 1 1 1 1 1 1 1 1 1 1 1 1 1 1 1 1 1 1 1 1 1 1 1 1 1 1 1 1 1 1 1 1 1 1 1 1 1 1 1 1 1 1 1 1 1 1 1 1 1 1 1 1 1 1 1 1 1 1 1 1 1 1 1 1 1 1 1 1 1 1 1 1 1 1 1 1 1 1 1 1 1 1 1 1 1 1 1 1 1 1 1 1 1 1 1 1 1 1 1 1 1 1 1 1 1 1 1 1 1 1 1 1 1 1 1 1 1 1 1 1 1 1 1 1 1 1 1 1 1 1 1 1 1 1 1 1 1 1 1 1 1 1 1 1 1 1 1 1 1 1 1 1 1 1 1 1 1 1 1 1 1 1 1 1 1 1 1 1 1 1 1 1 1 1 1 1 1 1 1 1 1 1 1 1 1 1 1 1 1 1 1 1 1 1 1 1 1 1 1 1 1 1 1 1 1 1 1 1 1 1 1 1 1 1 1 1 1 1 1 1 1 1 1 1 1 1 1 1 1 1 1 1 1 1 1 1 1 1 1 1 1 1 1 1 1 1 1 1 1 1 1 1 1 1 1 1 1 1 1 1 1 1 1 1 1 1 1 1 1 1 1 1 1 1 1 1 1 1 1 1 1 1 1 1 1 1 1 1 1 1 1 1 1 1 1 1 1 1 1 1 1 1 1 1 1 1 1 1 1 1 1 1 1 1 1 1 1 1 1 1 1 1 1 1 1 1 1 1 1 1 1 1 1 1 1 1 1 1 1 1 1 1 1 1 1 1 1 1 1 1 1 1 1 1 1 1 1 1 1 1 1 1 1 1 1 1 1 1 1 1 1 1 1 1 1 1 1 1 1 1 1 1 1 1 1 1 1 1 1 1 1 1 1 1 1 1 1 1 1 1 1 1 1 1 1 1 1 1 1 1 1 1 1 1 1 1 1 1 1 1 1 1 1 1 1 1 1 1 1 1 1 1 1 1 1 1 1 1 1 1 1 1 1 1 1 1 1 1 1 1 1 1 1 1 1 1 1 1 1 1 1 1 1 1 1 1 1 1 1 1 1 1 1 1 1 1 1 1 1 1 1 1 1 1 1 1 1 1 1 1 1 1 1 1 1 1 1 1 1 1 1 1 1 1 1 1 1 1 1 1 1 1 1 1 1 1 1 1 1 1 1 1 1 1 1 1 1 1 1 1 1 1 1 1 1 1 1 1 1 1 1 1 1 1 1 1 1 1 1 1 1 1 1 1 1 1 1 1 1 1 1 1 1 1 1 1 1 1 1 1 1 1 1 1 1 1 1 1 1 1 1 1 1 1 1 1 1 1 1 1 1 1 1 1 1 1 1 1 1 1 1 1 1 1 1 1 1 1 1 1 1 1 1 1 1 1 1 1 1 1 1 1 1 1 1 1 1 1 1 1 1 1 1 1 1 1 1 1 1 1 1 1 1 1 1 1 1 1 1 1 1 1 1 1 1 1 1 1 1 1 1 1 1 1 1 1 1 1 1 1 1 1 1 1 1 1 1 1 1 1 1 1 1 1 1 1 1 1 1 1 1 1 1 1 1 1 1 1 1 1 1 1 1 1 1 1 1 1 1 1 1 1 1 1 1 1 1 1 1 1 1 1 1 1 1 1 1 1 1 1 1 1 1 1 1 1 1 1 1 1 1 1 1 1 1 1 1 1 1 1 1 1 1 1 1 1 1 1 1 1 1 1 1 1 1 1 1 1 1 1 1 1 1 1 1 1 1 1 1 1 1 1 1 1 1 1 1 1 1 1 1 1 1 1 1 1 1 1 1 1 1 1 1 1 1 1 1 1 1 1 1 1 1 1 1 1 1 1 1 1 1 1 1 1 1 1 1 1 1 1 1 1 1 1 1 1 1 1 1 1 1 1 1 1 1 1 1 1 1 1 1 1 1 1 1 1 1 1 1 1 1 1 1 1 1 1 1 1 1 1 1 1 1 1 1 1 1 1 1 1 1 1 1 1 1 1 1 1 1 1 1 1 1 1 1 1 1 1 1 1 1 1 1 1 1 1 1 1 1 1 1 1 1 1 1 1 1 1 1 1 1 1 1 1 1 1 1 1 1 1 1 1 1 1 1 1 1 1 1 1 1 1 1 1 1 1 1 1 1 1 1 1 1 1 1 1 1 1 1 1 1 1 1 1 1 1 1 1 1 1 1 1 1 1 1 1 1 1 1 1 1 1 1 1 1 1 1 1 1 1 1 1 1 1 1 1 1 1 1 1 1 1 1 1 1 1 1 1 1 1 1 1 1 1 1 1 1 1 1 1 1 1 1 1 1 1 1 1 1 1 1 1 1 1 1 1 1 1 1 1 1 1 1 1 1 1 1 1 1 1 1 1 1 1 1 1 1 1 1 1 1 1 1 1 1 1 1 1 1 1 1 1 1 1 1 1 1 1 1 1 1 1 1 1 1 1 1 1 1 1 1 1 1 1 1 1 1 1 1 1 1 1 1 1 1 1 1 1 1 1 1 1 1 1 1 1 1 1 1 1 1 1 1 1 1 1 1 1 1 1 1 1 1 1 1 1 1 1 1 1 1 1 1 1 1 1 1 1 1 1 1 1 1 1 1 1 1 1 1 1 1 1 1 1 1 1 1 1 1 1 1 1 1 1 1 1 1 1 1 1 1 1 1 1 1 1 1 1 1 1 1 1 1 1 1 1 1 1 1 1 1 1 1 1 1 1 1 1 1 1 1 1 1 1 1 1 1 1 1 1 1 1 1 1 1 1 1 1 1 1 1 1 1 1 1 1 1 1 1 1 1 1 1 1 1 1 1 1 1 1 1 1 1 1 1 1 1 1 1 1 1 1 1 1 1 1 1 1 1 1 1 1 1 1 1 1 1 1 1 1 1 1 1 1 1 1 1 1 1 1 1 1 1 1 1 1 1 1 1 1 1 1 1 1 1 1 1 1 1 1 1 1 1 1 1 1 1 1 1 1 1 1 1 1 1 1 1 1 1 1 1 1 1 1 1 1 1 1 1 1 1 1 1 1 1 1 1 1 1 1 1 1 1 1 1 1 1 1 1 1 1 1 1 1 1 1 1 1 1 1 1 1 1 1 1 1 1 1 1 1 1 1 1 1 1 1 1 1 1 1 1 1 1 1 1 1 1 1 1 1 1 1 1 1 1 1 1 1 1 1 1 1 1 1 1 1 1 1 1 1 1 1 1 1 1 1 1 1 1 1 1 1 1 1 1 1 1 1 1 1 1 1 1 1 1 1 1 1 1 1 1 1 1 1 1 1 1 1 1 1 1 1 1 1 1 1 1 1 1 1 1 1 1 1 1 1 1 1 1 1 1 1 1 1 1 1 1 1 1 1 1 1 1 1 1 1 1 1 1 1 1 1 1 1 1 1 1 1 1 1 1 1 1 1 1 1 1 1 1 1 1 1 1 1 1 1 1 1 1 1 1 1 1 1 1 1 1 1 1 1 1 1 1 1 1 1 1 1 1 1 1 1 1 1 1 1 1 1 1 1 1 1 1 1 1 1 1 1 1 1 1 1 1 1 1 1 1 1 1 1 1 1 1 1 1 1 1 1 1 1 1 1 1 1 1 1 1 1 1 1 1 1 1 1 1 1 1 1 1 1 1 1 1 1 1 1 1 1 1 1 1 1 1 1 1 1 1 1 1 1 1 1 1 1 1 1 1 1 1 1 1 1 1 1 1 1 1 1 1 1 1 1 1 1 1 1 1 1 1 1 1 1 1 1 1 1 1 1 1 1 1 1 1 1 1 1 1 1 1 1 1 1 1 1 1 1 1 1 1 1 1 1 1 1 1 1 1 1 1 1 1 1 1 1 1 1 1 1 1 1 1 1 1 1 1 1 1 1 1 1 1 1 1 1 1 1 1 1 1 1 1 1 1 1 1 1 1 1 1 1 1 1 1 1 1 1 1 1 1 1 1 1 1 1 1 1 1 1 1 1 1 1 1 1 1 1 1 1 1 1 1 1 1 1 1 1 1 1 1 1 1 1 1 1 1 1 1 1 1 1 1 1 1 1 1 1 1 1 1 1 1 1 1 1 1 1 1 1 1 1 1 1 1 1 1 1 1 1 1 1 1 1 1 1 1 1 1 1 1 1 1 1 1 1 1 1 1 1 1 1 1 1 1 1 1 1 1 1 1 1 1 1 1 1 1 1 1 1 1 1 1 1 1 1 1 1 1 1 1 1 1 1 1 1 1 1 1 1 1 1 1 1 1 1 1 1 1 1 1 1 1 1 1 1 1 1 1 1 1 1 1 1 1 1 1 1 1 1 1 1 1 1 1 1 1 1 1 1 1 1 1 1 1 1 1 1 1 1 1 1 1 1 1 1 1 1 1 1 1 1 1 1 1 1 1 1 1 1 1 1 1 1 1 1 1 1 1 1 1 1 1 1 1 1 1 1 1 1 1 1 1 1 1 1 1 1 1 1 1 1 1 1 1 1 1 1 1 1 1 1 1 1 1 1 1 1 1 1 1 1 1 1 1 1 1 1 1 1 1 1 1 1 1 1 1 1 1 1 1 1 1 1 1 1 1 1 1 1 1 1 1 1 1 1 1 1 1 1 1 1 1 1 1 1 1 1 1 1 1 1 1 1 1 1 1 1 1 1 1 1 1 1 1 1 1 1 1 1 1 1 1 1 1 1 1 1 1 1 1 1 1 1 1 1 1 1 1 1 1 1 1 1 1 1 1 1 1 1 1 1 1 1 1 1 1 1 1 1 1 1 1 1 1 1 1 1 1 1 1 1 1 1 1 1 1 1 1 1 1 1 1 1 1 1 1 1 1 1 1 1 1 1 1 1 1 1 1 1 1 1 1 1 1 1 1 1 1 1 1 1 1 1 1 1 1 1 1 1 1 1 1 1 1 1 1 1 1 1 1 1 1 1 1 1 1 1 1 1 1 1 1 1 1 1 1 1 1 1 1 1 1 1 1 1 1 1 1 1 1 1 1 1 1 1 1 1 1 1 1 1 1 1 1 1 1 1 1 1 1 1 1 1 1 1 1 1 1 1 1 1 1 1 1 1 1 1 1 1 1 1 1 1 1 1 1 1 1 1 1 1 1 1 1 1 1 1 1 1 1 1 1 1 1 1 1 1 1 1 1 1 1 1 1 1 1 1 1 1 1 1 1 1 1 1 1 1 1 1 1 1 1 1 1 1 1 1 1 1 1 1 1 1 1 1 1 1 1 1 1 1 1 1 1 1 1 1 1 1 1 1 1 1 1 1 1 1 1 1 1 1 1 1 1 1 1 1 1 1 1 1 1 1 1 1 1 1 1 1 1 1 1 1 1 1 1 1 1 1 1 1 1 1 1 1 1 1 1 1 1 1 1 1 1 1 1 1 1 1 1 1 1 1 1 1 1 1 1 1 1 1 1 1 1 1 1 1 1 1 1 1 1 1 1 1 1 1 1 1 1 1 1 1 1 1 1 1 1 1 1 1 1 1 1 1 1 1 1 1 1 1 1 1 1 1 1 1 1 1 1 1 1 1 1 1 1 1 1 1 1 1 1 1 1 1 1 1 1 1 1 1 1 1 1 1 1 1 1 1 1 1 1 1 1 1 1 1 1 1 1 1 1 1 1 1 1 1 1 1 1 1 1 1 1 1 1 1 1 1 1 1 1 1 1 1 1 1 1 1 1 1 1 1 1 1 1 1 1 1 1 1 1 1 1 1 1 1 1 1 1 1 1 1 1 1 1 1 1 1 1 1 1 1 1 1 1 1 1 1 1 1 1 1 1 1 1 1 1 1 1 1 1 1 1 1 1 1 1 1 1 1 1 1 1 1 1 1 1 1 1 1 1 1 1 1 1 1 1 1 1 1 1 1 1 1 1 1 1 1 1 1 1 1 1 1 1 1 1 1 1 1 1 1 1 1 1 1 1 1 1 1 1 1 1 1 1 1 1 1 1 1 1 1 1 1 1 1 1 1 1 1 1 1 1 1 1 1 1 1 1 1 1 1 1 1 1 1 1 1 1 1 1 1 1 1 1 1 1 1 1 1 1 1 1 1 1 1 1 1 1 1 1 1 1 1 1 1 1 1 1 1 1 1 1 1 1 1 1 1 1 1 1 1 1 1 1 1 1 1 1 1 1 1 1 1 1 1 1 1 1 1 1 1 1 1 1 1 1 1 1 1 1 1 1 1 1 1 1 1 1 1 1 1 1 1 1 1 1 1 1 1 1 1 1 1 1 1 1 1 1 1 1 1 1 1 1 1 1 1 1 1 1 1 1 1 1 1 1 1 1 1 1 1 1 1 1 1 1 1 1 1 1 1 1 1 1 1 1 1 1 1 1 1 1 1 1 1 1 1 1 1 1 1 1 1 1 1 1 1 1 1 1 1 1 1 1 1 1 1 1 1 1 1 1 1 1 1 1 1 1 1 1 1 1 1 1 1 1 1 1 1 1 1 1 1 1 1 1 1 1 1 1 1 1 1 1 1 1 1 1 1 1 1 1 1 1 1 1 1 1 1 1 1 1 1 1 1 1 1 1 1 1 1 1 1 1 1 1 1 1 1 1 1 1 1 1 1 1 1 1 1 1 1 1 1 1 1 1 1 1 1 1 1 1 1 1 1 1 1 1 1 1 1 1 1 1 1 1 1 1 1 1 1 1 1 1 1 1 1 1 1 1 1 1 1 1 1 1 1 1 1 1 1 1 1 1 1 1 1 1 1 1 1 1 1 1 1 1 1 1 1 1 1 1 1 1 1 1 1 1 1 1 1 1 1 1 1 1 1 1 1 1 1 1 1 1 1 1 1 1 1 1 1 1 1 1 1 1 1 1 1 1 1 1 1 1 1 1 1 1 1 1 1 1 1 1 1 1 1 1 1 1 1 1 1 1 1 1 1 1 1 1 1 1 1 1 1 1 1 1 1 1 1 1 1 1 1 1 1 1 1 1 1 1 1 1 1 1 1 1 1 1 1 1 1 1 1 1 1 1 1 1 1 1 1 1 1 1 1 1 1 1 1 1 1 1 1 1 1 1 1 1 1 1 1 1 1 1 1 1 1 1 1 1 1 1 1 1 1 1 1 1 1 1 1 1 1 1 1 1 1 1 1 1 1 1 1 1 1 1 1 1 1 1 1 1 1 1 1 1 1 1 1 1 1 1 1 1 1 1 1 1 1 1 1 1 1 1 1 1 1 1 1 1 1 1 1 1 1 1 1 1 1 1 1 1 1 1 1 1 1 1 1 1 1 1 1 1 1 1 1 1 1 1 1 1 1 1 1 1 1 1 1 1 1 1 1 1 1 1 1 1 1 1 1 1 1 1 1 1 1 1 1 1 1 1 1 1 1 1 1 1 1 1 1 1 1 1 1 1 1 1 1 1 1 1 1 1 1 1 1 1 1 1 1 1 1 1 1 1 1 1 1 1 1 1 1 1 1 1 1 1 1 1 1 1 1 1 1 1 1 1 1 1 1 1 1 1 1 1 1 1 1 1 1 1 1 1 1 1 1 1 1 1 1 1 1 1 1 1 1 1 1 1 1 1 1 1 1 1 1 1 1 1 1 1 1 1 1 1 1 1 1 1 1 1 1 1 1 1 1 1 1 1 1 1 1 1 1 1 1 1 1 1 1 1 1 1 1 1 1 1 1 1 1 1 1 1 1 1 1 1 1 1 1 1 1 1 1 1 1 1 1 1 1 1 1 1 1 1 1 1 1 1 1 1 1 1 1 1 1 1 1 1 1 1 1 1 1 1 1 1 1 1 1 1 1 1 1 1 1 1 1 1 1 1 1 1 1 1 1 1 1 1 1 1 1 1 1 1 1 1 1 1 1 1 1 1 1 1 1 1 1 1 1 1 1 1 1 1 1 1 1 1 1 1 1 1 1 1 1 1 1 1 1 1 1 1 1 1 1 1 1 1 1 1 1 1 1 1 1 1 1 1 1 1 1 1 1 1 1 1 1 1 1 1 1 1 1 1 1 1 1 1 1 1 1 1 1 1 1 1 1 1 1 1 1 1 1 1 1 1 1 1 1 1 1 1 1 1 1 1 1 1 1 1 1 1 1 1 1 1 1 1 1 1 1 1 1 1 1 1 1 1 1 1 1 1 1 1 1 1 1 1 1 1 1 1 1 1 1 1 1 1 1 1 1 1 1 1 1 1 1 1 1 1 1 1 1 1 1 1 1 1 1 1 1 1 1 1 1 1 1 1 1 1 1 1 1 1 1 1 1 1 1 1 1 1 1 1 1 1 1 1 1 1 1 1 1 1 1 1 1 1 1 1 1 1 1 1 1 1 1 1 1 1 1 1 1 1 1 1 1 1 1 1 1 1 1 1 1 1 1 1 1 1 1 1 1 1 1 1 1 1 1 1 1 1 1 1 1 1 1 1 1 1 1 1 1 1 1 1 1 1 1 1 1 1 1 1 1 1 1 1 1 1 1 1 1 1 1 1 1 1 1 1 1 1 1 1 1 1 1 1 1 1 1 1 1 1 1 1 1 1 1 1 1 1 1 1 1 1 1 1 1 1 1 1 1 1 1 1 1 1 1 1 1 1 1 1 1 1 1 1 1 1 1 1 1 1 1 1 1 1 1 1 1 1 1 1 1 1 1 1 1 1 1 1 1 1 1 1 1 1 1 1 1 1 1 1 1 1 1 1 1 1 1 1 1 1 1 1 1 1 1 1 1 1 1 1 1 1 1 1 1 1 1 1 1 1 1 1 1 1 1 1 1 1 1 1 1 1 1 1 1 1 1 1 1 1 1 1 1 1 1 1 1 1 1 1 1 1 1 1 1 1 1 1 1 1 1 1 1 1 1 1 1 1 1 1 1 1 1 1 1 1 1 1 1 1 1 1 1 1 1 1 1 1 1 1 1 1 1 1 1 1 1 1 1 1 1 1 1 1 1 1 1 1 1 1 1 1 1 1 1 1 1 1 1 1 1 1 1 1 1 1 1 1 1 1 1 1 1 1 1 1 1 1 1 1 1 1 1 1 1 1 1 1 1 1 1 1 1 1 1 1 1 1 1 1 1 1 1 1 1 1 1 1 1 1 1 1 1 1 1 1 1 1 1 1 1 1 1 1 1 1 1 1 1 1 1 1 1 1 1 1 1 1 1 1 1 1 1 1 1 1 1 1 1 1 1 1 1 1 1 1 1 1 1 1 1 1 1 1 1 1 1 1 1 1 1 1 1 1 1 1 1 1 1 1 1 1 1 1 1 1 1 1 1 1 1 1 1 1 1 1 1 1 1 1 1 1 1 1 1 1 1 1 1 1 1 1 1 1 1 1 1 1 1 1 1 1 1 1 1 1 1 1 1 1 1 1 1 1 1 1 1 1 1 1 1 1 1 1 1 1 1 1 1 1 1 1 1 1 1 1 1 1 1 1 1 1 1 1 1 1 1 1 1 1 1 1 1 1 1 1 1 1 1 1 1 1 1 1 1 1 1 1 1 1 1 1 1 1 1 1 1 1 1 1 1 1 1 1 1 1 1 1 1 1 1 1 1 1 1 1 1 1 1 1 1 1 1 1</float_array>
          <technique_common>
            <accessor source="#Wheel_LOD300-mesh-colors-Attribute-array" count="3636" stride="4">
              <param name="R" type="float"/>
              <param name="G" type="float"/>
              <param name="B" type="float"/>
              <param name="A" type="float"/>
            </accessor>
          </technique_common>
        </source>
        <vertices id="Wheel_LOD300-mesh-vertices">
          <input semantic="POSITION" source="#Wheel_LOD300-mesh-positions"/>
        </vertices>
        <triangles material="Ratrod_Body-material" count="1212">
          <input semantic="VERTEX" source="#Wheel_LOD300-mesh-vertices" offset="0"/>
          <input semantic="NORMAL" source="#Wheel_LOD300-mesh-normals" offset="1"/>
          <input semantic="TEXCOORD" source="#Wheel_LOD300-mesh-map-0" offset="2" set="0"/>
          <input semantic="COLOR" source="#Wheel_LOD300-mesh-colors-Attribute" offset="3" set="0"/>
          <p>18 0 0 0 32 1 1 1 19 2 2 2 6 3 3 3 72 4 4 4 7 5 5 5 30 6 6 6 39 7 7 7 29 8 8 8 7 5 9 9 75 9 10 10 8 10 11 11 20 11 12 12 44 12 13 13 47 13 14 14 12 14 15 15 85 15 16 16 13 16 17 17 25 17 18 18 51 18 19 19 24 19 20 20 24 19 21 21 52 20 22 22 23 21 23 23 20 11 24 24 59 22 25 25 0 23 26 26 14 24 27 27 89 25 28 28 15 26 29 29 1 27 30 30 60 28 31 31 2 29 32 32 15 26 33 33 92 30 34 34 16 31 35 35 4 32 36 36 64 33 37 37 5 34 38 38 83 35 39 39 68 36 40 40 53 37 41 41 2 29 42 42 63 38 43 43 3 39 44 44 6 3 45 45 64 33 46 46 67 40 47 47 29 8 48 48 41 41 49 49 28 42 50 50 31 43 51 51 36 44 52 52 30 6 53 53 3 39 54 54 69 45 55 55 4 32 56 56 27 46 57 57 41 41 58 58 43 47 59 59 9 48 60 60 75 9 61 61 77 49 62 62 27 46 63 63 57 50 64 64 26 51 65 65 16 31 66 66 95 52 67 67 17 53 68 68 9 48 69 69 78 54 70 70 10 55 71 71 22 56 72 72 44 12 73 73 21 57 74 74 17 53 75 75 90 58 76 76 18 0 77 77 12 14 78 78 81 59 79 79 82 60 80 80 25 17 81 81 57 50 82 82 48 61 83 83 14 24 84 84 85 15 85 85 87 62 86 86 0 23 87 87 70 63 88 88 1 27 89 89 11 64 90 90 78 54 91 91 81 59 92 92 23 21 93 93 55 65 94 94 22 56 95 95 193 66 96 96 99 67 97 97 205 68 98 98 101 69 99 99 32 1 100 100 96 70 101 101 183 71 102 102 32 1 103 103 90 58 104 104 206 72 105 105 108 73 106 106 105 74 107 107 102 75 108 108 39 7 109 109 36 44 110 110 193 66 111 111 105 74 112 112 104 76 113 113 109 77 114 114 107 78 115 115 106 79 116 116 107 78 117 117 41 41 118 118 39 7 119 119 208 80 120 120 108 73 121 121 207 81 122 122 112 82 123 123 110 83 124 124 109 77 125 125 113 84 126 126 41 41 127 127 110 83 128 128 208 80 129 129 132 85 130 130 111 86 131 131 213 87 132 132 117 88 133 133 209 89 134 134 119 90 135 135 44 12 136 136 114 91 137 137 114 91 138 138 55 65 139 139 131 92 140 140 210 93 141 141 128 94 142 142 123 95 143 143 125 96 144 144 48 61 145 145 120 97 146 146 120 97 147 147 57 50 148 148 134 98 149 149 199 99 150 150 135 100 151 151 213 87 152 152 131 92 153 153 52 20 154 154 126 101 155 155 196 102 156 156 129 103 157 157 128 94 158 158 124 104 159 159 126 101 160 160 125 96 161 161 125 96 162 162 52 20 163 163 51 18 164 164 127 105 165 165 131 92 166 166 126 101 167 167 103 106 168 168 101 69 169 169 100 107 170 170 101 69 171 171 36 44 172 172 35 108 173 173 106 79 174 174 102 75 175 175 103 106 176 176 133 109 177 177 113 84 178 178 112 82 179 179 134 98 180 180 43 47 181 181 113 84 182 182 130 110 183 183 114 91 184 184 131 92 185 185 136 111 186 186 119 90 187 187 118 112 188 188 137 113 189 189 47 13 190 190 119 90 191 191 121 114 192 192 134 98 193 193 133 109 194 194 194 115 195 195 117 88 196 196 116 116 197 197 115 117 198 198 119 90 199 199 114 91 200 200 194 115 201 201 129 103 202 202 211 118 203 203 214 119 204 204 150 120 205 205 141 121 206 206 138 122 207 207 63 38 208 208 60 28 209 209 138 122 210 210 70 63 211 211 153 123 212 212 215 124 213 213 158 125 214 214 147 126 215 215 144 127 216 216 67 40 217 217 64 33 218 218 152 128 219 219 64 33 220 220 69 45 221 221 151 129 222 222 143 130 223 223 142 131 224 224 143 130 225 225 69 45 226 226 63 38 227 227 145 132 228 228 152 128 229 229 151 129 230 230 197 133 231 231 141 121 232 232 140 134 233 233 139 135 234 234 143 130 235 235 138 122 236 236 199 99 237 237 140 134 238 238 155 136 239 239 218 137 240 240 159 138 241 241 217 139 242 242 156 140 243 243 75 9 244 244 72 4 245 245 217 139 246 246 158 125 247 247 200 141 248 248 163 142 249 249 161 143 250 250 160 144 251 251 161 143 252 252 77 49 253 253 75 9 254 254 201 145 255 255 162 146 256 256 218 137 257 257 202 147 258 258 168 148 259 259 219 149 260 260 170 150 261 261 78 54 262 262 165 151 263 263 201 145 264 264 168 148 265 265 167 152 266 266 220 153 267 267 177 154 268 268 174 155 269 269 171 156 270 270 85 15 271 271 82 60 272 272 202 147 273 273 174 155 274 274 173 157 275 275 166 158 276 276 164 159 277 277 163 142 278 278 164 159 279 279 78 54 280 280 77 49 281 281 169 160 282 282 165 151 283 283 166 158 284 284 198 161 285 285 147 126 286 286 146 162 287 287 148 163 288 288 144 127 289 289 145 132 290 290 216 164 291 291 146 162 292 292 150 120 293 293 148 163 294 294 156 140 295 295 149 165 296 296 149 165 297 297 72 4 298 298 67 40 299 299 160 144 300 300 156 140 301 301 157 166 302 302 169 160 303 303 171 156 304 304 170 150 305 305 171 156 306 306 81 59 307 307 170 150 308 308 172 167 309 309 176 168 310 310 171 156 311 311 210 93 312 312 122 169 313 313 195 170 314 314 124 104 315 315 120 97 316 316 121 114 317 317 195 170 318 318 132 85 319 319 212 171 320 320 175 172 321 321 179 173 322 322 176 168 323 323 176 168 324 324 87 62 325 325 85 15 326 326 221 174 327 327 180 175 328 328 177 154 329 329 178 176 330 330 182 177 331 331 179 173 332 332 182 177 333 333 87 62 334 334 179 173 335 335 204 178 336 336 180 175 337 337 222 179 338 338 136 111 339 339 153 123 340 340 137 113 341 341 137 113 342 342 70 63 343 343 59 22 344 344 154 180 345 345 138 122 346 346 153 123 347 347 205 68 348 348 98 181 349 349 192 182 350 350 100 107 351 351 96 70 352 352 97 183 353 353 192 182 354 354 185 184 355 355 203 185 356 356 191 186 357 357 92 30 358 358 186 187 359 359 223 188 360 360 188 189 361 361 204 178 362 362 187 190 363 363 191 186 364 364 186 187 365 365 183 71 366 366 95 52 367 367 191 186 368 368 223 188 369 369 185 184 370 370 189 191 371 371 181 192 372 372 186 187 373 373 182 177 374 374 186 187 375 375 89 25 376 376 182 177 377 377 190 193 378 378 183 71 379 379 191 186 380 380 19 2 381 381 35 108 382 382 31 43 383 383 97 183 384 384 99 67 385 385 100 107 386 386 106 79 387 387 104 76 388 388 105 74 389 389 109 77 390 390 105 74 391 391 108 73 392 392 112 82 393 393 108 73 394 394 111 86 395 395 118 112 396 396 116 116 397 397 117 88 398 398 121 114 399 399 123 95 400 400 124 104 401 401 127 105 402 402 129 103 403 403 130 110 404 404 127 105 405 405 123 95 406 406 128 94 407 407 103 106 408 408 99 67 409 409 104 76 410 410 112 82 411 411 132 85 412 412 133 109 413 413 136 111 414 414 117 88 415 415 135 100 416 416 130 110 417 417 116 116 418 418 115 117 419 419 139 135 420 420 141 121 421 421 142 131 422 422 148 163 423 423 146 162 424 424 147 126 425 425 142 131 426 426 150 120 427 427 151 129 428 428 154 180 429 429 140 134 430 430 139 135 431 431 157 166 432 432 159 138 433 433 160 144 434 434 163 142 435 435 159 138 436 436 162 146 437 437 169 160 438 438 167 152 439 439 168 148 440 440 175 172 441 441 173 157 442 442 174 155 443 443 163 142 444 444 167 152 445 445 166 158 446 446 151 129 447 447 146 162 448 448 145 132 449 449 148 163 450 450 158 125 451 451 157 166 452 452 169 160 453 453 173 157 454 454 172 167 455 455 121 114 456 456 132 85 457 457 122 169 458 458 175 172 459 459 177 154 460 460 178 176 461 461 178 176 462 462 180 175 463 463 181 192 464 464 136 111 465 465 155 136 466 466 154 180 467 467 97 183 468 468 185 184 469 469 98 181 470 470 187 190 471 471 189 191 472 472 190 193 473 473 184 194 474 474 189 191 475 475 185 184 476 476 181 192 477 477 188 189 478 478 187 190 479 479 184 194 480 480 96 70 481 481 183 71 482 482 224 195 483 483 205 68 484 484 192 182 485 485 226 196 486 486 206 72 487 487 193 66 488 488 228 197 489 489 206 72 490 490 227 198 491 491 228 197 492 492 208 80 493 493 207 81 494 494 231 199 495 495 194 115 496 496 230 200 497 497 232 201 498 498 210 93 499 499 195 170 500 500 234 202 501 501 211 118 502 502 196 102 503 503 234 202 504 504 210 93 505 505 233 203 506 506 226 196 507 507 205 68 508 508 225 204 509 509 236 205 510 510 208 80 511 511 229 206 512 512 231 199 513 513 213 87 514 514 209 89 515 515 235 207 516 516 194 115 517 517 211 118 518 518 239 208 519 519 197 133 520 520 238 209 521 521 241 210 522 522 198 161 523 523 240 211 524 524 239 208 525 525 216 164 526 526 214 119 527 527 243 212 528 528 197 133 529 529 199 99 530 530 244 213 531 531 217 139 532 532 200 141 533 533 246 214 534 534 217 139 535 535 245 215 536 536 248 216 537 537 201 145 538 538 247 217 539 539 250 218 540 540 202 147 541 541 249 219 542 542 247 217 543 543 218 137 544 544 246 214 545 545 240 211 546 546 216 164 547 547 242 220 548 548 241 210 549 549 200 141 550 550 215 124 551 551 249 219 552 552 219 149 553 553 248 216 554 554 236 205 555 555 195 170 556 556 212 171 557 557 250 218 558 558 221 174 559 559 220 153 560 560 252 221 561 561 221 174 562 562 251 222 563 563 243 212 564 564 213 87 565 565 237 223 566 566 224 195 567 567 203 185 568 568 253 224 569 569 255 225 570 570 204 178 571 571 254 226 572 572 255 225 573 573 203 185 574 574 223 188 575 575 254 226 576 576 222 179 577 577 252 221 578 578 257 227 579 579 224 228 580 580 256 229 581 581 259 230 582 582 226 231 583 583 258 232 584 584 259 230 585 585 228 233 586 586 227 234 587 587 260 235 588 588 229 236 589 589 228 233 590 590 263 237 591 591 230 238 592 592 262 239 593 593 265 240 594 594 232 241 595 595 264 242 596 596 267 243 597 597 234 244 598 598 266 245 599 599 265 240 600 600 234 244 601 601 233 246 602 602 258 232 603 603 225 247 604 604 257 227 605 605 268 248 606 606 229 236 607 607 261 249 608 608 263 237 609 609 237 250 610 610 231 251 611 611 267 243 612 612 230 238 613 613 235 252 614 614 271 253 615 615 238 254 616 616 270 255 617 617 272 256 618 618 241 257 619 619 240 258 620 620 274 259 621 621 239 260 622 622 271 253 623 623 270 255 624 624 243 261 625 625 275 262 626 626 276 263 627 627 245 264 628 628 244 265 629 629 277 266 630 630 246 267 631 631 245 264 632 632 279 268 633 633 248 269 634 634 247 270 635 635 281 271 636 636 250 272 637 637 249 273 638 638 279 268 639 639 246 267 640 640 278 274 641 641 272 256 642 642 242 275 643 643 274 259 644 644 273 276 645 645 244 265 646 646 241 257 647 647 281 271 648 648 248 269 649 649 280 277 650 650 264 242 651 651 236 278 652 652 268 248 653 653 282 279 654 654 251 280 655 655 250 272 656 656 283 281 657 657 252 282 658 658 251 280 659 659 275 262 660 660 237 250 661 661 269 283 662 662 285 284 663 663 224 228 664 664 253 285 665 665 287 286 666 666 254 287 667 667 286 288 668 668 287 286 669 669 253 285 670 670 255 289 671 671 286 288 672 672 252 282 673 673 284 290 674 674 289 291 675 675 256 292 676 676 288 293 677 677 290 294 678 678 259 295 679 679 258 296 680 680 291 295 681 681 260 295 682 682 259 295 683 683 292 297 684 684 261 298 685 685 260 295 686 686 295 299 687 687 262 300 688 688 294 301 689 689 296 302 690 690 265 303 691 691 264 304 692 692 298 305 693 693 267 306 694 694 266 307 695 695 297 308 696 696 266 307 697 697 265 303 698 698 290 294 699 699 257 309 700 700 289 291 701 701 293 310 702 702 268 311 703 703 261 298 704 704 301 295 705 705 263 295 706 706 295 299 707 707 299 312 708 708 262 300 709 709 267 306 710 710 302 313 711 711 271 314 712 712 270 315 713 713 304 316 714 714 273 317 715 715 272 318 716 716 306 319 717 717 271 314 718 718 303 320 719 719 302 313 720 720 275 321 721 721 307 322 722 722 309 323 723 723 276 324 724 724 308 325 725 725 310 326 726 726 277 327 727 727 309 323 728 728 312 328 729 729 279 329 730 730 311 330 731 731 314 331 732 732 281 332 733 733 313 333 734 734 311 330 735 735 278 334 736 736 310 326 737 737 306 319 738 738 272 318 739 739 274 335 740 740 308 325 741 741 273 317 742 742 305 336 743 743 313 333 744 744 280 337 745 745 312 328 746 746 300 338 747 747 264 304 748 748 268 311 749 749 315 339 750 750 282 340 751 751 314 331 752 752 316 341 753 753 283 342 754 754 315 339 755 755 307 322 756 756 269 343 757 757 301 295 758 758 317 344 759 759 256 292 760 760 285 345 761 761 319 346 762 762 286 347 763 763 318 348 764 764 317 344 765 765 287 295 766 766 319 346 767 767 316 341 768 768 286 347 769 769 284 295 770 770 93 349 771 771 316 350 772 772 88 351 773 773 91 352 774 774 319 353 775 775 94 354 776 776 94 354 777 777 318 355 778 778 93 349 779 779 33 356 780 780 317 357 781 781 91 352 782 782 58 358 783 783 307 359 784 784 301 360 785 785 88 351 786 786 315 361 787 787 86 362 788 788 84 363 789 789 315 361 790 790 314 364 791 791 49 365 792 792 300 366 793 793 56 367 794 794 80 368 795 795 313 369 796 796 312 370 797 797 66 371 798 798 308 372 799 799 305 373 800 800 68 374 801 801 304 375 802 802 306 376 803 803 76 377 804 804 311 378 805 805 310 379 806 806 84 363 807 807 313 369 808 808 83 380 809 809 80 368 810 810 311 378 811 811 79 381 812 812 76 377 813 813 309 382 814 814 74 383 815 815 74 383 816 816 308 372 817 817 73 384 818 818 61 385 819 819 307 359 820 820 71 386 821 821 68 374 822 822 303 387 823 823 62 388 824 824 66 371 825 825 304 375 826 826 65 389 827 827 62 388 828 828 302 390 829 829 61 385 830 830 45 391 831 831 299 392 832 832 54 393 833 833 58 358 834 834 295 394 835 835 46 395 836 836 56 367 837 837 293 396 838 838 42 397 839 839 37 398 840 840 289 399 841 841 34 400 842 842 53 401 843 843 297 402 844 844 50 403 845 845 53 401 846 846 299 392 847 847 298 404 848 848 49 365 849 849 297 402 850 850 296 405 851 851 45 391 852 852 295 394 853 853 294 406 854 854 42 397 855 855 292 407 856 856 40 408 857 857 38 409 858 858 292 407 859 859 291 410 860 860 37 398 861 861 291 410 862 862 290 411 863 863 33 356 864 864 289 399 865 865 288 412 866 866 320 413 867 867 18 0 868 868 19 2 869 869 360 414 870 870 6 3 871 871 7 5 872 872 29 8 873 873 324 415 874 874 30 6 875 875 8 10 876 876 360 414 877 877 7 5 878 878 335 416 879 879 21 57 880 880 20 11 881 881 373 417 882 882 12 14 883 883 13 16 884 884 24 19 885 885 336 418 886 886 25 17 887 887 23 21 888 888 339 419 889 889 24 19 890 890 347 420 891 891 20 11 892 892 0 23 893 893 15 26 894 894 375 421 895 895 14 24 896 896 348 422 897 897 1 27 898 898 2 29 899 899 380 423 900 900 15 26 901 901 16 31 902 902 352 424 903 903 4 32 904 904 5 34 905 905 337 425 906 906 349 426 907 907 367 427 908 908 351 428 909 909 2 29 910 910 3 39 911 911 355 429 912 912 5 34 913 913 6 3 914 914 329 430 915 915 29 8 916 916 28 42 917 917 324 415 918 918 31 43 919 919 30 6 920 920 357 431 921 921 3 39 922 922 4 32 923 923 331 432 924 924 28 42 925 925 27 46 926 926 365 433 927 927 8 10 928 928 9 48 929 929 26 51 930 930 331 432 931 931 27 46 932 932 383 434 933 933 16 31 934 934 17 53 935 935 10 55 936 936 365 433 937 937 9 48 938 938 21 57 939 939 343 435 940 940 22 56 941 941 378 436 942 942 17 53 943 943 18 0 944 944 370 437 945 945 11 64 946 946 12 14 947 947 336 418 948 948 26 51 949 949 25 17 950 950 375 421 951 951 13 16 952 952 14 24 953 953 358 438 954 954 0 23 955 955 1 27 956 956 369 439 957 957 10 55 958 958 11 64 959 959 343 435 960 960 23 21 961 961 22 56 962 962 387 440 963 963 481 441 964 964 493 442 965 965 320 413 966 966 389 443 967 967 384 444 968 968 471 445 969 969 320 413 970 970 384 444 971 971 494 446 972 972 396 447 973 973 495 448 974 974 390 449 975 975 327 450 976 976 395 451 977 977 481 441 978 978 393 452 979 979 494 446 980 980 395 451 981 981 397 453 982 982 394 454 983 983 395 451 984 984 329 430 985 985 398 455 986 986 396 447 987 987 496 456 988 988 495 448 989 989 398 455 990 990 400 457 991 991 397 453 992 992 329 430 993 993 401 458 994 994 398 455 995 995 496 456 996 996 420 459 997 997 500 460 998 998 405 461 999 999 501 462 1000 1000 497 463 1001 1001 332 464 1002 1002 407 465 1003 1003 402 466 1004 1004 343 435 1005 1005 402 466 1006 1006 419 467 1007 1007 498 468 1008 1008 416 469 1009 1009 484 470 1010 1010 336 418 1011 1011 413 471 1012 1012 408 472 1013 1013 345 473 1014 1014 408 472 1015 1015 422 474 1016 1016 423 475 1017 1017 487 476 1018 1018 501 462 1019 1019 340 477 1020 1020 419 467 1021 1021 414 478 1022 1022 484 470 1023 1023 417 479 1024 1024 499 480 1025 1025 412 481 1026 1026 414 478 1027 1027 415 482 1028 1028 413 471 1029 1029 340 477 1030 1030 414 478 1031 1031 415 482 1032 1032 419 467 1033 1033 418 483 1034 1034 389 443 1035 1035 391 484 1036 1036 388 485 1037 1037 389 443 1038 1038 324 415 1039 1039 390 449 1040 1040 390 449 1041 1041 394 454 1042 1042 391 484 1043 1043 401 458 1044 1044 421 486 1045 1045 400 457 1046 1046 331 432 1047 1047 422 474 1048 1048 401 458 1049 1049 418 483 1050 1050 402 466 1051 1051 403 487 1052 1052 407 465 1053 1053 424 488 1054 1054 406 489 1055 1055 335 416 1056 1056 425 490 1057 1057 407 465 1058 1058 422 474 1059 1059 409 491 1060 1060 421 486 1061 1061 482 492 1062 1062 405 461 1063 1063 497 463 1064 1064 403 487 1065 1065 407 465 1066 1066 406 489 1067 1067 499 480 1068 1068 404 493 1069 1069 482 492 1070 1070 502 494 1071 1071 438 495 1072 1072 504 496 1073 1073 426 497 1074 1074 351 428 1075 1075 431 498 1076 1076 358 438 1077 1077 426 497 1078 1078 441 499 1079 1079 503 500 1080 1080 446 501 1081 1081 488 502 1082 1082 432 503 1083 1083 355 429 1084 1084 437 504 1085 1085 440 505 1086 1086 352 424 1087 1087 432 503 1088 1088 431 498 1089 1089 439 506 1090 1090 430 507 1091 1091 431 498 1092 1092 357 431 1093 1093 440 505 1094 1094 440 505 1095 1095 433 508 1096 1096 439 506 1097 1097 485 509 1098 1098 429 510 1099 1099 502 494 1100 1100 427 511 1101 1101 431 498 1102 1102 430 507 1103 1103 487 476 1104 1104 428 512 1105 1105 485 509 1106 1106 447 513 1107 1107 506 514 1108 1108 505 515 1109 1109 444 516 1110 1110 363 517 1111 1111 449 518 1112 1112 446 501 1113 1113 505 515 1114 1114 488 502 1115 1115 449 518 1116 1116 451 519 1117 1117 448 520 1118 1118 449 518 1119 1119 365 433 1120 1120 452 521 1121 1121 450 522 1122 1122 489 523 1123 1123 506 514 1124 1124 456 524 1125 1125 490 525 1126 1126 507 526 1127 1127 366 527 1128 1128 458 528 1129 1129 453 529 1130 1130 489 523 1131 1131 456 524 1132 1132 507 526 1133 1133 508 530 1134 1134 465 531 1135 1135 509 532 1136 1136 459 533 1137 1137 373 417 1138 1138 464 534 1139 1139 490 525 1140 1140 462 535 1141 1141 508 530 1142 1142 452 521 1143 1143 454 536 1144 1144 451 519 1145 1145 452 521 1146 1146 366 527 1147 1147 453 529 1148 1148 453 529 1149 1149 457 537 1150 1150 454 536 1151 1151 486 538 1152 1152 435 539 1153 1153 503 500 1154 1154 432 503 1155 1155 436 540 1156 1156 433 508 1157 1157 504 496 1158 1158 434 541 1159 1159 486 538 1160 1160 436 540 1161 1161 444 516 1162 1162 445 542 1163 1163 437 504 1164 1164 360 414 1165 1165 444 516 1166 1166 444 516 1167 1167 448 520 1168 1168 445 542 1169 1169 457 537 1170 1170 459 533 1171 1171 460 543 1172 1172 369 439 1173 1173 459 533 1174 1174 458 528 1175 1175 460 543 1176 1176 464 534 1177 1177 463 544 1178 1178 410 545 1179 1179 498 468 1180 1180 483 546 1181 1181 408 472 1182 1182 412 481 1183 1183 409 491 1184 1184 420 459 1185 1185 483 546 1186 1186 500 460 1187 1187 463 544 1188 1188 467 547 1189 1189 466 548 1190 1190 464 534 1191 1191 375 421 1192 1192 467 547 1193 1193 509 532 1194 1194 468 549 1195 1195 510 550 1196 1196 466 548 1197 1197 470 551 1198 1198 469 552 1199 1199 375 421 1200 1200 470 551 1201 1201 467 547 1202 1202 468 549 1203 1203 492 553 1204 1204 510 550 1205 1205 424 488 1206 1206 441 499 1207 1207 442 554 1208 1208 347 420 1209 1209 441 499 1210 1210 425 490 1211 1211 442 554 1212 1212 426 497 1213 1213 427 511 1214 1214 386 555 1215 1215 493 442 1216 1216 480 556 1217 1217 384 444 1218 1218 388 485 1219 1219 385 557 1220 1220 473 558 1221 1221 480 556 1222 1222 491 559 1223 1223 380 423 1224 1224 479 560 1225 1225 474 561 1226 1226 476 562 1227 1227 511 563 1228 1228 492 553 1229 1229 475 564 1230 1230 479 560 1231 1231 478 565 1232 1232 383 434 1233 1233 471 445 1234 1234 479 560 1235 1235 511 563 1236 1236 473 558 1237 1237 491 559 1238 1238 469 552 1239 1239 474 561 1240 1240 475 564 1241 1241 377 566 1242 1242 474 561 1243 1243 470 551 1244 1244 478 565 1245 1245 471 445 1246 1246 472 567 1247 1247 323 568 1248 1248 19 2 1249 1249 31 43 1250 1250 387 440 1251 1251 385 557 1252 1252 388 485 1253 1253 394 454 1254 1254 392 569 1255 1255 391 484 1256 1256 397 453 1257 1257 393 452 1258 1258 394 454 1259 1259 400 457 1260 1260 396 447 1261 1261 397 453 1262 1262 406 489 1263 1263 404 493 1264 1264 403 487 1265 1265 411 570 1266 1266 409 491 1267 1267 412 481 1268 1268 417 479 1269 1269 415 482 1270 1270 418 483 1271 1271 415 482 1272 1272 411 570 1273 1273 412 481 1274 1274 391 484 1275 1275 387 440 1276 1276 388 485 1277 1277 420 459 1278 1278 400 457 1279 1279 421 486 1280 1280 424 488 1281 1281 405 461 1282 1282 406 489 1283 1283 404 493 1284 1284 418 483 1285 1285 403 487 1286 1286 429 510 1287 1287 427 511 1288 1288 430 507 1289 1289 436 540 1290 1290 434 541 1291 1291 433 508 1292 1292 438 495 1293 1293 430 507 1294 1294 439 506 1295 1295 428 512 1296 1296 442 554 1297 1297 427 511 1298 1298 447 513 1299 1299 445 542 1300 1300 448 520 1301 1301 451 519 1302 1302 447 513 1303 1303 448 520 1304 1304 457 537 1305 1305 455 571 1306 1306 454 536 1307 1307 463 544 1308 1308 461 572 1309 1309 460 543 1310 1310 455 571 1311 1311 451 519 1312 1312 454 536 1313 1313 434 541 1314 1314 439 506 1315 1315 433 508 1316 1316 446 501 1317 1317 436 540 1318 1318 445 542 1319 1319 461 572 1320 1320 457 537 1321 1321 460 543 1322 1322 409 491 1323 1323 420 459 1324 1324 421 486 1325 1325 465 531 1326 1326 463 544 1327 1327 466 548 1328 1328 468 549 1329 1329 466 548 1330 1330 469 552 1331 1331 443 573 1332 1332 424 488 1333 1333 442 554 1334 1334 385 557 1335 1335 473 558 1336 1336 472 567 1337 1337 477 574 1338 1338 475 564 1339 1339 478 565 1340 1340 472 567 1341 1341 477 574 1342 1342 478 565 1343 1343 476 562 1344 1344 469 552 1345 1345 475 564 1346 1346 472 567 1347 1347 384 444 1348 1348 385 557 1349 1349 512 575 1350 1350 493 442 1351 1351 513 576 1352 1352 514 577 1353 1353 494 446 1354 1354 515 578 1355 1355 494 446 1356 1356 516 579 1357 1357 515 578 1358 1358 516 579 1359 1359 496 456 1360 1360 517 580 1361 1361 482 492 1362 1362 519 581 1363 1363 518 582 1364 1364 520 583 1365 1365 498 468 1366 1366 521 584 1367 1367 522 585 1368 1368 499 480 1369 1369 523 586 1370 1370 498 468 1371 1371 522 585 1372 1372 521 584 1373 1373 493 442 1374 1374 514 577 1375 1375 513 576 1376 1376 496 456 1377 1377 524 587 1378 1378 517 580 1379 1379 519 581 1380 1380 501 462 1381 1381 525 588 1382 1382 523 586 1383 1383 482 492 1384 1384 518 582 1385 1385 485 509 1386 1386 527 589 1387 1387 526 590 1388 1388 486 538 1389 1389 529 591 1390 1390 528 592 1391 1391 527 589 1392 1392 504 496 1393 1393 530 593 1394 1394 531 594 1395 1395 485 509 1396 1396 526 590 1397 1397 532 595 1398 1398 505 515 1399 1399 533 596 1400 1400 505 515 1401 1401 534 597 1402 1402 533 596 1403 1403 489 523 1404 1404 536 598 1405 1405 535 599 1406 1406 490 525 1407 1407 538 600 1408 1408 537 601 1409 1409 506 514 1410 1410 535 599 1411 1411 534 597 1412 1412 504 496 1413 1413 528 592 1414 1414 530 593 1415 1415 529 591 1416 1416 488 502 1417 1417 532 595 1418 1418 507 526 1419 1419 537 601 1420 1420 536 598 1421 1421 524 587 1422 1422 483 546 1423 1423 520 583 1424 1424 538 600 1425 1425 509 532 1426 1426 539 602 1427 1427 509 532 1428 1428 540 603 1429 1429 539 602 1430 1430 501 462 1431 1431 531 594 1432 1432 525 588 1433 1433 491 559 1434 1434 512 575 1435 1435 541 604 1436 1436 492 553 1437 1437 543 605 1438 1438 542 606 1439 1439 543 605 1440 1440 491 559 1441 1441 541 604 1442 1442 510 550 1443 1443 542 606 1444 1444 540 603 1445 1445 544 607 1446 1446 513 608 1447 1447 545 609 1448 1448 514 610 1449 1449 547 611 1450 1450 546 612 1451 1451 547 611 1452 1452 516 613 1453 1453 548 614 1454 1454 548 614 1455 1455 517 615 1456 1456 549 616 1457 1457 518 617 1458 1458 551 618 1459 1459 550 619 1460 1460 520 620 1461 1461 553 621 1462 1462 552 622 1463 1463 522 623 1464 1464 555 624 1465 1465 554 625 1466 1466 553 621 1467 1467 522 623 1468 1468 554 625 1469 1469 513 608 1470 1470 546 612 1471 1471 545 609 1472 1472 517 615 1473 1473 556 626 1474 1474 549 616 1475 1475 551 618 1476 1476 525 627 1477 1477 557 628 1478 1478 555 624 1479 1479 518 617 1480 1480 550 619 1481 1481 526 629 1482 1482 559 630 1483 1483 558 631 1484 1484 560 632 1485 1485 529 633 1486 1486 561 634 1487 1487 527 635 1488 1488 562 636 1489 1489 559 630 1490 1490 531 637 1491 1491 558 631 1492 1492 563 638 1493 1493 564 639 1494 1494 533 640 1495 1495 565 641 1496 1496 565 641 1497 1497 534 642 1498 1498 566 643 1499 1499 567 644 1500 1500 536 645 1501 1501 568 646 1502 1502 569 647 1503 1503 538 648 1504 1504 570 649 1505 1505 534 642 1506 1506 567 644 1507 1507 566 643 1508 1508 530 650 1509 1509 560 632 1510 1510 562 636 1511 1511 561 634 1512 1512 532 651 1513 1513 564 639 1514 1514 536 645 1515 1515 569 647 1516 1516 568 646 1517 1517 524 652 1518 1518 552 622 1519 1519 556 626 1520 1520 570 649 1521 1521 539 653 1522 1522 571 654 1523 1523 571 654 1524 1524 540 655 1525 1525 572 656 1526 1526 525 627 1527 1527 563 638 1528 1528 557 628 1529 1529 573 657 1530 1530 512 658 1531 1531 544 607 1532 1532 542 659 1533 1533 575 660 1534 1534 574 661 1535 1535 575 660 1536 1536 541 662 1537 1537 573 657 1538 1538 540 655 1539 1539 574 661 1540 1540 572 656 1541 1541 544 663 1542 1542 577 664 1543 1543 576 665 1544 1544 578 666 1545 1545 547 667 1546 1546 579 668 1547 1547 579 668 1548 1548 548 669 1549 1549 580 670 1550 1550 580 670 1551 1551 549 671 1552 1552 581 672 1553 1553 550 673 1554 1554 583 674 1555 1555 582 675 1556 1556 584 676 1557 1557 553 677 1558 1558 585 678 1559 1559 586 679 1560 1560 555 680 1561 1561 587 681 1562 1562 585 678 1563 1563 554 682 1564 1564 586 679 1565 1565 545 683 1566 1566 578 666 1567 1567 577 664 1568 1568 581 672 1569 1569 556 684 1570 1570 588 685 1571 1571 551 668 1572 1572 589 668 1573 1573 583 674 1574 1574 587 681 1575 1575 550 673 1576 1576 582 675 1577 1577 590 686 1578 1578 559 687 1579 1579 591 688 1580 1580 592 689 1581 1581 561 690 1582 1582 593 668 1583 1583 559 687 1584 1584 594 691 1585 1585 591 688 1586 1586 563 692 1587 1587 590 686 1588 1588 595 693 1589 1589 564 694 1590 1590 597 695 1591 1591 596 696 1592 1592 565 697 1593 1593 598 698 1594 1594 597 695 1595 1595 567 699 1596 1596 600 700 1597 1597 599 701 1598 1598 569 702 1599 1599 602 703 1600 1600 601 704 1601 1601 566 705 1602 1602 599 701 1603 1603 598 698 1604 1604 594 691 1605 1605 560 706 1606 1606 592 689 1607 1607 561 690 1608 1608 596 696 1609 1609 593 668 1610 1610 568 707 1611 1611 601 704 1612 1612 600 700 1613 1613 588 685 1614 1614 552 708 1615 1615 584 676 1616 1616 570 709 1617 1617 603 710 1618 1618 602 703 1619 1619 571 711 1620 1620 604 712 1621 1621 603 710 1622 1622 557 668 1623 1623 595 693 1624 1624 589 668 1625 1625 605 713 1626 1626 544 663 1627 1627 576 665 1628 1628 574 714 1629 1629 607 715 1630 1630 606 716 1631 1631 575 717 1632 1632 605 713 1633 1633 607 715 1634 1634 604 712 1635 1635 574 714 1636 1636 606 716 1637 1637 604 718 1638 1638 381 719 1639 1639 376 720 1640 1640 607 721 1641 1641 379 722 1642 1642 382 723 1643 1643 606 724 1644 1644 382 723 1645 1645 381 719 1646 1646 605 725 1647 1647 321 726 1648 1648 379 722 1649 1649 346 727 1650 1650 595 728 1651 1651 359 729 1652 1652 603 730 1653 1653 376 720 1654 1654 374 731 1655 1655 372 732 1656 1656 603 730 1657 1657 374 731 1658 1658 588 733 1659 1659 337 734 1660 1660 344 735 1661 1661 368 736 1662 1662 601 737 1663 1663 371 738 1664 1664 354 739 1665 1665 596 740 1666 1666 361 741 1667 1667 356 742 1668 1668 592 743 1669 1669 353 744 1670 1670 364 745 1671 1671 599 746 1672 1672 367 747 1673 1673 601 737 1674 1674 372 732 1675 1675 371 738 1676 1676 599 746 1677 1677 368 736 1678 1678 367 747 1679 1679 597 748 1680 1680 364 745 1681 1681 362 749 1682 1682 596 740 1683 1683 362 749 1684 1684 361 741 1685 1685 595 728 1686 1686 349 750 1687 1687 359 729 1688 1688 591 751 1689 1689 356 742 1690 1690 350 752 1691 1691 592 743 1692 1692 354 739 1693 1693 353 744 1694 1694 590 753 1695 1695 350 752 1696 1696 349 750 1697 1697 587 754 1698 1698 333 755 1699 1699 342 756 1700 1700 583 757 1701 1701 346 727 1702 1702 334 758 1703 1703 581 759 1704 1704 344 735 1705 1705 330 760 1706 1706 577 761 1707 1707 325 762 1708 1708 322 763 1709 1709 585 764 1710 1710 341 765 1711 1711 338 766 1712 1712 341 765 1713 1713 587 754 1714 1714 342 756 1715 1715 337 734 1716 1716 585 764 1717 1717 338 766 1718 1718 333 755 1719 1719 583 757 1720 1720 334 758 1721 1721 580 767 1722 1722 330 760 1723 1723 328 768 1724 1724 579 769 1725 1725 328 768 1726 1726 326 770 1727 1727 325 762 1728 1728 579 769 1729 1729 326 770 1730 1730 321 726 1731 1731 577 761 1732 1732 322 763 1733 1733 18 0 1734 1734 90 58 1735 1735 32 1 1736 1736 6 3 1737 1737 67 40 1738 1738 72 4 1739 1739 30 6 1740 1740 36 44 1741 1741 39 7 1742 1742 7 5 1743 1743 72 4 1744 1744 75 9 1745 1745 20 11 1746 1746 21 57 1747 1747 44 12 1748 1748 12 14 1749 1749 82 60 1750 1750 85 15 1751 1751 25 17 1752 1752 48 61 1753 1753 51 18 1754 1754 24 19 1755 1755 51 18 1756 1756 52 20 1757 1757 20 11 1758 1758 47 13 1759 1759 59 22 1760 1760 14 24 1761 1761 87 62 1762 1762 89 25 1763 1763 1 27 1764 1764 70 63 1765 1765 60 28 1766 1766 15 26 1767 1767 89 25 1768 1768 92 30 1769 1769 4 32 1770 1770 69 45 1771 1771 64 33 1772 1772 34 771 1773 1773 33 772 1774 1774 91 773 1775 1775 91 773 1776 1776 94 774 1777 1777 34 771 1778 1778 94 774 1779 1779 93 775 1780 1780 34 771 1781 1781 93 775 1782 1782 88 776 1783 1783 86 777 1784 1784 86 777 1785 1785 84 778 1786 1786 83 35 1787 1787 83 35 1788 1788 80 779 1789 1789 79 780 1790 1790 79 780 1791 1791 76 781 1792 1792 74 782 1793 1793 74 782 1794 1794 73 783 1795 1795 66 784 1796 1796 66 784 1797 1797 65 295 1798 1798 74 782 1799 1799 65 295 1800 1800 68 36 1801 1801 74 782 1802 1802 68 36 1803 1803 62 785 1804 1804 61 786 1805 1805 61 786 1806 1806 71 787 1807 1807 68 36 1808 1808 71 787 1809 1809 58 788 1810 1810 68 36 1811 1811 58 788 1812 1812 46 789 1813 1813 45 790 1814 1814 45 790 1815 1815 54 791 1816 1816 58 788 1817 1817 54 791 1818 1818 53 37 1819 1819 58 788 1820 1820 53 37 1821 1821 50 792 1822 1822 42 793 1823 1823 50 792 1824 1824 49 794 1825 1825 42 793 1826 1826 49 794 1827 1827 56 795 1828 1828 42 793 1829 1829 42 793 1830 1830 40 796 1831 1831 38 797 1832 1832 38 797 1833 1833 37 798 1834 1834 34 771 1835 1835 93 775 1836 1836 86 777 1837 1837 34 771 1838 1838 86 777 1839 1839 83 35 1840 1840 34 771 1841 1841 83 35 1842 1842 79 780 1843 1843 68 36 1844 1844 79 780 1845 1845 74 782 1846 1846 68 36 1847 1847 42 793 1848 1848 38 797 1849 1849 53 37 1850 1850 38 797 1851 1851 34 771 1852 1852 53 37 1853 1853 68 36 1854 1854 58 788 1855 1855 53 37 1856 1856 34 771 1857 1857 83 35 1858 1858 53 37 1859 1859 2 29 1860 1860 60 28 1861 1861 63 38 1862 1862 6 3 1863 1863 5 34 1864 1864 64 33 1865 1865 29 8 1866 1866 39 7 1867 1867 41 41 1868 1868 31 43 1869 1869 35 108 1870 1870 36 44 1871 1871 3 39 1872 1872 63 38 1873 1873 69 45 1874 1874 27 46 1875 1875 28 42 1876 1876 41 41 1877 1877 9 48 1878 1878 8 10 1879 1879 75 9 1880 1880 27 46 1881 1881 43 47 1882 1882 57 50 1883 1883 16 31 1884 1884 92 30 1885 1885 95 52 1886 1886 9 48 1887 1887 77 49 1888 1888 78 54 1889 1889 22 56 1890 1890 55 65 1891 1891 44 12 1892 1892 17 53 1893 1893 95 52 1894 1894 90 58 1895 1895 12 14 1896 1896 11 64 1897 1897 81 59 1898 1898 25 17 1899 1899 26 51 1900 1900 57 50 1901 1901 14 24 1902 1902 13 16 1903 1903 85 15 1904 1904 0 23 1905 1905 59 22 1906 1906 70 63 1907 1907 11 64 1908 1908 10 55 1909 1909 78 54 1910 1910 23 21 1911 1911 52 20 1912 1912 55 65 1913 1913 193 66 1914 1914 104 76 1915 1915 99 67 1916 1916 101 69 1917 1917 35 108 1918 1918 32 1 1919 1919 183 71 1920 1920 96 70 1921 1921 32 1 1922 1922 206 72 1923 1923 207 81 1924 1924 108 73 1925 1925 102 75 1926 1926 107 78 1927 1927 39 7 1928 1928 193 66 1929 1929 206 72 1930 1930 105 74 1931 1931 109 77 1932 1932 110 83 1933 1933 107 78 1934 1934 107 78 1935 1935 110 83 1936 1936 41 41 1937 1937 208 80 1938 1938 111 86 1939 1939 108 73 1940 1940 112 82 1941 1941 113 84 1942 1942 110 83 1943 1943 113 84 1944 1944 43 47 1945 1945 41 41 1946 1946 208 80 1947 1947 212 171 1948 1948 132 85 1949 1949 213 87 1950 1950 135 100 1951 1951 117 88 1952 1952 119 90 1953 1953 47 13 1954 1954 44 12 1955 1955 114 91 1956 1956 44 12 1957 1957 55 65 1958 1958 210 93 1959 1959 196 102 1960 1960 128 94 1961 1961 125 96 1962 1962 51 18 1963 1963 48 61 1964 1964 120 97 1965 1965 48 61 1966 1966 57 50 1967 1967 199 99 1968 1968 155 136 1969 1969 135 100 1970 1970 131 92 1971 1971 55 65 1972 1972 52 20 1973 1973 196 102 1974 1974 211 118 1975 1975 129 103 1976 1976 124 104 1977 1977 127 105 1978 1978 126 101 1979 1979 125 96 1980 1980 126 101 1981 1981 52 20 1982 1982 127 105 1983 1983 130 110 1984 1984 131 92 1985 1985 103 106 1986 1986 102 75 1987 1987 101 69 1988 1988 101 69 1989 1989 102 75 1990 1990 36 44 1991 1991 106 79 1992 1992 107 78 1993 1993 102 75 1994 1994 133 109 1995 1995 134 98 1996 1996 113 84 1997 1997 134 98 1998 1998 57 50 1999 1999 43 47 2000 2000 130 110 2001 2001 115 117 2002 2002 114 91 2003 2003 136 111 2004 2004 137 113 2005 2005 119 90 2006 2006 137 113 2007 2007 59 22 2008 2008 47 13 2009 2009 121 114 2010 2010 120 97 2011 2011 134 98 2012 2012 194 115 2013 2013 209 89 2014 2014 117 88 2015 2015 115 117 2016 2016 118 112 2017 2017 119 90 2018 2018 194 115 2019 2019 116 116 2020 2020 129 103 2021 2021 214 119 2022 2022 216 164 2023 2023 150 120 2024 2024 138 122 2025 2025 143 130 2026 2026 63 38 2027 2027 138 122 2028 2028 60 28 2029 2029 70 63 2030 2030 215 124 2031 2031 200 141 2032 2032 158 125 2033 2033 144 127 2034 2034 149 165 2035 2035 67 40 2036 2036 152 128 2037 2037 144 127 2038 2038 64 33 2039 2039 151 129 2040 2040 152 128 2041 2041 143 130 2042 2042 143 130 2043 2043 152 128 2044 2044 69 45 2045 2045 145 132 2046 2046 144 127 2047 2047 152 128 2048 2048 197 133 2049 2049 214 119 2050 2050 141 121 2051 2051 139 135 2052 2052 142 131 2053 2053 143 130 2054 2054 199 99 2055 2055 197 133 2056 2056 140 134 2057 2057 218 137 2058 2058 162 146 2059 2059 159 138 2060 2060 156 140 2061 2061 161 143 2062 2062 75 9 2063 2063 217 139 2064 2064 159 138 2065 2065 158 125 2066 2066 163 142 2067 2067 164 159 2068 2068 161 143 2069 2069 161 143 2070 2070 164 159 2071 2071 77 49 2072 2072 201 145 2073 2073 167 152 2074 2074 162 146 2075 2075 202 147 2076 2076 173 157 2077 2077 168 148 2078 2078 170 150 2079 2079 81 59 2080 2080 78 54 2081 2081 201 145 2082 2082 219 149 2083 2083 168 148 2084 2084 220 153 2085 2085 221 174 2086 2086 177 154 2087 2087 171 156 2088 2088 176 168 2089 2089 85 15 2090 2090 202 147 2091 2091 220 153 2092 2092 174 155 2093 2093 166 158 2094 2094 165 151 2095 2095 164 159 2096 2096 164 159 2097 2097 165 151 2098 2098 78 54 2099 2099 169 160 2100 2100 170 150 2101 2101 165 151 2102 2102 198 161 2103 2103 215 124 2104 2104 147 126 2105 2105 148 163 2106 2106 149 165 2107 2107 144 127 2108 2108 216 164 2109 2109 198 161 2110 2110 146 162 2111 2111 148 163 2112 2112 157 166 2113 2113 156 140 2114 2114 149 165 2115 2115 156 140 2116 2116 72 4 2117 2117 160 144 2118 2118 161 143 2119 2119 156 140 2120 2120 169 160 2121 2121 172 167 2122 2122 171 156 2123 2123 171 156 2124 2124 82 60 2125 2125 81 59 2126 2126 172 167 2127 2127 175 172 2128 2128 176 168 2129 2129 210 93 2130 2130 123 95 2131 2131 122 169 2132 2132 124 104 2133 2133 125 96 2134 2134 120 97 2135 2135 195 170 2136 2136 122 169 2137 2137 132 85 2138 2138 175 172 2139 2139 178 176 2140 2140 179 173 2141 2141 176 168 2142 2142 179 173 2143 2143 87 62 2144 2144 221 174 2145 2145 222 179 2146 2146 180 175 2147 2147 178 176 2148 2148 181 192 2149 2149 182 177 2150 2150 182 177 2151 2151 89 25 2152 2152 87 62 2153 2153 204 178 2154 2154 188 189 2155 2155 180 175 2156 2156 136 111 2157 2157 154 180 2158 2158 153 123 2159 2159 137 113 2160 2160 153 123 2161 2161 70 63 2162 2162 154 180 2163 2163 139 135 2164 2164 138 122 2165 2165 205 68 2166 2166 99 67 2167 2167 98 181 2168 2168 100 107 2169 2169 101 69 2170 2170 96 70 2171 2171 192 182 2172 2172 98 181 2173 2173 185 184 2174 2174 191 186 2175 2175 95 52 2176 2176 92 30 2177 2177 223 188 2178 2178 189 191 2179 2179 188 189 2180 2180 187 190 2181 2181 190 193 2182 2182 191 186 2183 2183 183 71 2184 2184 90 58 2185 2185 95 52 2186 2186 223 188 2187 2187 203 185 2188 2188 185 184 2189 2189 181 192 2190 2190 187 190 2191 2191 186 187 2192 2192 186 187 2193 2193 92 30 2194 2194 89 25 2195 2195 190 193 2196 2196 184 194 2197 2197 183 71 2198 2198 19 2 2199 2199 32 1 2200 2200 35 108 2201 2201 97 183 2202 2202 98 181 2203 2203 99 67 2204 2204 106 79 2205 2205 103 106 2206 2206 104 76 2207 2207 109 77 2208 2208 106 79 2209 2209 105 74 2210 2210 112 82 2211 2211 109 77 2212 2212 108 73 2213 2213 118 112 2214 2214 115 117 2215 2215 116 116 2216 2216 121 114 2217 2217 122 169 2218 2218 123 95 2219 2219 127 105 2220 2220 128 94 2221 2221 129 103 2222 2222 127 105 2223 2223 124 104 2224 2224 123 95 2225 2225 103 106 2226 2226 100 107 2227 2227 99 67 2228 2228 112 82 2229 2229 111 86 2230 2230 132 85 2231 2231 136 111 2232 2232 118 112 2233 2233 117 88 2234 2234 130 110 2235 2235 129 103 2236 2236 116 116 2237 2237 139 135 2238 2238 140 134 2239 2239 141 121 2240 2240 148 163 2241 2241 145 132 2242 2242 146 162 2243 2243 142 131 2244 2244 141 121 2245 2245 150 120 2246 2246 154 180 2247 2247 155 136 2248 2248 140 134 2249 2249 157 166 2250 2250 158 125 2251 2251 159 138 2252 2252 163 142 2253 2253 160 144 2254 2254 159 138 2255 2255 169 160 2256 2256 166 158 2257 2257 167 152 2258 2258 175 172 2259 2259 172 167 2260 2260 173 157 2261 2261 163 142 2262 2262 162 146 2263 2263 167 152 2264 2264 151 129 2265 2265 150 120 2266 2266 146 162 2267 2267 148 163 2268 2268 147 126 2269 2269 158 125 2270 2270 169 160 2271 2271 168 148 2272 2272 173 157 2273 2273 121 114 2274 2274 133 109 2275 2275 132 85 2276 2276 175 172 2277 2277 174 155 2278 2278 177 154 2279 2279 178 176 2280 2280 177 154 2281 2281 180 175 2282 2282 136 111 2283 2283 135 100 2284 2284 155 136 2285 2285 97 183 2286 2286 184 194 2287 2287 185 184 2288 2288 187 190 2289 2289 188 189 2290 2290 189 191 2291 2291 184 194 2292 2292 190 193 2293 2293 189 191 2294 2294 181 192 2295 2295 180 175 2296 2296 188 189 2297 2297 184 194 2298 2298 97 183 2299 2299 96 70 2300 2300 224 195 2301 2301 225 204 2302 2302 205 68 2303 2303 226 196 2304 2304 227 198 2305 2305 206 72 2306 2306 228 197 2307 2307 207 81 2308 2308 206 72 2309 2309 228 197 2310 2310 229 206 2311 2311 208 80 2312 2312 231 199 2313 2313 209 89 2314 2314 194 115 2315 2315 232 201 2316 2316 233 203 2317 2317 210 93 2318 2318 234 202 2319 2319 235 207 2320 2320 211 118 2321 2321 234 202 2322 2322 196 102 2323 2323 210 93 2324 2324 226 196 2325 2325 193 66 2326 2326 205 68 2327 2327 236 205 2328 2328 212 171 2329 2329 208 80 2330 2330 231 199 2331 2331 237 223 2332 2332 213 87 2333 2333 235 207 2334 2334 230 200 2335 2335 194 115 2336 2336 239 208 2337 2337 214 119 2338 2338 197 133 2339 2339 241 210 2340 2340 215 124 2341 2341 198 161 2342 2342 239 208 2343 2343 242 220 2344 2344 216 164 2345 2345 243 212 2346 2346 238 209 2347 2347 197 133 2348 2348 244 213 2349 2349 245 215 2350 2350 217 139 2351 2351 246 214 2352 2352 218 137 2353 2353 217 139 2354 2354 248 216 2355 2355 219 149 2356 2356 201 145 2357 2357 250 218 2358 2358 220 153 2359 2359 202 147 2360 2360 247 217 2361 2361 201 145 2362 2362 218 137 2363 2363 240 211 2364 2364 198 161 2365 2365 216 164 2366 2366 241 210 2367 2367 244 213 2368 2368 200 141 2369 2369 249 219 2370 2370 202 147 2371 2371 219 149 2372 2372 236 205 2373 2373 232 201 2374 2374 195 170 2375 2375 250 218 2376 2376 251 222 2377 2377 221 174 2378 2378 252 221 2379 2379 222 179 2380 2380 221 174 2381 2381 243 212 2382 2382 199 99 2383 2383 213 87 2384 2384 224 195 2385 2385 192 182 2386 2386 203 185 2387 2387 255 225 2388 2388 223 188 2389 2389 204 178 2390 2390 255 225 2391 2391 253 224 2392 2392 203 185 2393 2393 254 226 2394 2394 204 178 2395 2395 222 179 2396 2396 257 227 2397 2397 225 247 2398 2398 224 228 2399 2399 259 230 2400 2400 227 234 2401 2401 226 231 2402 2402 259 230 2403 2403 260 235 2404 2404 228 233 2405 2405 260 235 2406 2406 261 249 2407 2407 229 236 2408 2408 263 237 2409 2409 231 251 2410 2410 230 238 2411 2411 265 240 2412 2412 233 246 2413 2413 232 241 2414 2414 267 243 2415 2415 235 252 2416 2416 234 244 2417 2417 265 240 2418 2418 266 245 2419 2419 234 244 2420 2420 258 232 2421 2421 226 231 2422 2422 225 247 2423 2423 268 248 2424 2424 236 278 2425 2425 229 236 2426 2426 263 237 2427 2427 269 283 2428 2428 237 250 2429 2429 267 243 2430 2430 262 239 2431 2431 230 238 2432 2432 271 253 2433 2433 239 260 2434 2434 238 254 2435 2435 272 256 2436 2436 273 276 2437 2437 241 257 2438 2438 274 259 2439 2439 242 275 2440 2440 239 260 2441 2441 270 255 2442 2442 238 254 2443 2443 243 261 2444 2444 276 263 2445 2445 277 266 2446 2446 245 264 2447 2447 277 266 2448 2448 278 274 2449 2449 246 267 2450 2450 279 268 2451 2451 280 277 2452 2452 248 269 2453 2453 281 271 2454 2454 282 279 2455 2455 250 272 2456 2456 279 268 2457 2457 247 270 2458 2458 246 267 2459 2459 272 256 2460 2460 240 258 2461 2461 242 275 2462 2462 273 276 2463 2463 276 263 2464 2464 244 265 2465 2465 281 271 2466 2466 249 273 2467 2467 248 269 2468 2468 264 242 2469 2469 232 241 2470 2470 236 278 2471 2471 282 279 2472 2472 283 281 2473 2473 251 280 2474 2474 283 281 2475 2475 284 290 2476 2476 252 282 2477 2477 275 262 2478 2478 243 261 2479 2479 237 250 2480 2480 285 284 2481 2481 256 229 2482 2482 224 228 2483 2483 287 286 2484 2484 255 289 2485 2485 254 287 2486 2486 287 286 2487 2487 285 284 2488 2488 253 285 2489 2489 286 288 2490 2490 254 287 2491 2491 252 282 2492 2492 289 291 2493 2493 257 309 2494 2494 256 292 2495 2495 290 294 2496 2496 291 295 2497 2497 259 295 2498 2498 291 295 2499 2499 292 297 2500 2500 260 295 2501 2501 292 297 2502 2502 293 310 2503 2503 261 298 2504 2504 295 299 2505 2505 263 295 2506 2506 262 300 2507 2507 296 302 2508 2508 297 308 2509 2509 265 303 2510 2510 298 305 2511 2511 299 312 2512 2512 267 306 2513 2513 297 308 2514 2514 298 305 2515 2515 266 307 2516 2516 290 294 2517 2517 258 296 2518 2518 257 309 2519 2519 293 310 2520 2520 300 338 2521 2521 268 311 2522 2522 301 295 2523 2523 269 343 2524 2524 263 295 2525 2525 299 312 2526 2526 294 301 2527 2527 262 300 2528 2528 302 313 2529 2529 303 320 2530 2530 271 314 2531 2531 304 316 2532 2532 305 336 2533 2533 273 317 2534 2534 306 319 2535 2535 274 335 2536 2536 271 314 2537 2537 302 313 2538 2538 270 315 2539 2539 275 321 2540 2540 309 323 2541 2541 277 327 2542 2542 276 324 2543 2543 310 326 2544 2544 278 334 2545 2545 277 327 2546 2546 312 328 2547 2547 280 337 2548 2548 279 329 2549 2549 314 331 2550 2550 282 340 2551 2551 281 332 2552 2552 311 330 2553 2553 279 329 2554 2554 278 334 2555 2555 306 319 2556 2556 304 316 2557 2557 272 318 2558 2558 308 325 2559 2559 276 324 2560 2560 273 317 2561 2561 313 333 2562 2562 281 332 2563 2563 280 337 2564 2564 300 338 2565 2565 296 302 2566 2566 264 304 2567 2567 315 339 2568 2568 283 342 2569 2569 282 340 2570 2570 316 341 2571 2571 284 295 2572 2572 283 342 2573 2573 307 322 2574 2574 275 321 2575 2575 269 343 2576 2576 317 344 2577 2577 288 293 2578 2578 256 292 2579 2579 319 346 2580 2580 287 295 2581 2581 286 347 2582 2582 317 344 2583 2583 285 345 2584 2584 287 295 2585 2585 316 341 2586 2586 318 348 2587 2587 286 347 2588 2588 93 349 2589 2589 318 355 2590 2590 316 350 2591 2591 91 352 2592 2592 317 357 2593 2593 319 353 2594 2594 94 354 2595 2595 319 353 2596 2596 318 355 2597 2597 33 356 2598 2598 288 412 2599 2599 317 357 2600 2600 58 358 2601 2601 71 386 2602 2602 307 359 2603 2603 88 351 2604 2604 316 350 2605 2605 315 361 2606 2606 84 363 2607 2607 86 362 2608 2608 315 361 2609 2609 49 365 2610 2610 296 405 2611 2611 300 366 2612 2612 80 368 2613 2613 83 380 2614 2614 313 369 2615 2615 66 371 2616 2616 73 384 2617 2617 308 372 2618 2618 68 374 2619 2619 65 389 2620 2620 304 375 2621 2621 76 377 2622 2622 79 381 2623 2623 311 378 2624 2624 84 363 2625 2625 314 364 2626 2626 313 369 2627 2627 80 368 2628 2628 312 370 2629 2629 311 378 2630 2630 76 377 2631 2631 310 379 2632 2632 309 382 2633 2633 74 383 2634 2634 309 382 2635 2635 308 372 2636 2636 61 385 2637 2637 302 390 2638 2638 307 359 2639 2639 68 374 2640 2640 306 376 2641 2641 303 387 2642 2642 66 371 2643 2643 305 373 2644 2644 304 375 2645 2645 62 388 2646 2646 303 387 2647 2647 302 390 2648 2648 45 391 2649 2649 294 406 2650 2650 299 392 2651 2651 58 358 2652 2652 301 360 2653 2653 295 394 2654 2654 56 367 2655 2655 300 366 2656 2656 293 396 2657 2657 37 398 2658 2658 290 411 2659 2659 289 399 2660 2660 53 401 2661 2661 298 404 2662 2662 297 402 2663 2663 53 401 2664 2664 54 393 2665 2665 299 392 2666 2666 49 365 2667 2667 50 403 2668 2668 297 402 2669 2669 45 391 2670 2670 46 395 2671 2671 295 394 2672 2672 42 397 2673 2673 293 396 2674 2674 292 407 2675 2675 38 409 2676 2676 40 408 2677 2677 292 407 2678 2678 37 398 2679 2679 38 409 2680 2680 291 410 2681 2681 33 356 2682 2682 34 400 2683 2683 289 399 2684 2684 320 413 2685 2685 378 436 2686 2686 18 0 2687 2687 360 414 2688 2688 355 429 2689 2689 6 3 2690 2690 29 8 2691 2691 327 450 2692 2692 324 415 2693 2693 8 10 2694 2694 363 517 2695 2695 360 414 2696 2696 335 416 2697 2697 332 464 2698 2698 21 57 2699 2699 373 417 2700 2700 370 437 2701 2701 12 14 2702 2702 24 19 2703 2703 339 419 2704 2704 336 418 2705 2705 23 21 2706 2706 340 477 2707 2707 339 419 2708 2708 347 420 2709 2709 335 416 2710 2710 20 11 2711 2711 15 26 2712 2712 377 566 2713 2713 375 421 2714 2714 348 422 2715 2715 358 438 2716 2716 1 27 2717 2717 380 423 2718 2718 377 566 2719 2719 15 26 2720 2720 352 424 2721 2721 357 431 2722 2722 4 32 2723 2723 379 799 2724 2724 321 800 2725 2725 322 801 2726 2726 322 801 2727 2727 325 802 2728 2728 379 799 2729 2729 325 802 2730 2730 326 803 2731 2731 379 799 2732 2732 326 803 2733 2733 328 804 2734 2734 330 805 2735 2735 330 805 2736 2736 344 806 2737 2737 326 803 2738 2738 344 806 2739 2739 337 425 2740 2740 326 803 2741 2741 337 425 2742 2742 338 807 2743 2743 341 808 2744 2744 341 808 2745 2745 342 809 2746 2746 337 425 2747 2747 342 809 2748 2748 333 810 2749 2749 337 425 2750 2750 333 810 2751 2751 334 811 2752 2752 346 812 2753 2753 346 812 2754 2754 359 813 2755 2755 349 426 2756 2756 349 426 2757 2757 350 814 2758 2758 356 815 2759 2759 356 815 2760 2760 353 816 2761 2761 349 426 2762 2762 353 816 2763 2763 354 817 2764 2764 349 426 2765 2765 354 817 2766 2766 361 818 2767 2767 367 427 2768 2768 361 818 2769 2769 362 819 2770 2770 367 427 2771 2771 362 819 2772 2772 364 820 2773 2773 367 427 2774 2774 367 427 2775 2775 368 821 2776 2776 374 822 2777 2777 368 821 2778 2778 371 823 2779 2779 374 822 2780 2780 371 823 2781 2781 372 824 2782 2782 374 822 2783 2783 374 822 2784 2784 376 668 2785 2785 381 668 2786 2786 381 668 2787 2787 382 668 2788 2788 374 822 2789 2789 382 668 2790 2790 379 799 2791 2791 374 822 2792 2792 333 810 2793 2793 346 812 2794 2794 337 425 2795 2795 346 812 2796 2796 349 426 2797 2797 337 425 2798 2798 379 799 2799 2799 326 803 2800 2800 337 425 2801 2801 349 426 2802 2802 354 817 2803 2803 367 427 2804 2804 367 427 2805 2805 374 822 2806 2806 379 799 2807 2807 379 799 2808 2808 337 425 2809 2809 367 427 2810 2810 351 428 2811 2811 348 422 2812 2812 2 29 2813 2813 355 429 2814 2814 352 424 2815 2815 5 34 2816 2816 329 430 2817 2817 327 450 2818 2818 29 8 2819 2819 324 415 2820 2820 323 568 2821 2821 31 43 2822 2822 357 431 2823 2823 351 428 2824 2824 3 39 2825 2825 331 432 2826 2826 329 430 2827 2827 28 42 2828 2828 365 433 2829 2829 363 517 2830 2830 8 10 2831 2831 26 51 2832 2832 345 473 2833 2833 331 432 2834 2834 383 434 2835 2835 380 423 2836 2836 16 31 2837 2837 10 55 2838 2838 366 527 2839 2839 365 433 2840 2840 21 57 2841 2841 332 464 2842 2842 343 435 2843 2843 378 436 2844 2844 383 434 2845 2845 17 53 2846 2846 370 437 2847 2847 369 439 2848 2848 11 64 2849 2849 336 418 2850 2850 345 473 2851 2851 26 51 2852 2852 375 421 2853 2853 373 417 2854 2854 13 16 2855 2855 358 438 2856 2856 347 420 2857 2857 0 23 2858 2858 369 439 2859 2859 366 527 2860 2860 10 55 2861 2861 343 435 2862 2862 340 477 2863 2863 23 21 2864 2864 387 440 2865 2865 392 569 2866 2866 481 441 2867 2867 320 413 2868 2868 323 568 2869 2869 389 443 2870 2870 471 445 2871 2871 378 436 2872 2872 320 413 2873 2873 494 446 2874 2874 393 452 2875 2875 396 447 2876 2876 390 449 2877 2877 324 415 2878 2878 327 450 2879 2879 481 441 2880 2880 392 569 2881 2881 393 452 2882 2882 395 451 2883 2883 398 455 2884 2884 397 453 2885 2885 395 451 2886 2886 327 450 2887 2887 329 430 2888 2888 396 447 2889 2889 399 825 2890 2890 496 456 2891 2891 398 455 2892 2892 401 458 2893 2893 400 457 2894 2894 329 430 2895 2895 331 432 2896 2896 401 458 2897 2897 496 456 2898 2898 399 825 2899 2899 420 459 2900 2900 405 461 2901 2901 423 475 2902 2902 501 462 2903 2903 332 464 2904 2904 335 416 2905 2905 407 465 2906 2906 343 435 2907 2907 332 464 2908 2908 402 466 2909 2909 498 468 2910 2910 411 570 2911 2911 416 469 2912 2912 336 418 2913 2913 339 419 2914 2914 413 471 2915 2915 345 473 2916 2916 336 418 2917 2917 408 472 2918 2918 423 475 2919 2919 443 573 2920 2920 487 476 2921 2921 340 477 2922 2922 343 435 2923 2923 419 467 2924 2924 484 470 2925 2925 416 469 2926 2926 417 479 2927 2927 412 481 2928 2928 413 471 2929 2929 414 478 2930 2930 413 471 2931 2931 339 419 2932 2932 340 477 2933 2933 415 482 2934 2934 414 478 2935 2935 419 467 2936 2936 389 443 2937 2937 390 449 2938 2938 391 484 2939 2939 389 443 2940 2940 323 568 2941 2941 324 415 2942 2942 390 449 2943 2943 395 451 2944 2944 394 454 2945 2945 401 458 2946 2946 422 474 2947 2947 421 486 2948 2948 331 432 2949 2949 345 473 2950 2950 422 474 2951 2951 418 483 2952 2952 419 467 2953 2953 402 466 2954 2954 407 465 2955 2955 425 490 2956 2956 424 488 2957 2957 335 416 2958 2958 347 420 2959 2959 425 490 2960 2960 422 474 2961 2961 408 472 2962 2962 409 491 2963 2963 482 492 2964 2964 404 493 2965 2965 405 461 2966 2966 403 487 2967 2967 402 466 2968 2968 407 465 2969 2969 499 480 2970 2970 417 479 2971 2971 404 493 2972 2972 502 494 2973 2973 429 510 2974 2974 438 495 2975 2975 426 497 2976 2976 348 422 2977 2977 351 428 2978 2978 358 438 2979 2979 348 422 2980 2980 426 497 2981 2981 503 500 2982 2982 435 539 2983 2983 446 501 2984 2984 432 503 2985 2985 352 424 2986 2986 355 429 2987 2987 440 505 2988 2988 357 431 2989 2989 352 424 2990 2990 431 498 2991 2991 440 505 2992 2992 439 506 2993 2993 431 498 2994 2994 351 428 2995 2995 357 431 2996 2996 440 505 2997 2997 432 503 2998 2998 433 508 2999 2999 485 509 3000 3000 428 512 3001 3001 429 510 3002 3002 427 511 3003 3003 426 497 3004 3004 431 498 3005 3005 487 476 3006 3006 443 573 3007 3007 428 512 3008 3008 447 513 3009 3009 450 522 3010 3010 506 514 3011 3011 444 516 3012 3012 360 414 3013 3013 363 517 3014 3014 446 501 3015 3015 447 513 3016 3016 505 515 3017 3017 449 518 3018 3018 452 521 3019 3019 451 519 3020 3020 449 518 3021 3021 363 517 3022 3022 365 433 3023 3023 450 522 3024 3024 455 571 3025 3025 489 523 3026 3026 456 524 3027 3027 461 572 3028 3028 490 525 3029 3029 366 527 3030 3030 369 439 3031 3031 458 528 3032 3032 489 523 3033 3033 455 571 3034 3034 456 524 3035 3035 508 530 3036 3036 462 535 3037 3037 465 531 3038 3038 459 533 3039 3039 370 437 3040 3040 373 417 3041 3041 490 525 3042 3042 461 572 3043 3043 462 535 3044 3044 452 521 3045 3045 453 529 3046 3046 454 536 3047 3047 452 521 3048 3048 365 433 3049 3049 366 527 3050 3050 453 529 3051 3051 458 528 3052 3052 457 537 3053 3053 486 538 3054 3054 434 541 3055 3055 435 539 3056 3056 432 503 3057 3057 437 504 3058 3058 436 540 3059 3059 504 496 3060 3060 438 495 3061 3061 434 541 3062 3062 436 540 3063 3063 437 504 3064 3064 444 516 3065 3065 437 504 3066 3066 355 429 3067 3067 360 414 3068 3068 444 516 3069 3069 449 518 3070 3070 448 520 3071 3071 457 537 3072 3072 458 528 3073 3073 459 533 3074 3074 369 439 3075 3075 370 437 3076 3076 459 533 3077 3077 460 543 3078 3078 459 533 3079 3079 464 534 3080 3080 410 545 3081 3081 411 570 3082 3082 498 468 3083 3083 408 472 3084 3084 413 471 3085 3085 412 481 3086 3086 420 459 3087 3087 410 545 3088 3088 483 546 3089 3089 463 544 3090 3090 464 534 3091 3091 467 547 3092 3092 464 534 3093 3093 373 417 3094 3094 375 421 3095 3095 509 532 3096 3096 465 531 3097 3097 468 549 3098 3098 466 548 3099 3099 467 547 3100 3100 470 551 3101 3101 375 421 3102 3102 377 566 3103 3103 470 551 3104 3104 468 549 3105 3105 476 562 3106 3106 492 553 3107 3107 424 488 3108 3108 425 490 3109 3109 441 499 3110 3110 347 420 3111 3111 358 438 3112 3112 441 499 3113 3113 442 554 3114 3114 441 499 3115 3115 426 497 3116 3116 386 555 3117 3117 387 440 3118 3118 493 442 3119 3119 384 444 3120 3120 389 443 3121 3121 388 485 3122 3122 473 558 3123 3123 386 555 3124 3124 480 556 3125 3125 380 423 3126 3126 383 434 3127 3127 479 560 3128 3128 476 562 3129 3129 477 574 3130 3130 511 563 3131 3131 475 564 3132 3132 474 561 3133 3133 479 560 3134 3134 383 434 3135 3135 378 436 3136 3136 471 445 3137 3137 511 563 3138 3138 477 574 3139 3139 473 558 3140 3140 469 552 3141 3141 470 551 3142 3142 474 561 3143 3143 377 566 3144 3144 380 423 3145 3145 474 561 3146 3146 478 565 3147 3147 479 560 3148 3148 471 445 3149 3149 323 568 3150 3150 320 413 3151 3151 19 2 3152 3152 387 440 3153 3153 386 555 3154 3154 385 557 3155 3155 394 454 3156 3156 393 452 3157 3157 392 569 3158 3158 397 453 3159 3159 396 447 3160 3160 393 452 3161 3161 400 457 3162 3162 399 825 3163 3163 396 447 3164 3164 406 489 3165 3165 405 461 3166 3166 404 493 3167 3167 411 570 3168 3168 410 545 3169 3169 409 491 3170 3170 417 479 3171 3171 416 469 3172 3172 415 482 3173 3173 415 482 3174 3174 416 469 3175 3175 411 570 3176 3176 391 484 3177 3177 392 569 3178 3178 387 440 3179 3179 420 459 3180 3180 399 825 3181 3181 400 457 3182 3182 424 488 3183 3183 423 475 3184 3184 405 461 3185 3185 404 493 3186 3186 417 479 3187 3187 418 483 3188 3188 429 510 3189 3189 428 512 3190 3190 427 511 3191 3191 436 540 3192 3192 435 539 3193 3193 434 541 3194 3194 438 495 3195 3195 429 510 3196 3196 430 507 3197 3197 428 512 3198 3198 443 573 3199 3199 442 554 3200 3200 447 513 3201 3201 446 501 3202 3202 445 542 3203 3203 451 519 3204 3204 450 522 3205 3205 447 513 3206 3206 457 537 3207 3207 456 524 3208 3208 455 571 3209 3209 463 544 3210 3210 462 535 3211 3211 461 572 3212 3212 455 571 3213 3213 450 522 3214 3214 451 519 3215 3215 434 541 3216 3216 438 495 3217 3217 439 506 3218 3218 446 501 3219 3219 435 539 3220 3220 436 540 3221 3221 461 572 3222 3222 456 524 3223 3223 457 537 3224 3224 409 491 3225 3225 410 545 3226 3226 420 459 3227 3227 465 531 3228 3228 462 535 3229 3229 463 544 3230 3230 468 549 3231 3231 465 531 3232 3232 466 548 3233 3233 443 573 3234 3234 423 475 3235 3235 424 488 3236 3236 385 557 3237 3237 386 555 3238 3238 473 558 3239 3239 477 574 3240 3240 476 562 3241 3241 475 564 3242 3242 472 567 3243 3243 473 558 3244 3244 477 574 3245 3245 476 562 3246 3246 468 549 3247 3247 469 552 3248 3248 472 567 3249 3249 471 445 3250 3250 384 444 3251 3251 512 575 3252 3252 480 556 3253 3253 493 442 3254 3254 514 577 3255 3255 481 441 3256 3256 494 446 3257 3257 494 446 3258 3258 495 448 3259 3259 516 579 3260 3260 516 579 3261 3261 495 448 3262 3262 496 456 3263 3263 482 492 3264 3264 497 463 3265 3265 519 581 3266 3266 520 583 3267 3267 483 546 3268 3268 498 468 3269 3269 522 585 3270 3270 484 470 3271 3271 499 480 3272 3272 498 468 3273 3273 484 470 3274 3274 522 585 3275 3275 493 442 3276 3276 481 441 3277 3277 514 577 3278 3278 496 456 3279 3279 500 460 3280 3280 524 587 3281 3281 519 581 3282 3282 497 463 3283 3283 501 462 3284 3284 523 586 3285 3285 499 480 3286 3286 482 492 3287 3287 485 509 3288 3288 502 494 3289 3289 527 589 3290 3290 486 538 3291 3291 503 500 3292 3292 529 591 3293 3293 527 589 3294 3294 502 494 3295 3295 504 496 3296 3296 531 594 3297 3297 487 476 3298 3298 485 509 3299 3299 532 595 3300 3300 488 502 3301 3301 505 515 3302 3302 505 515 3303 3303 506 514 3304 3304 534 597 3305 3305 489 523 3306 3306 507 526 3307 3307 536 598 3308 3308 490 525 3309 3309 508 530 3310 3310 538 600 3311 3311 506 514 3312 3312 489 523 3313 3313 535 599 3314 3314 504 496 3315 3315 486 538 3316 3316 528 592 3317 3317 529 591 3318 3318 503 500 3319 3319 488 502 3320 3320 507 526 3321 3321 490 525 3322 3322 537 601 3323 3323 524 587 3324 3324 500 460 3325 3325 483 546 3326 3326 538 600 3327 3327 508 530 3328 3328 509 532 3329 3329 509 532 3330 3330 510 550 3331 3331 540 603 3332 3332 501 462 3333 3333 487 476 3334 3334 531 594 3335 3335 491 559 3336 3336 480 556 3337 3337 512 575 3338 3338 492 553 3339 3339 511 563 3340 3340 543 605 3341 3341 543 605 3342 3342 511 563 3343 3343 491 559 3344 3344 510 550 3345 3345 492 553 3346 3346 542 606 3347 3347 544 607 3348 3348 512 658 3349 3349 513 608 3350 3350 514 610 3351 3351 515 826 3352 3352 547 611 3353 3353 547 611 3354 3354 515 826 3355 3355 516 613 3356 3356 548 614 3357 3357 516 613 3358 3358 517 615 3359 3359 518 617 3360 3360 519 827 3361 3361 551 618 3362 3362 520 620 3363 3363 521 828 3364 3364 553 621 3365 3365 522 623 3366 3366 523 829 3367 3367 555 624 3368 3368 553 621 3369 3369 521 828 3370 3370 522 623 3371 3371 513 608 3372 3372 514 610 3373 3373 546 612 3374 3374 517 615 3375 3375 524 652 3376 3376 556 626 3377 3377 551 618 3378 3378 519 827 3379 3379 525 627 3380 3380 555 624 3381 3381 523 829 3382 3382 518 617 3383 3383 526 629 3384 3384 527 635 3385 3385 559 630 3386 3386 560 632 3387 3387 528 830 3388 3388 529 633 3389 3389 527 635 3390 3390 530 650 3391 3391 562 636 3392 3392 531 637 3393 3393 526 629 3394 3394 558 631 3395 3395 564 639 3396 3396 532 651 3397 3397 533 640 3398 3398 565 641 3399 3399 533 640 3400 3400 534 642 3401 3401 567 644 3402 3402 535 831 3403 3403 536 645 3404 3404 569 647 3405 3405 537 832 3406 3406 538 648 3407 3407 534 642 3408 3408 535 831 3409 3409 567 644 3410 3410 530 650 3411 3411 528 830 3412 3412 560 632 3413 3413 561 634 3414 3414 529 633 3415 3415 532 651 3416 3416 536 645 3417 3417 537 832 3418 3418 569 647 3419 3419 524 652 3420 3420 520 620 3421 3421 552 622 3422 3422 570 649 3423 3423 538 648 3424 3424 539 653 3425 3425 571 654 3426 3426 539 653 3427 3427 540 655 3428 3428 525 627 3429 3429 531 637 3430 3430 563 638 3431 3431 573 657 3432 3432 541 662 3433 3433 512 658 3434 3434 542 659 3435 3435 543 833 3436 3436 575 660 3437 3437 575 660 3438 3438 543 833 3439 3439 541 662 3440 3440 540 655 3441 3441 542 659 3442 3442 574 661 3443 3443 544 663 3444 3444 545 683 3445 3445 577 664 3446 3446 578 666 3447 3447 546 834 3448 3448 547 667 3449 3449 579 668 3450 3450 547 667 3451 3451 548 669 3452 3452 580 670 3453 3453 548 669 3454 3454 549 671 3455 3455 550 673 3456 3456 551 668 3457 3457 583 674 3458 3458 584 676 3459 3459 552 708 3460 3460 553 677 3461 3461 586 679 3462 3462 554 682 3463 3463 555 680 3464 3464 585 678 3465 3465 553 677 3466 3466 554 682 3467 3467 545 683 3468 3468 546 834 3469 3469 578 666 3470 3470 581 672 3471 3471 549 671 3472 3472 556 684 3473 3473 551 668 3474 3474 557 668 3475 3475 589 668 3476 3476 587 681 3477 3477 555 680 3478 3478 550 673 3479 3479 590 686 3480 3480 558 835 3481 3481 559 687 3482 3482 592 689 3483 3483 560 706 3484 3484 561 690 3485 3485 559 687 3486 3486 562 836 3487 3487 594 691 3488 3488 563 692 3489 3489 558 835 3490 3490 590 686 3491 3491 564 694 3492 3492 565 697 3493 3493 597 695 3494 3494 565 697 3495 3495 566 705 3496 3496 598 698 3497 3497 567 699 3498 3498 568 707 3499 3499 600 700 3500 3500 569 702 3501 3501 570 709 3502 3502 602 703 3503 3503 566 705 3504 3504 567 699 3505 3505 599 701 3506 3506 594 691 3507 3507 562 836 3508 3508 560 706 3509 3509 561 690 3510 3510 564 694 3511 3511 596 696 3512 3512 568 707 3513 3513 569 702 3514 3514 601 704 3515 3515 588 685 3516 3516 556 684 3517 3517 552 708 3518 3518 570 709 3519 3519 571 711 3520 3520 603 710 3521 3521 571 711 3522 3522 572 837 3523 3523 604 712 3524 3524 557 668 3525 3525 563 692 3526 3526 595 693 3527 3527 605 713 3528 3528 573 838 3529 3529 544 663 3530 3530 574 714 3531 3531 575 717 3532 3532 607 715 3533 3533 575 717 3534 3534 573 838 3535 3535 605 713 3536 3536 604 712 3537 3537 572 837 3538 3538 574 714 3539 3539 604 718 3540 3540 606 724 3541 3541 381 719 3542 3542 607 721 3543 3543 605 725 3544 3544 379 722 3545 3545 606 724 3546 3546 607 721 3547 3547 382 723 3548 3548 605 725 3549 3549 576 839 3550 3550 321 726 3551 3551 346 727 3552 3552 589 840 3553 3553 595 728 3554 3554 603 730 3555 3555 604 718 3556 3556 376 720 3557 3557 372 732 3558 3558 602 841 3559 3559 603 730 3560 3560 588 733 3561 3561 584 842 3562 3562 337 734 3563 3563 368 736 3564 3564 600 843 3565 3565 601 737 3566 3566 354 739 3567 3567 593 844 3568 3568 596 740 3569 3569 356 742 3570 3570 594 845 3571 3571 592 743 3572 3572 364 745 3573 3573 598 846 3574 3574 599 746 3575 3575 601 737 3576 3576 602 841 3577 3577 372 732 3578 3578 599 746 3579 3579 600 843 3580 3580 368 736 3581 3581 597 748 3582 3582 598 846 3583 3583 364 745 3584 3584 596 740 3585 3585 597 748 3586 3586 362 749 3587 3587 595 728 3588 3588 590 753 3589 3589 349 750 3590 3590 591 751 3591 3591 594 845 3592 3592 356 742 3593 3593 592 743 3594 3594 593 844 3595 3595 354 739 3596 3596 590 753 3597 3597 591 751 3598 3598 350 752 3599 3599 587 754 3600 3600 582 847 3601 3601 333 755 3602 3602 583 757 3603 3603 589 840 3604 3604 346 727 3605 3605 581 759 3606 3606 588 733 3607 3607 344 735 3608 3608 577 761 3609 3609 578 848 3610 3610 325 762 3611 3611 585 764 3612 3612 586 849 3613 3613 341 765 3614 3614 341 765 3615 3615 586 849 3616 3616 587 754 3617 3617 337 734 3618 3618 584 842 3619 3619 585 764 3620 3620 333 755 3621 3621 582 847 3622 3622 583 757 3623 3623 580 767 3624 3624 581 759 3625 3625 330 760 3626 3626 579 769 3627 3627 580 767 3628 3628 328 768 3629 3629 325 762 3630 3630 578 848 3631 3631 579 769 3632 3632 321 726 3633 3633 576 839 3634 3634 577 761 3635 3635</p>
        </triangles>
      </mesh>
    </geometry>
  </library_geometries>
  <library_visual_scenes>
    <visual_scene id="Wheel" name="Wheel">
      <node id="Wheel_LOD2" name="Wheel_LOD2" type="NODE">
        <matrix sid="transform">1 0 0 0 0 1 0 0 0 0 1 0 0 0 0 1</matrix>
        <instance_geometry url="#Wheel_LOD2-mesh" name="Wheel_LOD2">
          <bind_material>
            <technique_common>
              <instance_material symbol="Ratrod_Body-material" target="#Ratrod_Body-material">
                <bind_vertex_input semantic="UVMap" input_semantic="TEXCOORD" input_set="0"/>
              </instance_material>
            </technique_common>
          </bind_material>
        </instance_geometry>
      </node>
      <node id="Wheel_LOD100" name="Wheel_LOD100" type="NODE">
        <matrix sid="transform">1 0 0 0 0 1 0 0 0 0 1 0 0 0 0 1</matrix>
        <instance_geometry url="#Wheel_LOD100-mesh" name="Wheel_LOD100">
          <bind_material>
            <technique_common>
              <instance_material symbol="Ratrod_Body-material" target="#Ratrod_Body-material">
                <bind_vertex_input semantic="UVMap" input_semantic="TEXCOORD" input_set="0"/>
              </instance_material>
            </technique_common>
          </bind_material>
        </instance_geometry>
      </node>
      <node id="Wheel_LOD200" name="Wheel_LOD200" type="NODE">
        <matrix sid="transform">1 0 0 0 0 1 0 0 0 0 1 0 0 0 0 1</matrix>
        <instance_geometry url="#Wheel_LOD200-mesh" name="Wheel_LOD200">
          <bind_material>
            <technique_common>
              <instance_material symbol="Ratrod_Body-material" target="#Ratrod_Body-material">
                <bind_vertex_input semantic="UVMap" input_semantic="TEXCOORD" input_set="0"/>
              </instance_material>
            </technique_common>
          </bind_material>
        </instance_geometry>
      </node>
      <node id="colMeshA_1" name="colMeshA_1" type="NODE">
        <matrix sid="transform">1 0 0 0 0 1 0 0 0 0 1 0 0 0 0 1</matrix>
        <instance_geometry url="#colMeshA_1-mesh" name="colMeshA_1"/>
      </node>
      <node id="Wheel_LOD300" name="Wheel_LOD300" type="NODE">
        <matrix sid="transform">1 0 0 0 0 1 0 0 0 0 1 0 0 0 0 1</matrix>
        <instance_geometry url="#Wheel_LOD300-mesh" name="Wheel_LOD300">
          <bind_material>
            <technique_common>
              <instance_material symbol="Ratrod_Body-material" target="#Ratrod_Body-material">
                <bind_vertex_input semantic="UVMap" input_semantic="TEXCOORD" input_set="0"/>
              </instance_material>
            </technique_common>
          </bind_material>
        </instance_geometry>
      </node>
    </visual_scene>
  </library_visual_scenes>
  <scene>
    <instance_visual_scene url="#Wheel"/>
  </scene>
</COLLADA>