<?xml version="1.0" encoding="utf-8"?>
<COLLADA xmlns="http://www.collada.org/2005/11/COLLADASchema" version="1.4.1" xmlns:xsi="http://www.w3.org/2001/XMLSchema-instance">
  <asset>
    <contributor>
      <author>Blender User</author>
      <authoring_tool>Blender 4.1.1 commit date:2024-04-15, commit time:15:11, hash:e1743a0317bc</authoring_tool>
    </contributor>
    <created>2025-08-11T05:59:16</created>
    <modified>2025-08-11T05:59:16</modified>
    <unit name="meter" meter="1"/>
    <up_axis>Z_UP</up_axis>
  </asset>
  <library_effects>
    <effect id="Ratrod_Body-effect">
      <profile_COMMON>
        <newparam sid="RatRod_D_png-surface">
          <surface type="2D">
            <init_from>RatRod_D_png</init_from>
          </surface>
        </newparam>
        <newparam sid="RatRod_D_png-sampler">
          <sampler2D>
            <source>RatRod_D_png-surface</source>
          </sampler2D>
        </newparam>
        <technique sid="common">
          <lambert>
            <emission>
              <color sid="emission">0 0 0 1</color>
            </emission>
            <diffuse>
              <texture texture="RatRod_D_png-sampler" texcoord="UVMap"/>
            </diffuse>
            <index_of_refraction>
              <float sid="ior">1.45</float>
            </index_of_refraction>
          </lambert>
        </technique>
      </profile_COMMON>
    </effect>
  </library_effects>
  <library_images>
    <image id="RatRod_D_png" name="RatRod_D_png">
      <init_from>RatRod_D.png</init_from>
    </image>
  </library_images>
  <library_materials>
    <material id="Ratrod_Body-material" name="Ratrod_Body">
      <instance_effect url="#Ratrod_Body-effect"/>
    </material>
  </library_materials>
  <library_geometries>
    <geometry id="collision-1-mesh" name="collision-1">
      <mesh>
        <source id="collision-1-mesh-positions">
          <float_array id="collision-1-mesh-positions-array" count="24">0.5939413 -0.2503948 -0.5939412 0.5939413 -0.2503948 0.5939412 -0.5939413 -0.2503949 -0.5939412 -0.5939413 -0.2503949 0.5939412 0.5939413 0.2503949 -0.5939412 0.5939413 0.2503949 0.5939412 -0.5939413 0.2503948 -0.5939412 -0.5939413 0.2503948 0.5939412</float_array>
          <technique_common>
            <accessor source="#collision-1-mesh-positions-array" count="8" stride="3">
              <param name="X" type="float"/>
              <param name="Y" type="float"/>
              <param name="Z" type="float"/>
            </accessor>
          </technique_common>
        </source>
        <source id="collision-1-mesh-normals">
          <float_array id="collision-1-mesh-normals-array" count="36">0 -1 0 -1 0 0 0 1 0 1 0 0 0 0 -1 0 0 1 0 -1 0 -1 0 0 0 1 0 1 0 0 0 0 -1 0 0 1</float_array>
          <technique_common>
            <accessor source="#collision-1-mesh-normals-array" count="12" stride="3">
              <param name="X" type="float"/>
              <param name="Y" type="float"/>
              <param name="Z" type="float"/>
            </accessor>
          </technique_common>
        </source>
        <source id="collision-1-mesh-map-0">
          <float_array id="collision-1-mesh-map-0-array" count="72">0.625 0 0.375 0.25 0.375 0 0.625 0.25 0.375 0.5 0.375 0.25 0.625 0.5 0.375 0.75 0.375 0.5 0.625 0.75 0.375 1 0.375 0.75 0.375 0.5 0.125 0.75 0.125 0.5 0.875 0.5 0.625 0.75 0.625 0.5 0.625 0 0.625 0.25 0.375 0.25 0.625 0.25 0.625 0.5 0.375 0.5 0.625 0.5 0.625 0.75 0.375 0.75 0.625 0.75 0.625 1 0.375 1 0.375 0.5 0.375 0.75 0.125 0.75 0.875 0.5 0.875 0.75 0.625 0.75</float_array>
          <technique_common>
            <accessor source="#collision-1-mesh-map-0-array" count="36" stride="2">
              <param name="S" type="float"/>
              <param name="T" type="float"/>
            </accessor>
          </technique_common>
        </source>
        <vertices id="collision-1-mesh-vertices">
          <input semantic="POSITION" source="#collision-1-mesh-positions"/>
        </vertices>
        <triangles count="12">
          <input semantic="VERTEX" source="#collision-1-mesh-vertices" offset="0"/>
          <input semantic="NORMAL" source="#collision-1-mesh-normals" offset="1"/>
          <input semantic="TEXCOORD" source="#collision-1-mesh-map-0" offset="2" set="0"/>
          <p>1 0 0 2 0 1 0 0 2 3 1 3 6 1 4 2 1 5 7 2 6 4 2 7 6 2 8 5 3 9 0 3 10 4 3 11 6 4 12 0 4 13 2 4 14 3 5 15 5 5 16 7 5 17 1 6 18 3 6 19 2 6 20 3 7 21 7 7 22 6 7 23 7 8 24 5 8 25 4 8 26 5 9 27 1 9 28 0 9 29 6 10 30 4 10 31 0 10 32 3 11 33 1 11 34 5 11 35</p>
        </triangles>
      </mesh>
    </geometry>
    <geometry id="Wheel_LOD300-mesh" name="Wheel_LOD300">
      <mesh>
        <source id="Wheel_LOD300-mesh-positions">
          <float_array id="Wheel_LOD300-mesh-positions-array" count="1824">0.4988817 -8.04663e-7 -0.3333423 0.5543277 -8.34465e-7 -0.2296102 0.5884712 -8.34465e-7 -0.1170544 0.5999999 -8.34465e-7 -1.78814e-7 0.5884712 -8.34465e-7 0.1170539 0.5543277 -8.34465e-7 0.2296099 0.4988817 -8.04663e-7 0.3333419 0.4242641 -8.04663e-7 0.4242638 0.3333421 -8.34465e-7 0.4988815 0.22961 -8.19564e-7 0.5543275 0.1170542 -8.27014e-7 0.5884709 0 -8.34465e-7 0.5999998 -0.1170542 -8.41916e-7 0.5884709 -0.2296099 -8.49366e-7 0.5543275 -0.3333421 -8.34465e-7 0.4988815 -0.424264 -8.64267e-7 0.4242638 -0.4988818 -8.64267e-7 0.3333419 -0.5543277 -8.34465e-7 0.2296099 -0.5884712 -8.34465e-7 0.1170539 -0.5999999 -8.34465e-7 -1.78814e-7 0.4242641 -8.04663e-7 -0.4242642 0.3333421 -8.34465e-7 -0.4988819 0.22961 -8.19564e-7 -0.5543279 0.1170542 -8.27014e-7 -0.5884713 0 -8.34465e-7 -0.6000002 -0.1170542 -8.41916e-7 -0.5884713 -0.2296099 -8.49366e-7 -0.5543279 -0.3333421 -8.34465e-7 -0.4988819 -0.424264 -8.64267e-7 -0.4242642 -0.4988818 -8.64267e-7 -0.3333423 -0.5543277 -8.34465e-7 -0.2296102 -0.5884712 -8.34465e-7 -0.1170544 -0.5999999 0.1733859 -1.78814e-7 -0.1707322 0.1823141 -1.78814e-7 -0.1674516 0.182314 -0.03330826 -0.5884712 0.1733859 -0.1170544 -0.5543277 0.1733859 -0.2296102 -0.1577358 0.1823141 -0.06533658 -0.1419584 0.1823142 -0.09485393 -0.4988818 0.1733859 -0.3333423 -0.1207258 0.1823141 -0.120726 -0.424264 0.1733859 -0.4242642 -0.09485387 0.1823141 -0.1419587 -0.3333421 0.1733859 -0.4988819 0.3333421 0.1733859 -0.4988819 0.09485375 0.1823141 -0.1419587 0.1207258 0.1823141 -0.120726 0.4242641 0.1733859 -0.4242642 -0.1170542 0.1733859 -0.5884713 -0.03330826 0.1823142 -0.1674517 0 0.1823139 -0.1707323 0 0.1733859 -0.6000002 0.1170542 0.1733859 -0.5884713 0.03330826 0.1823142 -0.1674517 0.06533634 0.1823141 -0.1577361 0.22961 0.1733859 -0.5543279 -0.06533646 0.1823141 -0.1577361 -0.2296099 0.1733859 -0.5543279 0.1419584 0.1823142 -0.09485393 0.4988817 0.1733859 -0.3333423 0.5884712 0.1733859 -0.1170544 0.1674516 0.182314 -0.03330826 0.1707321 0.1823141 -1.78814e-7 0.5999999 0.1733859 -1.78814e-7 0.5543277 0.1733859 0.2296099 0.1577358 0.1823141 0.06533616 0.1419584 0.1823141 0.09485369 0.4988817 0.1733859 0.3333419 0.1674516 0.1823141 0.03330785 0.5884712 0.1733859 0.1170539 0.5543277 0.1733859 -0.2296102 0.1577358 0.1823141 -0.06533658 0.4242641 0.1733859 0.4242638 0.1207257 0.1823141 0.1207256 0.09485375 0.1823141 0.1419583 0.3333421 0.1733859 0.4988815 0.06533634 0.1823142 0.1577357 0.22961 0.1733859 0.5543275 0.1170542 0.1733859 0.5884709 0.03330814 0.1823139 0.1674513 0 0.1823143 0.1707319 0 0.1733859 0.5999998 -0.1170542 0.1733859 0.5884709 -0.03330826 0.1823139 0.1674513 -0.06533646 0.1823142 0.1577357 -0.2296099 0.1733859 0.5543275 -0.09485363 0.1823141 0.1419584 -0.3333421 0.1733859 0.4988815 -0.1207258 0.1823141 0.1207256 -0.424264 0.1733859 0.4242638 -0.5884712 0.1733859 0.1170539 -0.1674516 0.1823141 0.03330785 -0.4988818 0.1733859 0.3333419 -0.1419584 0.1823141 0.09485369 -0.1577358 0.1823141 0.06533616 -0.5543277 0.1733859 0.2296099 -0.5709388 0.2131963 -1.78814e-7 -0.5331459 0.2351409 -1.78814e-7 -0.4766283 0.249538 -2.98023e-7 -0.4674702 0.249538 -0.09298574 -0.5229018 0.2351409 -0.1040117 -0.5599685 0.2131963 -0.1113848 -0.5274787 0.2131963 -0.218489 -0.4925628 0.2351409 -0.2040263 -0.4403472 0.249538 -0.182398 -0.396302 0.2495381 -0.2648008 -0.4432948 0.2351409 -0.2962003 -0.4747183 0.2131963 -0.3171968 -0.3370271 0.249538 -0.3370273 -0.3769913 0.2351409 -0.3769914 -0.4037147 0.2131963 -0.4037149 -0.2648006 0.249538 -0.3963022 -0.2962 0.2351409 -0.4432949 -0.3171966 0.2131963 -0.4747185 0.3171966 0.2131963 -0.4747185 0.2962 0.2351409 -0.4432949 0.2648006 0.249538 -0.3963022 0.3370272 0.249538 -0.3370273 0.3769912 0.2351409 -0.3769914 0.4037147 0.2131963 -0.4037149 -0.1113846 0.2131963 -0.5599685 -0.1040117 0.235141 -0.5229018 -0.09298563 0.2495381 -0.4674702 0 0.2495379 -0.4766286 0 0.2351408 -0.5331462 0 0.2131962 -0.570939 0.1113846 0.2131963 -0.5599685 0.1040116 0.235141 -0.5229018 0.09298563 0.2495381 -0.4674702 0.1823977 0.249538 -0.4403473 0.2040262 0.2351409 -0.4925629 0.2184888 0.2131963 -0.5274789 -0.1823978 0.249538 -0.4403473 -0.2040262 0.2351409 -0.4925629 -0.2184889 0.2131963 -0.5274789 0.396302 0.2495381 -0.2648008 0.4432948 0.2351409 -0.2962003 0.4747183 0.2131963 -0.3171968 0.5599685 0.2131963 -0.1113848 0.5229018 0.2351409 -0.1040117 0.4674701 0.249538 -0.09298574 0.4766283 0.249538 -1.78814e-7 0.533146 0.2351409 -1.78814e-7 0.5709388 0.2131963 -1.78814e-7 0.5274787 0.2131963 0.2184887 0.4925628 0.2351409 0.2040259 0.4403472 0.249538 0.1823976 0.3963019 0.249538 0.2648004 0.4432947 0.2351409 0.2961999 0.4747183 0.2131963 0.3171965 0.4674701 0.249538 0.09298527 0.5229018 0.2351409 0.1040114 0.5599684 0.2131963 0.1113844 0.5274787 0.2131963 -0.218489 0.4925628 0.2351409 -0.2040263 0.4403472 0.249538 -0.182398 0.4037147 0.2131963 0.4037145 0.3769912 0.2351409 0.376991 0.3370272 0.249538 0.3370269 0.2648006 0.249538 0.3963018 0.2962 0.2351409 0.4432945 0.3171966 0.2131963 0.4747182 0.1823977 0.2495381 0.4403471 0.2040262 0.235141 0.4925624 0.2184888 0.2131963 0.5274786 0.1113846 0.2131963 0.5599681 0.1040116 0.2351408 0.5229017 0.09298563 0.2495379 0.4674701 0 0.2495383 0.4766282 0 0.235141 0.533146 0 0.2131963 0.5709387 -0.1113846 0.2131963 0.5599681 -0.1040117 0.2351408 0.5229017 -0.09298563 0.2495379 0.4674701 -0.1823978 0.2495381 0.4403471 -0.2040262 0.235141 0.4925624 -0.2184889 0.2131963 0.5274786 -0.2648006 0.249538 0.3963018 -0.2962 0.2351409 0.4432945 -0.3171966 0.2131963 0.4747182 -0.3370271 0.249538 0.3370269 -0.3769913 0.2351409 0.376991 -0.4037147 0.2131963 0.4037145 -0.5599685 0.2131963 0.1113844 -0.5229018 0.2351409 0.1040114 -0.4674702 0.249538 0.09298527 -0.4747183 0.2131963 0.3171965 -0.4432948 0.2351409 0.2961999 -0.396302 0.249538 0.2648004 -0.4403472 0.249538 0.1823976 -0.4925628 0.2351409 0.2040259 -0.5274787 0.2131963 0.2184887 -0.3905263 0.2551618 -2.38419e-7 -0.3607993 0.2551618 -0.1494481 0.2169648 0.2551619 -0.3247109 -0.07618808 0.2551619 -0.3830226 0.07618796 0.2551619 -0.3830226 0.3830224 0.2551618 -0.07618802 0.3607992 0.2551619 0.1494478 0.3607992 0.2551619 -0.1494481 0.2761438 0.2551619 0.2761436 0.07618796 0.2551617 0.3830222 -0.07618808 0.2551617 0.3830222 -0.3830223 0.2551618 0.07618761 -0.3247106 0.2551619 0.2169647 -0.3830223 0.2551617 -0.07618802 -0.3247106 0.2551619 -0.216965 -0.2761438 0.2551619 -0.276144 -0.2169647 0.2551619 -0.3247109 0.2761438 0.2551619 -0.276144 0 0.2551617 -0.3905264 0.1494479 0.2551619 -0.3607994 -0.1494479 0.2551619 -0.3607994 0.3247106 0.2551619 -0.216965 0.3905263 0.2551619 -1.78814e-7 0.3247106 0.2551619 0.2169647 0.3830224 0.2551619 0.07618761 0.2169648 0.2551619 0.3247105 0.1494479 0.255162 0.360799 0 0.2551621 0.3905261 -0.1494479 0.255162 0.360799 -0.2169647 0.2551619 0.3247105 -0.2761438 0.2551619 0.2761436 -0.3607993 0.2551618 0.1494478 -0.3301854 0.2459208 -2.38419e-7 -0.3238409 0.2459208 -0.06441605 -0.3050513 0.2459208 -0.1263567 -0.274539 0.245921 -0.1834414 -0.2334764 0.2459208 -0.2334765 -0.1834411 0.2459208 -0.2745392 0.1834411 0.2459208 -0.2745392 0.2334762 0.2459208 -0.2334765 -0.06441593 0.245921 -0.323841 0 0.2459206 -0.3301855 0.06441605 0.245921 -0.323841 0.1263564 0.2459208 -0.3050516 -0.1263563 0.2459208 -0.3050516 0.274539 0.245921 -0.1834414 0.3238409 0.2459208 -0.06441605 0.3301854 0.2459208 -1.78814e-7 0.3050515 0.2459208 0.1263563 0.274539 0.2459208 0.1834411 0.3238409 0.2459208 0.06441569 0.3050515 0.2459208 -0.1263567 0.2334762 0.2459208 0.2334761 0.1834411 0.2459208 0.2745388 0.1263564 0.245921 0.3050512 0.06441605 0.2459206 0.3238407 0 0.2459211 0.3301851 -0.06441593 0.2459206 0.3238407 -0.1263563 0.245921 0.3050513 -0.1834411 0.2459208 0.2745388 -0.2334761 0.2459208 0.2334761 -0.3238409 0.2459208 0.06441569 -0.274539 0.2459208 0.1834411 -0.3050513 0.2459208 0.1263563 -0.3182249 0.259727 -2.38419e-7 -0.3121104 0.2597269 -0.0620827 -0.2940016 0.259727 -0.1217796 -0.2645943 0.259727 -0.1767965 -0.2250189 0.259727 -0.2250192 -0.1767964 0.259727 -0.2645945 0.1767963 0.259727 -0.2645945 0.2250189 0.259727 -0.2250192 -0.06208276 0.2597271 -0.3121105 0 0.2597268 -0.3182251 0.06208258 0.2597271 -0.3121105 0.1217794 0.259727 -0.2940016 -0.1217794 0.259727 -0.2940016 0.2645943 0.259727 -0.1767965 0.3121103 0.2597269 -0.0620827 0.3182249 0.259727 -1.78814e-7 0.2940015 0.259727 0.1217792 0.2645942 0.259727 0.1767963 0.3121103 0.259727 0.06208229 0.2940015 0.259727 -0.1217796 0.2250189 0.259727 0.2250188 0.1767963 0.259727 0.2645941 0.1217794 0.2597271 0.2940012 0.06208258 0.2597268 0.3121101 0 0.2597272 0.3182247 -0.06208276 0.2597268 0.3121101 -0.1217794 0.2597271 0.2940013 -0.1767964 0.259727 0.2645941 -0.2250189 0.259727 0.2250188 -0.3121104 0.259727 0.06208229 -0.2645941 0.259727 0.1767963 -0.2940016 0.259727 0.1217792 -0.2726286 0.259727 -2.38419e-7 -0.26739 0.2597269 -0.05318725 -0.2518759 0.259727 -0.1043305 -0.2266821 0.259727 -0.1514645 -0.1927773 0.259727 -0.1927776 -0.1514642 0.259727 -0.2266824 0.1514642 0.259727 -0.2266824 0.1927773 0.259727 -0.1927776 -0.05318713 0.2597271 -0.2673901 0 0.2597268 -0.2726286 0.05318719 0.2597271 -0.2673901 0.1043304 0.259727 -0.2518759 -0.1043303 0.259727 -0.2518759 0.2266821 0.259727 -0.1514645 0.26739 0.2597269 -0.05318725 0.2726284 0.259727 -1.78814e-7 0.2518758 0.259727 0.1043302 0.226682 0.259727 0.1514642 0.26739 0.259727 0.05318689 0.2518758 0.259727 -0.1043305 0.1927773 0.259727 0.1927772 0.1514643 0.259727 0.226682 0.1043304 0.2597271 0.2518756 0.05318719 0.2597268 0.2673897 0 0.2597272 0.2726283 -0.05318713 0.2597268 0.2673897 -0.1043303 0.2597271 0.2518756 -0.1514642 0.259727 0.2266821 -0.1927773 0.259727 0.1927772 -0.26739 0.259727 0.05318689 -0.2266821 0.259727 0.1514642 -0.2518759 0.259727 0.1043302 -0.5999999 -0.1733876 -1.78814e-7 -0.1707322 -0.1823158 -1.78814e-7 -0.1674516 -0.1823157 -0.03330826 -0.5884712 -0.1733876 -0.1170544 -0.5543277 -0.1733876 -0.2296102 -0.1577358 -0.1823158 -0.06533658 -0.1419584 -0.1823159 -0.09485393 -0.4988818 -0.1733876 -0.3333423 -0.1207258 -0.1823158 -0.120726 -0.424264 -0.1733876 -0.4242642 -0.09485387 -0.1823158 -0.1419587 -0.3333421 -0.1733876 -0.4988819 0.3333421 -0.1733876 -0.4988819 0.09485375 -0.1823158 -0.1419587 0.1207258 -0.1823158 -0.120726 0.4242641 -0.1733876 -0.4242642 -0.1170542 -0.1733876 -0.5884713 -0.03330826 -0.1823159 -0.1674517 0 -0.1823155 -0.1707323 0 -0.1733876 -0.6000002 0.1170542 -0.1733876 -0.5884713 0.03330826 -0.1823159 -0.1674517 0.06533634 -0.1823158 -0.1577361 0.22961 -0.1733876 -0.5543279 -0.06533646 -0.1823158 -0.1577361 -0.2296099 -0.1733876 -0.5543279 0.1419584 -0.1823159 -0.09485393 0.4988817 -0.1733876 -0.3333423 0.5884712 -0.1733876 -0.1170544 0.1674516 -0.1823157 -0.03330826 0.1707321 -0.1823158 -1.78814e-7 0.5999999 -0.1733876 -1.78814e-7 0.5543277 -0.1733876 0.2296099 0.1577358 -0.1823158 0.06533616 0.1419584 -0.1823158 0.09485369 0.4988817 -0.1733876 0.3333419 0.1674516 -0.1823158 0.03330785 0.5884712 -0.1733876 0.1170539 0.5543277 -0.1733876 -0.2296102 0.1577358 -0.1823158 -0.06533658 0.4242641 -0.1733876 0.4242638 0.1207257 -0.1823158 0.1207256 0.09485375 -0.1823158 0.1419583 0.3333421 -0.1733876 0.4988815 0.06533634 -0.1823159 0.1577357 0.22961 -0.1733876 0.5543275 0.1170542 -0.1733876 0.5884709 0.03330814 -0.1823155 0.1674513 0 -0.182316 0.1707319 0 -0.1733876 0.5999998 -0.1170542 -0.1733876 0.5884709 -0.03330826 -0.1823155 0.1674513 -0.06533646 -0.1823159 0.1577357 -0.2296099 -0.1733876 0.5543275 -0.09485363 -0.1823158 0.1419584 -0.3333421 -0.1733876 0.4988815 -0.1207258 -0.1823158 0.1207256 -0.424264 -0.1733876 0.4242638 -0.5884712 -0.1733876 0.1170539 -0.1674516 -0.1823158 0.03330785 -0.4988818 -0.1733876 0.3333419 -0.1419584 -0.1823158 0.09485369 -0.1577358 -0.1823158 0.06533616 -0.5543277 -0.1733876 0.2296099 -0.5709388 -0.213198 -1.78814e-7 -0.5331459 -0.2351425 -1.78814e-7 -0.4766283 -0.2495397 -2.98023e-7 -0.4674702 -0.2495397 -0.09298574 -0.5229018 -0.2351425 -0.1040117 -0.5599685 -0.213198 -0.1113848 -0.5274787 -0.213198 -0.218489 -0.4925628 -0.2351425 -0.2040263 -0.4403472 -0.2495397 -0.182398 -0.396302 -0.2495398 -0.2648008 -0.4432948 -0.2351425 -0.2962003 -0.4747183 -0.213198 -0.3171968 -0.3370271 -0.2495397 -0.3370273 -0.3769913 -0.2351425 -0.3769914 -0.4037147 -0.213198 -0.4037149 -0.2648006 -0.2495397 -0.3963022 -0.2962 -0.2351425 -0.4432949 -0.3171966 -0.213198 -0.4747185 0.3171966 -0.213198 -0.4747185 0.2962 -0.2351425 -0.4432949 0.2648006 -0.2495397 -0.3963022 0.3370272 -0.2495397 -0.3370273 0.3769912 -0.2351425 -0.3769914 0.4037147 -0.213198 -0.4037149 -0.1113846 -0.213198 -0.5599685 -0.1040117 -0.2351427 -0.5229018 -0.09298563 -0.2495398 -0.4674702 0 -0.2495396 -0.4766286 0 -0.2351424 -0.5331462 0 -0.2131979 -0.570939 0.1113846 -0.213198 -0.5599685 0.1040116 -0.2351427 -0.5229018 0.09298563 -0.2495398 -0.4674702 0.1823977 -0.2495397 -0.4403473 0.2040262 -0.2351425 -0.4925629 0.2184888 -0.213198 -0.5274789 -0.1823978 -0.2495397 -0.4403473 -0.2040262 -0.2351425 -0.4925629 -0.2184889 -0.213198 -0.5274789 0.396302 -0.2495398 -0.2648008 0.4432948 -0.2351425 -0.2962003 0.4747183 -0.213198 -0.3171968 0.5599685 -0.213198 -0.1113848 0.5229018 -0.2351425 -0.1040117 0.4674701 -0.2495397 -0.09298574 0.4766283 -0.2495397 -1.78814e-7 0.533146 -0.2351425 -1.78814e-7 0.5709388 -0.213198 -1.78814e-7 0.5274787 -0.213198 0.2184887 0.4925628 -0.2351425 0.2040259 0.4403472 -0.2495397 0.1823976 0.3963019 -0.2495397 0.2648004 0.4432947 -0.2351425 0.2961999 0.4747183 -0.213198 0.3171965 0.4674701 -0.2495397 0.09298527 0.5229018 -0.2351425 0.1040114 0.5599684 -0.213198 0.1113844 0.5274787 -0.213198 -0.218489 0.4925628 -0.2351425 -0.2040263 0.4403472 -0.2495397 -0.182398 0.4037147 -0.213198 0.4037145 0.3769912 -0.2351425 0.376991 0.3370272 -0.2495397 0.3370269 0.2648006 -0.2495397 0.3963018 0.2962 -0.2351425 0.4432945 0.3171966 -0.213198 0.4747182 0.1823977 -0.2495398 0.4403471 0.2040262 -0.2351427 0.4925624 0.2184888 -0.213198 0.5274786 0.1113846 -0.213198 0.5599681 0.1040116 -0.2351424 0.5229017 0.09298563 -0.2495396 0.4674701 0 -0.2495399 0.4766282 0 -0.2351427 0.533146 0 -0.213198 0.5709387 -0.1113846 -0.213198 0.5599681 -0.1040117 -0.2351424 0.5229017 -0.09298563 -0.2495396 0.4674701 -0.1823978 -0.2495398 0.4403471 -0.2040262 -0.2351427 0.4925624 -0.2184889 -0.213198 0.5274786 -0.2648006 -0.2495397 0.3963018 -0.2962 -0.2351425 0.4432945 -0.3171966 -0.213198 0.4747182 -0.3370271 -0.2495397 0.3370269 -0.3769913 -0.2351425 0.376991 -0.4037147 -0.213198 0.4037145 -0.5599685 -0.213198 0.1113844 -0.5229018 -0.2351425 0.1040114 -0.4674702 -0.2495397 0.09298527 -0.4747183 -0.213198 0.3171965 -0.4432948 -0.2351425 0.2961999 -0.396302 -0.2495397 0.2648004 -0.4403472 -0.2495397 0.1823976 -0.4925628 -0.2351425 0.2040259 -0.5274787 -0.213198 0.2184887 -0.3905263 -0.2551636 -2.38419e-7 -0.3607993 -0.2551636 -0.1494481 0.2169648 -0.2551635 -0.3247109 -0.07618808 -0.2551636 -0.3830226 0.07618796 -0.2551636 -0.3830226 0.3830224 -0.2551634 -0.07618802 0.3607992 -0.2551634 0.1494478 0.3607992 -0.2551634 -0.1494481 0.2761438 -0.2551635 0.2761436 0.07618796 -0.2551633 0.3830222 -0.07618808 -0.2551633 0.3830222 -0.3830223 -0.2551636 0.07618761 -0.3247106 -0.2551635 0.2169647 -0.3830223 -0.2551634 -0.07618802 -0.3247106 -0.2551636 -0.216965 -0.2761438 -0.2551635 -0.276144 -0.2169647 -0.2551635 -0.3247109 0.2761438 -0.2551635 -0.276144 0 -0.2551633 -0.3905264 0.1494479 -0.2551635 -0.3607994 -0.1494479 -0.2551635 -0.3607994 0.3247106 -0.2551636 -0.216965 0.3905263 -0.2551634 -1.78814e-7 0.3247106 -0.2551635 0.2169647 0.3830224 -0.2551634 0.07618761 0.2169648 -0.2551635 0.3247105 0.1494479 -0.2551637 0.360799 0 -0.2551638 0.3905261 -0.1494479 -0.2551637 0.360799 -0.2169647 -0.2551635 0.3247105 -0.2761438 -0.2551635 0.2761436 -0.3607993 -0.2551636 0.1494478 -0.3301854 -0.2459225 -2.38419e-7 -0.3238409 -0.2459225 -0.06441605 -0.3050513 -0.2459225 -0.1263567 -0.274539 -0.2459226 -0.1834414 -0.2334764 -0.2459225 -0.2334765 -0.1834411 -0.2459225 -0.2745392 0.1834411 -0.2459225 -0.2745392 0.2334762 -0.2459225 -0.2334765 -0.06441593 -0.2459226 -0.323841 0 -0.2459223 -0.3301855 0.06441605 -0.2459226 -0.323841 0.1263564 -0.2459225 -0.3050516 -0.1263563 -0.2459225 -0.3050516 0.274539 -0.2459226 -0.1834414 0.3238409 -0.2459225 -0.06441605 0.3301854 -0.2459225 -1.78814e-7 0.3050515 -0.2459225 0.1263563 0.274539 -0.2459225 0.1834411 0.3238409 -0.2459225 0.06441569 0.3050515 -0.2459225 -0.1263567 0.2334762 -0.2459225 0.2334761 0.1834411 -0.2459225 0.2745388 0.1263564 -0.2459226 0.3050512 0.06441605 -0.2459223 0.3238407 0 -0.2459228 0.3301851 -0.06441593 -0.2459223 0.3238407 -0.1263563 -0.2459226 0.3050513 -0.1834411 -0.2459225 0.2745388 -0.2334761 -0.2459225 0.2334761 -0.3238409 -0.2459225 0.06441569 -0.274539 -0.2459225 0.1834411 -0.3050513 -0.2459225 0.1263563 -0.3182249 -0.2597287 -2.38419e-7 -0.3121104 -0.2597286 -0.0620827 -0.2940016 -0.2597287 -0.1217796 -0.2645943 -0.2597287 -0.1767965 -0.2250189 -0.2597287 -0.2250192 -0.1767964 -0.2597287 -0.2645945 0.1767963 -0.2597287 -0.2645945 0.2250189 -0.2597287 -0.2250192 -0.0620827 -0.2597288 -0.3121105 0 -0.2597284 -0.3182251 0.06208264 -0.2597288 -0.3121105 0.1217794 -0.2597287 -0.2940016 -0.1217794 -0.2597287 -0.2940016 0.2645943 -0.2597287 -0.1767965 0.3121103 -0.2597286 -0.0620827 0.3182249 -0.2597287 -1.78814e-7 0.2940015 -0.2597287 0.1217792 0.2645942 -0.2597287 0.1767963 0.3121103 -0.2597287 0.06208229 0.2940015 -0.2597287 -0.1217796 0.2250189 -0.2597287 0.2250188 0.1767963 -0.2597287 0.2645941 0.1217794 -0.2597288 0.2940012 0.06208264 -0.2597284 0.3121101 0 -0.2597289 0.3182247 -0.0620827 -0.2597284 0.3121101 -0.1217794 -0.2597288 0.2940013 -0.1767964 -0.2597287 0.2645941 -0.2250189 -0.2597287 0.2250188 -0.3121104 -0.2597287 0.06208229 -0.2645941 -0.2597287 0.1767963 -0.2940016 -0.2597287 0.1217792 -0.2726286 -0.2597287 -2.38419e-7 -0.26739 -0.2597286 -0.05318725 -0.2518759 -0.2597287 -0.1043305 -0.2266821 -0.2597287 -0.1514645 -0.1927773 -0.2597287 -0.1927776 -0.1514642 -0.2597287 -0.2266824 0.1514642 -0.2597287 -0.2266824 0.1927773 -0.2597287 -0.1927776 -0.05318707 -0.2597288 -0.2673901 0 -0.2597284 -0.2726286 0.05318725 -0.2597288 -0.2673901 0.1043304 -0.2597287 -0.2518759 -0.1043303 -0.2597287 -0.2518759 0.2266821 -0.2597287 -0.1514645 0.26739 -0.2597286 -0.05318725 0.2726284 -0.2597287 -1.78814e-7 0.2518758 -0.2597287 0.1043302 0.226682 -0.2597287 0.1514642 0.26739 -0.2597287 0.05318689 0.2518758 -0.2597287 -0.1043305 0.1927773 -0.2597287 0.1927772 0.1514643 -0.2597287 0.226682 0.1043304 -0.2597288 0.2518756 0.05318725 -0.2597284 0.2673897 0 -0.2597289 0.2726283 -0.05318707 -0.2597284 0.2673897 -0.1043303 -0.2597288 0.2518756 -0.1514642 -0.2597287 0.2266821 -0.1927773 -0.2597287 0.1927772 -0.26739 -0.2597287 0.05318689 -0.2266821 -0.2597287 0.1514642 -0.2518759 -0.2597287 0.1043302</float_array>
          <technique_common>
            <accessor source="#Wheel_LOD300-mesh-positions-array" count="608" stride="3">
              <param name="X" type="float"/>
              <param name="Y" type="float"/>
              <param name="Z" type="float"/>
            </accessor>
          </technique_common>
        </source>
        <source id="Wheel_LOD300-mesh-normals">
          <float_array id="Wheel_LOD300-mesh-normals-array" count="2550">-0.9807856 0 0.1950889 -0.9525063 0.3045189 4.8479e-7 -1 0 -7.91172e-7 0.8314692 0 0.5555708 0.6735214 0.3045246 0.6735234 0.7071063 0 0.7071073 -0.9238795 0 -0.3826836 -0.7919777 0.3045247 -0.5291844 -0.8314691 0 -0.555571 0.5291825 0.3045223 0.7919799 0.5555703 0 0.8314697 0.7071071 0 -0.7071065 0.5291822 0.3045229 -0.7919798 0.6735209 0.3045262 -0.6735232 -0.1950909 0 0.9807853 -0.3645094 0.3045226 0.8799993 -0.3826845 0 0.9238792 -0.1950905 0 -0.9807853 -4.20988e-7 0.3045307 -0.9525025 0 0 -1 0.1858243 0.3045196 -0.9342041 0.1950907 0 -0.9807853 0.7919769 0.3045297 -0.5291827 0.83147 0 -0.5555698 -0.5555703 0 0.8314697 -0.6735207 0.3045244 0.6735242 -0.7071066 0 0.707107 0.9238798 0 -0.3826829 0.9342009 0.3045295 -0.1858242 0.9807856 0 -0.1950891 -0.7919774 0.3045246 0.5291851 -0.8314698 0 0.5555701 0.9807853 0 0.1950905 0.8799991 0.3045238 0.3645093 0.9238793 0 0.3826842 1.74866e-6 1 -6.41348e-6 -4.35529e-7 1 3.67749e-7 -4.44589e-7 1 -3.44751e-6 0.9525045 0.3045247 1.01804e-6 1 0 8.48365e-7 0.7919776 0.3045252 0.5291842 -0.6735238 0.3045178 -0.6735242 -0.7071064 0 -0.7071073 -0.9807853 0 -0.1950907 -0.8799989 0.3045253 -0.3645084 0.9342021 0.3045251 0.185825 -0.5555704 0 -0.8314697 -0.5291842 0.3045254 -0.7919776 0.3826841 0 0.9238794 0.3645066 0.3045255 0.8799995 -0.3645092 0.3045229 -0.8799993 -0.3826836 0 -0.9238795 -0.8799986 0.3045249 0.3645093 -0.9238799 0 0.3826826 0.1858247 0.3045184 0.9342044 0.1950902 0 0.9807853 0.3826839 0 -0.9238795 0.5555703 0 -0.8314697 -0.9342008 0.30453 0.185824 6.01513e-7 0.3045245 0.9525045 -0.1858237 0.3045321 0.9342001 -0.1858254 0.3045262 -0.9342017 -0.5291842 0.3045194 0.7919799 0.8800007 0.3045194 -0.364509 0 0 1 0.3645058 0.3045247 -0.8800002 0.03380626 0.9993303 0.01400399 -0.159155 0.986746 -0.03165751 0.03589248 0.9993302 0.007139861 -0.6631894 0.7367348 -0.1319155 -0.6761863 0.7367307 0 -0.6631894 0.7367349 0.1319153 0.0304284 0.9993302 0.02033126 -0.1147433 0.9867461 -0.1147442 -0.1349256 0.9867459 -0.09015434 -0.6247113 0.7367345 -0.2587625 -0.1499216 0.9867458 -0.06209921 -0.272548 0.9227321 -0.2725493 -0.5622261 0.736734 -0.3756659 -0.3204833 0.9227321 -0.2141399 0.02033025 0.9993302 0.03042638 0.02587723 0.9993301 0.02587717 -0.2141398 0.9227323 -0.3204828 -0.4781346 0.7367329 -0.4781339 -0.3756675 0.7367341 -0.5622249 -0.06209951 0.986746 -0.1499201 -0.09015458 0.9867458 -0.134926 -0.03042846 0.9993302 0.02033114 0.1147439 0.986746 -0.1147443 -0.02587723 0.9993301 0.02587717 0.4781354 0.7367314 -0.4781352 0.3756683 0.7367339 -0.5622246 0.2587648 0.736734 -0.624711 0 0.9993302 0.03659367 0.03165709 0.986746 -0.1591548 0 0.9867459 -0.1622736 0 0.7367377 -0.6761787 -0.1319165 0.7367337 -0.6631903 -0.2587649 0.7367337 -0.6247113 -0.03380674 0.9993304 0.01400399 0.1349256 0.9867458 -0.09015446 0.1319172 0.7367334 -0.6631906 -0.007140219 0.9993302 0.03589028 0.06209921 0.986746 -0.1499199 0 0.9227326 -0.3854408 0.07519531 0.9227319 -0.3780366 -0.3561013 0.9227323 -0.1475024 -0.3780345 0.9227327 -0.07519549 -0.934201 0.3045295 -0.1858233 -0.147502 0.9227326 -0.3561007 0.147502 0.9227324 -0.3561015 0.3204833 0.9227321 -0.2141401 0.2725487 0.9227321 -0.2725487 0.5622225 0.7367373 -0.375665 -0.07519531 0.9227318 -0.3780367 -0.0203303 0.9993302 0.0304265 0.09015458 0.9867458 -0.1349259 0.2141392 0.9227328 -0.320482 -0.01400458 0.9993302 0.03381097 -0.03659397 0.9993302 -7.82501e-7 0.1591552 0.986746 0.03165781 0.162273 0.986746 -2.39461e-7 0.6631894 0.7367348 -0.1319153 0.6247118 0.7367339 -0.2587633 -0.03042685 0.9993302 -0.02033054 0.1147441 0.9867461 0.114744 0.1349252 0.9867459 0.09015411 0.6247117 0.7367342 0.2587626 0.6631899 0.7367345 0.1319153 0.3780354 0.9227323 0.07519584 0.6761854 0.7367315 -3.00108e-7 0.3854418 0.9227322 0 0.3561009 0.9227327 0.1475018 -0.03589224 0.9993302 0.007139742 0.1591547 0.986746 -0.03165769 0.3780348 0.9227327 -0.07519578 0.1499217 0.9867458 -0.06209909 -0.0140056 0.9993302 -0.03380858 0.09015476 0.9867459 0.1349251 -0.02033054 0.9993302 -0.03042858 0.4781354 0.7367314 0.4781353 -0.02587789 0.9993302 -0.02587777 0.1475017 0.9227319 0.3561027 0.3756687 0.7367336 0.5622249 0.2141394 0.9227328 0.3204817 -0.007137954 0.9993302 -0.03588992 0.06209844 0.986746 0.1499211 0.007138311 0.9993304 -0.0358898 0 0.986746 0.1622725 0 0.9993301 -0.03659695 -7.45954e-7 0.7367354 0.6761813 0.131918 0.7367342 0.6631895 0.03165847 0.9867458 0.1591556 0.0140053 0.9993302 -0.03380781 -0.09015488 0.9867459 0.1349252 -0.06209862 0.986746 0.1499212 -0.1319176 0.736735 0.6631888 -0.03165853 0.9867459 0.1591555 0.07519626 0.9227325 0.3780347 0.2587648 0.7367336 0.6247115 0 0.9227316 0.3854433 -0.03380912 0.9993302 -0.01400405 0.149921 0.986746 0.06209921 0.3204823 0.9227326 0.2141396 -0.03589236 0.9993302 -0.007139325 0.5622234 0.7367365 0.3756651 0.2725489 0.9227321 0.2725485 -0.07519626 0.9227324 0.3780349 -0.2587646 0.7367331 0.6247122 -0.03165709 0.986746 -0.1591549 0.007140338 0.9993302 0.03589123 0.01400458 0.9993301 0.03381031 -0.1475019 0.922732 0.3561025 -0.3756686 0.7367329 0.5622257 0.0203306 0.9993302 -0.03042858 -0.1147437 0.986746 0.114744 -0.2141396 0.9227327 0.3204821 -0.4781343 0.7367335 0.4781333 0.03042751 0.9993302 -0.02033102 0.02587777 0.9993301 -0.02587771 0.3561011 0.9227324 -0.1475022 -0.1622731 0.9867459 -2.59727e-7 0.03659391 0.9993302 -6.8658e-7 -0.3854421 0.922732 0 -0.1591548 0.986746 0.03165781 0.03589451 0.9993302 -0.007139801 -0.6247119 0.736734 0.2587628 -0.5622259 0.7367342 0.3756658 0.03380614 0.9993303 -0.01400327 -0.1349253 0.986746 0.09015411 -0.3204824 0.9227326 0.2141394 -0.1499214 0.9867458 0.06209939 -0.272548 0.9227323 0.272549 -0.356101 0.9227326 0.147502 -0.378035 0.9227325 0.07519567 0.1513807 0.9884756 -4.93107e-7 0.1398565 0.9884756 0.05793172 0.1070429 0.9884755 0.1070422 0.1258677 0.9884757 0.08410209 -0.1070426 0.9884756 0.107042 -0.08410286 0.9884755 0.1258689 0.02953332 0.9884758 0.1484708 -0.02953445 0.9884756 0.1484714 0 0.9884755 0.1513814 0.1484704 0.9884759 0.02953261 0.05793058 0.9884756 0.1398576 0.08410292 0.9884755 0.1258691 -0.05793064 0.9884755 0.1398583 -0.1513808 0.9884756 -5.24101e-7 -0.1484704 0.9884758 0.02953279 -0.1258689 0.9884755 -0.08410298 -0.1398581 0.9884755 -0.05793058 -0.1398569 0.9884756 0.05793166 -0.1070423 0.9884756 -0.1070431 -0.05793333 0.9884755 -0.1398568 -0.08410203 0.9884755 -0.1258696 -7.31864e-7 0.9884754 -0.1513816 -0.02953231 0.9884756 -0.148472 0.05793273 0.9884755 -0.1398575 0.02953189 0.9884756 -0.1484722 -0.1484723 0.9884756 -0.02953326 0.1070423 0.9884755 -0.1070433 0.08410227 0.9884755 -0.1258698 -0.1258674 0.9884757 0.08410203 0.1484723 0.9884755 -0.02953284 0.1398576 0.9884755 -0.05793112 0.1258689 0.9884755 -0.08410346 -0.7413005 0.6547755 -0.1474537 -0.7558196 0.65478 -6.31699e-7 -0.7558183 0.6547814 -8.01966e-7 -0.6284422 0.6547793 -0.4199101 -0.6982941 0.6547714 -0.2892402 -0.698293 0.6547712 -0.2892432 -0.5344421 0.6547809 -0.5344472 -0.6284419 0.65478 -0.4199095 -0.5344444 0.6547805 -0.5344453 -0.4199127 0.6547762 -0.6284437 0.5344452 0.6547793 -0.534446 0.4199121 0.6547778 -0.6284424 0.4199123 0.6547777 -0.6284425 0 0.6547786 -0.7558208 -0.1474547 0.6547766 -0.7412994 -0.1474527 0.6547767 -0.7412998 0.2892411 0.6547784 -0.6982872 0.1474522 0.6547785 -0.7412982 0.1474518 0.6547784 -0.7412984 0 0.6547787 -0.7558207 -0.741302 0.6547745 -0.147451 -0.2892419 0.6547765 -0.6982886 -0.4199134 0.6547758 -0.6284436 0.628441 0.65478 -0.4199109 0.5344451 0.6547794 -0.5344459 0.2892411 0.6547784 -0.6982871 0.7558178 0.6547821 -5.83768e-7 0.7412955 0.6547806 -0.1474566 0.7412967 0.65478 -0.1474534 0.6982882 0.6547777 0.2892402 0.6284391 0.6547799 0.419914 0.6982883 0.6547776 0.2892401 0.7412992 0.654777 0.1474538 0.755818 0.6547818 -3.79685e-6 0.698287 0.654778 -0.2892423 0.6982885 0.6547778 -0.2892392 0.5344462 0.6547785 0.5344458 0.4199106 0.654777 0.6284443 0.5344435 0.654779 0.5344482 0.4199132 0.6547768 0.6284427 0.2892386 0.6547775 0.6982889 0.1474541 0.6547789 0.7412974 0 0.6547777 0.7558217 0.1474543 0.6547793 0.7412971 -0.1474547 0.6547773 0.7412988 -0.2892426 0.6547771 0.6982877 -0.1474537 0.6547774 0.7412989 0.2892386 0.6547774 0.698289 0.7413001 0.6547768 0.1474509 0.6284407 0.65478 0.4199113 1.66791e-7 0.6547772 0.755822 -0.2892444 0.6547763 -0.6982877 -0.2892401 0.654777 0.6982889 -0.4199163 0.6547747 0.6284429 -0.4199138 0.6547747 0.6284446 -0.534448 0.6547759 0.5344474 0.6284409 0.6547801 -0.4199108 -0.7413017 0.6547741 0.1474543 -0.7413032 0.6547729 0.1474519 -0.6982932 0.6547715 0.2892423 -0.6284374 0.6547815 0.4199139 -0.6284383 0.6547821 0.4199116 -0.6982943 0.65477 0.289243 -0.5344489 0.6547754 0.5344471 0 1 4.83296e-7 0 1 -9.22556e-7 0 1 -7.68059e-7 -3.08159e-7 1 1.00769e-6 0 1 0 -3.67408e-7 1 6.58002e-7 0 1 0 0 1 -4.34353e-7 0 1 0 0 1 -2.1071e-7 0 1 -3.84027e-7 1.93976e-6 1 0 2.39405e-7 1 -2.9697e-7 1.82146e-6 1 -3.51472e-7 -2.31831e-6 1 -5.89584e-7 9.93071e-7 1 2.53842e-7 -2.16753e-6 1 -1.45105e-7 3.15467e-7 1 -3.44104e-7 0 1 1.52823e-7 0 1 -3.13528e-7 -8.86993e-7 1 2.85869e-7 1.03533e-6 1 0 1.70783e-7 1 0 0 1 -9.22554e-7 0 1 0 0 1 1.52935e-7 0 1 1.48484e-7 0 1 0 0 1 1.28184e-7 0 1 -7.68056e-7 3.19844e-7 1 9.13092e-7 4.28845e-7 1 1.05306e-6 9.31772e-7 1 -9.14993e-7 0 1 2.66771e-7 0 1 -3.38968e-7 -2.20113e-6 1 9.5575e-7 9.11592e-7 1 -3.46269e-7 -4.20625e-7 1 -1.91169e-7 1.32067e-6 1 0 1.45945e-6 1 3.29708e-7 1.87918e-6 1 4.83563e-7 -7.56264e-7 1 3.04698e-7 -7.54519e-7 1 2.76055e-7 -2.09222e-6 1 6.62339e-7 0 1 0 0 1 0 -3.19207e-7 1 -2.9697e-7 -9.71502e-7 1 5.04698e-7 -8.92712e-7 1 -2.35382e-7 1.73261e-6 1 8.51438e-7 0 1 0 -7.98269e-7 1 -2.2364e-7 0 1 0 0 1 0 0 1 -1.23376e-7 0 1 -1.52934e-7 0 1 -2.1071e-7 0 1 -3.84028e-7 0.502992 0.7962691 -0.3360872 0.4277573 0.7962689 -0.4277611 0.4277591 0.7962691 -0.4277591 0.5933185 0.7962692 -0.1180193 0.5588929 0.7962692 -0.2315041 0.558894 0.7962694 -0.2315012 0.5029898 0.7962691 -0.3360904 0.6049428 0.7962689 -1.27878e-6 0.5933185 0.7962689 -0.1180214 -0.5029919 0.7962688 0.336088 -0.5588936 0.7962689 0.2315033 -0.502991 0.7962695 0.3360878 0.3360871 0.7962688 -0.5029926 0.3360872 0.7962691 -0.5029921 0.2315044 0.7962684 -0.5588938 0.2315029 0.7962686 -0.5588943 0.1180208 0.7962685 0.5933193 0.231503 0.7962688 0.5588941 0.2314994 0.7962688 0.5588954 0 0.7962681 -0.604944 0.1180175 0.7962694 -0.5933188 0 0.7962691 -0.6049428 -0.5029913 0.7962691 -0.3360884 -0.4277595 0.7962689 -0.4277588 -0.5029919 0.7962687 -0.3360884 -0.5933187 0.7962692 -0.1180189 -0.5588942 0.7962688 -0.2315024 -0.5933191 0.7962689 -0.1180186 -0.2315041 0.7962685 -0.5588937 -0.1180176 0.7962694 -0.5933187 -0.2315031 0.796269 -0.5588937 0.1180172 0.7962687 -0.5933196 -0.1180173 0.796269 -0.5933194 -0.3360895 0.7962692 -0.5029904 -0.3360871 0.7962691 -0.502992 -0.4277586 0.7962691 -0.4277595 -0.5933188 0.7962692 0.118018 -0.5588927 0.7962691 0.2315047 -0.6049429 0.7962689 1.71513e-6 -0.6049429 0.7962689 -1.63637e-6 -0.5588939 0.7962691 -0.2315018 -0.5933185 0.796269 0.1180211 -0.3360882 0.7962688 0.5029917 -0.2315009 0.7962688 0.5588948 -0.2314999 0.796269 0.5588951 -0.4277592 0.7962692 0.4277589 -0.4277608 0.7962688 0.4277577 0.3360903 0.7962686 0.5029908 0.3360882 0.7962688 0.502992 0.5588929 0.7962691 0.2315046 0.5933187 0.7962692 0.1180187 0.5933187 0.796269 0.1180204 -0.118021 0.7962685 0.5933191 2.65031e-7 0.7962694 0.6049424 0 0.796269 0.6049429 -0.1180205 0.7962689 0.5933188 0.1180205 0.7962689 0.5933187 -0.3360882 0.7962688 0.502992 0.4277592 0.7962691 0.4277589 0.4277609 0.796269 0.4277575 0.5029917 0.7962692 0.3360877 0.5029894 0.7962693 0.3360906 0.5588935 0.7962693 0.2315024 0.604943 0.7962689 -1.08753e-6 -0.9525063 -0.3045189 4.92445e-7 0.6735214 -0.3045233 0.673524 -0.8799991 -0.304524 -0.3645091 0.6735209 -0.3045248 -0.6735237 -0.3645089 -0.3045238 0.8799992 -0.185826 -0.3045238 -0.9342024 4.15885e-7 -0.3045307 -0.9525025 0.7919776 -0.3045244 -0.5291847 -0.5291847 -0.3045169 0.7919805 0.9342009 -0.3045295 -0.1858242 -0.7919774 -0.3045243 0.5291852 0.8799989 -0.304525 0.3645088 -2.5488e-7 -1 -3.72955e-6 -1.22624e-6 -1 1.13874e-6 -2.95978e-7 -1 -6.27124e-6 0.9525045 -0.3045247 1.00656e-6 0.7919782 -0.304524 0.5291841 -0.6735236 -0.3045189 -0.6735237 0.9342021 -0.3045251 0.1858249 -0.5291846 -0.3045229 -0.7919782 0.3645067 -0.3045228 0.8800004 -0.8799988 -0.3045247 0.3645094 0.3645064 -0.3045234 -0.8800004 -0.9342007 -0.3045299 0.185824 -0.1858236 -0.3045307 0.9342006 0.8799985 -0.3045247 -0.3645097 1.6355e-6 -0.3045244 0.9525046 -0.159155 -0.986746 -0.03165763 0.03380638 -0.9993304 0.01400375 0.03589248 -0.9993302 0.007139921 -0.6631895 -0.7367347 -0.1319154 -0.6761863 -0.7367308 0 -0.6631894 -0.7367349 0.1319153 0.03042864 -0.9993302 0.02033096 -0.114743 -0.9867462 -0.114744 0.02587741 -0.9993302 0.0258767 -0.6247113 -0.7367346 -0.2587626 -0.7919771 -0.304526 -0.5291846 -0.5622261 -0.7367339 -0.3756662 -0.1349256 -0.9867458 -0.09015411 -0.2725481 -0.9227322 -0.2725491 -0.3204834 -0.9227321 -0.2141402 -0.4781348 -0.7367328 -0.4781339 0.02033025 -0.9993302 0.03042656 -0.2141398 -0.9227322 -0.320483 -0.3756675 -0.736734 -0.562225 -0.06209951 -0.986746 -0.14992 0.01400393 -0.9993302 0.03381007 0.1147437 -0.986746 -0.114744 -0.03042823 -0.9993302 0.02033144 -0.02587747 -0.9993302 0.02587682 0.529182 -0.3045256 -0.7919789 0.4781354 -0.7367313 -0.4781355 0.3756684 -0.736734 -0.5622245 0.2587649 -0.7367339 -0.6247111 0 -0.9993302 0.03659343 0.03165704 -0.986746 -0.1591551 -0.007140517 -0.9993302 0.03589022 0 -0.7367379 -0.6761785 -0.1319166 -0.7367339 -0.6631902 -0.3645087 -0.3045255 -0.8799988 -0.2587646 -0.7367334 -0.6247118 0.1349256 -0.9867459 -0.0901544 -0.03380632 -0.9993303 0.01400411 0.1858244 -0.3045209 -0.9342037 0.1319171 -0.7367334 -0.6631907 0.06209957 -0.986746 -0.1499204 -0.01400315 -0.9993302 0.03380942 0 -0.9227328 -0.3854406 0.07519531 -0.9227319 -0.3780365 0.1475021 -0.9227322 -0.3561017 -0.3561014 -0.9227323 -0.1475023 -0.3780345 -0.9227328 -0.07519555 -0.1475019 -0.9227325 -0.356101 0.2141392 -0.9227328 -0.320482 0.3204833 -0.9227321 -0.2141401 0.2725488 -0.9227321 -0.2725488 0.5622234 -0.7367367 -0.3756649 -0.07519531 -0.9227318 -0.3780368 -0.0203312 -0.9993302 0.03042805 0.09015411 -0.986746 -0.1349252 -0.03659391 -0.9993302 0 0.1591549 -0.986746 0.03165769 -0.0358923 -0.9993302 -0.007139205 0.6631895 -0.7367348 -0.1319153 0.6761854 -0.7367316 -3.22156e-7 0.6247116 -0.7367342 -0.2587629 -0.03042668 -0.9993302 -0.02033066 0.114744 -0.986746 0.1147437 -0.02587783 -0.9993301 -0.02587759 0.6247118 -0.7367341 0.2587627 0.5622231 -0.7367367 0.375665 0.6631899 -0.7367345 0.1319152 0.3780354 -0.9227324 0.07519567 0.3854419 -0.9227321 0 0.3561009 -0.9227327 0.147502 -0.03589218 -0.9993302 0.007139801 0.1622728 -0.986746 -1.51247e-7 0.3780349 -0.9227325 -0.07519567 0.1591546 -0.9867461 -0.03165769 0.09015476 -0.986746 0.134925 -0.0140056 -0.9993302 -0.03380882 -0.0203303 -0.9993302 -0.03042876 0.4781353 -0.7367314 0.4781355 0.5291821 -0.304525 0.7919791 0.3756687 -0.7367336 0.5622248 0.1475018 -0.9227319 0.3561026 0.2141395 -0.9227328 0.3204818 0.2587648 -0.7367336 0.6247115 0.06209844 -0.986746 0.1499212 -0.007137954 -0.9993304 -0.03588986 0 -0.986746 0.1622724 0.007138252 -0.9993303 -0.03588956 0 -0.9993301 -0.03659659 0.1858245 -0.304521 0.9342036 -7.25132e-7 -0.7367353 0.6761813 0.131918 -0.7367341 0.6631897 0.01400542 -0.9993302 -0.03380811 -0.09015476 -0.986746 0.1349248 0.02033036 -0.9993302 -0.03042894 -0.1319176 -0.736735 0.6631888 -0.2587643 -0.736733 0.6247124 -0.06209844 -0.9867458 0.1499213 0.07519626 -0.9227326 0.3780346 0 -0.9227316 0.3854433 -0.033809 -0.9993302 -0.01400423 0.134925 -0.986746 0.09015381 0.3204822 -0.9227327 0.2141394 0.1499205 -0.986746 0.06209903 0.2725489 -0.922732 0.2725488 -0.07519632 -0.9227325 0.3780347 -0.1475017 -0.9227319 0.3561027 -0.03165692 -0.9867459 -0.1591551 0.007140815 -0.9993303 0.03589099 -0.3756687 -0.736733 0.5622256 -0.2141396 -0.9227326 0.3204824 -0.1147435 -0.9867462 0.1147436 0.02587771 -0.9993301 -0.02587753 -0.4781343 -0.7367336 0.4781332 -0.272548 -0.9227322 0.2725489 0.03042775 -0.9993302 -0.0203306 0.3561013 -0.9227324 -0.1475024 -0.162273 -0.9867459 -2.74181e-7 0.03659391 -0.9993302 -7.32118e-7 -0.385442 -0.9227321 0 -0.1591548 -0.986746 0.03165787 0.03589451 -0.9993302 -0.007139801 -0.6247118 -0.736734 0.2587628 -0.5622262 -0.7367338 0.3756662 -0.1349249 -0.986746 0.09015387 0.03380644 -0.9993304 -0.01400268 -0.3204824 -0.9227325 0.2141396 -0.3561009 -0.9227327 0.1475018 -0.6735206 -0.3045256 0.6735237 -0.3780348 -0.9227326 0.07519561 -0.934201 -0.3045295 -0.1858233 -0.1499217 -0.9867458 -0.06209927 0 -0.986746 -0.162273 0.03165847 -0.9867458 0.1591553 -0.03165841 -0.986746 0.1591552 0.1499212 -0.9867459 -0.06209897 -0.1499214 -0.9867458 0.06209945 0.1513809 -0.9884755 -5.62634e-7 0.1484706 -0.9884757 0.02953273 0.1398567 -0.9884756 0.05793124 0.1258676 -0.9884757 0.08410185 0.1070423 -0.9884757 0.1070415 0.08410227 -0.9884756 0.1258686 -0.1070424 -0.9884756 0.1070415 -0.08410239 -0.9884757 0.1258682 0.02953386 -0.9884757 0.1484714 0 -0.9884756 0.1513805 -0.02953451 -0.9884756 0.1484713 -0.05793029 -0.9884756 0.1398575 0.05792987 -0.9884757 0.1398571 -0.1258676 -0.9884757 0.08410227 -0.1513798 -0.9884757 -2.25891e-7 -0.1484701 -0.9884759 0.02953261 -0.1258682 -0.9884756 -0.08410274 -0.1398571 -0.9884757 -0.05793029 -0.1484711 -0.9884757 -0.02953273 -0.1398562 -0.9884758 0.05793136 -0.1070418 -0.9884756 -0.1070425 -0.08410155 -0.9884756 -0.1258685 -0.05793297 -0.9884756 -0.1398566 -5.25512e-7 -0.9884755 -0.1513814 -0.02953237 -0.9884757 -0.1484719 0.05793255 -0.9884756 -0.1398571 0.02953147 -0.9884757 -0.1484714 0.08410161 -0.9884757 -0.1258683 0.1070415 -0.9884757 -0.1070423 0.1484724 -0.9884756 -0.02953338 0.1398577 -0.9884756 -0.05793052 0.125868 -0.9884757 -0.08410269 -0.7558189 -0.6547809 -9.9332e-7 -0.7413011 -0.6547749 -0.1474537 -0.7413012 -0.6547748 -0.1474533 -0.6982939 -0.6547716 -0.28924 -0.6284418 -0.6547795 -0.4199103 -0.6982931 -0.6547712 -0.2892431 -0.5344417 -0.6547812 -0.5344473 -0.534444 -0.6547806 -0.5344455 -0.4199123 -0.6547757 -0.6284445 -0.4199131 -0.6547752 -0.6284445 0.4199123 -0.6547771 -0.6284431 0.5344457 -0.6547782 -0.5344468 0.4199125 -0.6547768 -0.6284433 -0.1474546 -0.6547759 -0.7413001 -1.45085e-7 -0.654779 -0.7558205 -0.1474524 -0.6547756 -0.7413007 0.1474522 -0.6547785 -0.7412982 0.289241 -0.6547783 -0.6982873 0.1474521 -0.6547784 -0.7412983 -0.289242 -0.6547767 -0.6982883 0.6284416 -0.6547793 -0.419911 0.6284416 -0.6547796 -0.4199107 0.7412976 -0.6547781 -0.1474567 0.7558183 -0.6547814 -5.2779e-7 0.7412988 -0.6547775 -0.1474534 0.6982886 -0.6547771 0.2892407 0.6284395 -0.6547797 0.4199138 0.6284412 -0.6547798 0.4199111 0.7558183 -0.6547815 -3.78383e-6 0.7412993 -0.6547769 0.147454 0.6982876 -0.6547772 -0.2892428 0.6982889 -0.6547772 -0.2892396 0.5344464 -0.654778 0.5344464 0.4199106 -0.6547769 0.6284444 0.4199132 -0.6547768 0.6284428 0.2892391 -0.6547781 0.6982883 0.289239 -0.6547781 0.6982883 0.1474543 -0.6547788 0.7412975 0 -0.6547776 0.7558216 0 -0.6547772 0.755822 -0.1474547 -0.6547776 0.7412985 -0.2892422 -0.6547764 0.6982885 -0.2892398 -0.6547763 0.6982896 0.7413001 -0.6547765 0.1474512 0.5344438 -0.6547784 0.5344485 -0.2892444 -0.6547765 -0.6982876 -0.4199162 -0.6547755 0.6284421 -0.4199136 -0.6547756 0.6284438 -0.5344475 -0.654776 0.5344477 -0.5344483 -0.6547754 0.5344476 -0.7413015 -0.6547744 0.1474541 -0.755819 -0.6547806 -4.23325e-6 -0.6284369 -0.6547821 0.4199136 -0.6982927 -0.6547721 0.2892416 -0.6284379 -0.6547826 0.4199115 -0.7413029 -0.6547734 0.1474515 0 -1 -5.6336e-7 0 -1 -3.56903e-7 0 -1 -3.84029e-7 -1.5408e-7 -1 5.71422e-7 0 -1 0 0 -1 0 0 -1 3.28999e-7 0 -1 1.97987e-7 0 -1 1.48486e-7 0 -1 0 0 -1 0 0 -1 -1.52936e-7 0 -1 -3.84027e-7 1.93976e-6 -1 2.88013e-7 2.39407e-7 -1 0 3.15469e-7 -1 -3.44104e-7 -2.31831e-6 -1 -7.11103e-7 9.93071e-7 -1 5.3971e-7 1.03533e-6 -1 5.82006e-7 -2.16753e-6 -1 -4.74103e-7 0 -1 -2.55672e-7 -8.86994e-7 -1 2.23642e-7 -9.71502e-7 -1 1.20681e-7 0 -1 -1.23742e-7 0 -1 -6.2682e-7 0 -1 -4.32031e-7 0 -1 0 0 -1 0 0 -1 -2.171e-7 1.59922e-7 -1 3.59197e-7 2.14423e-7 -1 3.84016e-7 0 -1 -2.10713e-7 9.31772e-7 -1 -9.20972e-7 0 -1 -3.84019e-7 9.11592e-7 -1 -4.21426e-7 -2.20113e-6 -1 4.62167e-7 1.32067e-6 -1 3.1882e-7 -4.20627e-7 -1 -3.0587e-7 1.45944e-6 -1 0 -7.56265e-7 -1 0 1.87918e-6 -1 6.14812e-7 -7.54519e-7 -1 2.23569e-7 -2.09222e-6 -1 7.55517e-7 0 -1 -1.64498e-7 -3.19207e-7 -1 -4.08333e-7 1.82146e-6 -1 3.0652e-7 1.73261e-6 -1 7.92295e-7 -8.92712e-7 -1 -3.50923e-7 -7.98269e-7 -1 -3.28997e-7 0 -1 0 0 -1 0 0 -1 0 0 -1 0 0 -1 1.92015e-7 0 -1 0 0.4277573 -0.7962688 -0.4277613 0.5029923 -0.7962689 -0.3360874 0.4277592 -0.7962689 -0.4277592 0.5588927 -0.7962693 -0.2315041 0.5933184 -0.7962692 -0.1180196 0.5588939 -0.7962691 -0.2315018 0.5029898 -0.7962692 -0.3360904 0.5933186 -0.7962689 -0.1180213 0.6049428 -0.7962691 -1.06603e-6 -0.5029921 -0.7962689 0.3360878 -0.5588939 -0.7962688 0.2315029 -0.5588929 -0.7962689 0.231505 0.3360871 -0.7962688 -0.5029927 0.3360873 -0.7962691 -0.502992 0.2315044 -0.7962685 -0.5588937 0.231503 -0.7962688 0.558894 0.118021 -0.7962684 0.5933193 0.2314996 -0.7962687 0.5588955 -1.94645e-7 -0.7962681 -0.6049439 0.1180176 -0.7962692 -0.5933188 0.1180171 -0.7962688 -0.5933195 -0.5029913 -0.7962691 -0.3360882 -0.4277595 -0.796269 -0.4277589 -0.4277586 -0.7962691 -0.4277593 -0.5933188 -0.7962691 -0.118019 -0.5588942 -0.7962689 -0.2315023 -0.5588939 -0.7962691 -0.2315018 -0.2315041 -0.7962685 -0.5588939 -0.1180176 -0.7962694 -0.5933185 -0.1180174 -0.7962689 -0.5933194 -0.3360893 -0.7962692 -0.5029906 -0.3360872 -0.796269 -0.5029922 -0.5933191 -0.796269 0.118018 -0.6049429 -0.7962688 2.24766e-6 -0.6049432 -0.7962687 -1.87855e-6 -0.5933188 -0.7962688 0.1180211 -0.2315009 -0.7962688 0.5588948 -0.3360882 -0.7962689 0.5029917 -0.2314997 -0.7962691 0.5588948 -0.4277591 -0.7962691 0.427759 -0.4277607 -0.7962691 0.4277574 0.3360903 -0.7962685 0.5029909 0.3360882 -0.7962688 0.5029919 0.5933188 -0.796269 0.118019 0.558893 -0.7962689 0.2315047 0.5933187 -0.7962688 0.1180207 2.87533e-7 -0.7962692 0.6049424 -0.1180208 -0.7962687 0.593319 1.85591e-7 -0.7962689 0.6049429 0.4277611 -0.7962687 0.4277576 0.42776 -0.7962694 0.4277576 0.5029913 -0.7962692 0.3360882 0.5029915 -0.7962694 0.3360875 1.20503e-6 1 1.22163e-6 1.36265e-5 1 -1.59806e-6 6.15663e-6 1 -1.79199e-6 2.9801e-6 1 -1.48925e-6 1.28344e-6 1 -1.29012e-6 0 1 -4.26156e-6 5.20497e-6 1 -4.61898e-6 3.11181e-5 1 -5.96612e-5 0 1 -1.40631e-4 -1.75122e-6 1 -6.13856e-6 -3.11182e-5 1 -6.81845e-5 -5.67934e-6 1 -5.68139e-6 0 1 -2.13085e-6 0 1 0 -1.81693e-5 1 -2.13083e-6 1.69577e-5 1 -1.80973e-6 9.85612e-6 1 -8.04568e-7 1.06273e-6 1 -2.44094e-7 1.1582e-5 1 -1.27846e-5 3.19507e-6 1 -5.99001e-6 6.55612e-6 1 -8.59984e-6 -6.01087e-6 1 -2.74404e-5 -1.98374e-6 1 -4.80376e-6 1.39142e-5 1 3.8522e-5 -8.6062e-6 1 -1.27846e-5 -1.15821e-5 1 -1.91772e-5 8.79351e-7 1 2.92433e-6 -1.3697e-6 1 5.32704e-6 3.64538e-7 -1 2.84248e-7 1.81686e-5 -1 -1.59806e-6 -1.69577e-5 -1 -1.79198e-6 -9.85612e-6 -1 -8.04568e-7 -1.06274e-6 -1 -5.28164e-7 -1.1582e-5 -1 -2.13079e-5 -3.1951e-6 -1 -6.27407e-6 -6.55607e-6 -1 -8.59978e-6 0 -1 -1.10801e-4 0 -1 7.4356e-6 1.38271e-6 -1 -1.97143e-6 2.08503e-6 -1 -5.98925e-6 1.15821e-5 -1 -1.06539e-5 -8.79349e-7 -1 2.89646e-6 1.3697e-6 -1 2.13082e-6 -1.3627e-5 -1 -2.13083e-6 -6.15664e-6 -1 -1.80974e-6 -2.9801e-6 -1 -2.17394e-6 -3.36101e-6 -1 -1.74763e-6 -5.05617e-6 -1 -3.31421e-6 -8.59789e-6 -1 -1.04762e-5 -3.11182e-5 -1 -6.39229e-5 8.17932e-6 -1 -3.19587e-5 2.42694e-6 -1 -2.91837e-6 -1.82871e-5 -1 5.08697e-5 3.11181e-5 -1 -5.96614e-5 -0.0901544 -0.9867459 -0.1349256 -0.6284415 -0.6547802 -0.4199099 0.5344457 -0.6547781 -0.5344468 -1.28932e-7 -0.6547795 -0.75582 0.2892409 -0.6547784 -0.6982872 0.6982886 -0.6547769 0.2892408 0.1474545 -0.6547791 0.7412972 -0.1474539 -0.6547779 0.7412984 -0.698294 -0.6547707 0.2892422 -1.83704e-7 -1 8.22504e-7 0 -1 -2.05627e-7 0 -1 -3.29004e-7 0 -1 -3.29003e-7 0 -1 -1.23376e-7 0.604943 -0.7962688 -4.75015e-7 -0.5029911 -0.7962695 0.3360878 0.231503 -0.7962686 -0.5588943 0.1180204 -0.7962688 0.5933188 0 -0.7962689 -0.6049429 -0.5029919 -0.7962688 -0.3360883 -0.5933191 -0.796269 -0.1180183 -0.231503 -0.7962689 -0.5588936 -0.3360882 -0.7962687 0.502992 0.5588936 -0.7962694 0.2315021 -0.1180205 -0.7962687 0.593319</float_array>
          <technique_common>
            <accessor source="#Wheel_LOD300-mesh-normals-array" count="850" stride="3">
              <param name="X" type="float"/>
              <param name="Y" type="float"/>
              <param name="Z" type="float"/>
            </accessor>
          </technique_common>
        </source>
        <source id="Wheel_LOD300-mesh-map-0">
          <float_array id="Wheel_LOD300-mesh-map-0-array" count="7272">0.006889343 0.9223385 0.0321328 0.9375844 0.006889343 0.9375844 0.006889343 0.739387 0.0321328 0.7546331 0.006889343 0.7546331 0.006889343 0.9680764 0.0321328 0.9833223 0.006889343 0.9833223 0.006889343 0.7546331 0.0321328 0.769879 0.006889343 0.769879 0.006889343 0.6326654 0.0321328 0.6174194 0.0321328 0.6326654 0.006889343 0.8308628 0.0321328 0.8461087 0.006889343 0.8461087 0.006889343 0.5564357 0.0321328 0.5716816 0.006889343 0.5716816 0.006889343 0.5716816 0.0321328 0.5869275 0.006889343 0.5869275 0.006889343 0.6326654 0.0321328 0.6479113 0.006889343 0.6479113 0.006889343 0.8613546 0.0321328 0.8766005 0.006889343 0.8766005 0.006889343 0.6631572 0.0321328 0.6784031 0.006889343 0.6784031 0.006889343 0.8766005 0.0321328 0.8918465 0.006889343 0.8918465 0.006889343 0.7088951 0.0321328 0.7241411 0.006889343 0.7241411 0.1234531 0.8544393 0.1005423 0.8265221 0.1284594 0.8036113 0.006889343 0.6784031 0.0321328 0.6936492 0.006889343 0.6936492 0.006889343 0.739387 0.0321328 0.7241411 0.0321328 0.739387 0.006889343 0.9833223 0.0321328 0.9985682 0.006889343 0.9985682 0.006889343 0.9528303 0.0321328 0.9680764 0.006889343 0.9680764 0.006889343 0.6936492 0.0321328 0.7088951 0.006889343 0.7088951 0.006889343 0.5259438 0.0321328 0.5106979 0.0321328 0.5259438 0.006889343 0.7851249 0.0321328 0.769879 0.0321328 0.7851249 0.006889343 0.5259438 0.0321328 0.5411897 0.006889343 0.5411897 0.006889343 0.8918465 0.0321328 0.9070925 0.006889343 0.9070925 0.006889343 0.7851249 0.0321328 0.8003708 0.006889343 0.8003708 0.006889343 0.6021735 0.0321328 0.6174194 0.006889343 0.6174194 0.006889343 0.9070925 0.0321328 0.9223385 0.006889343 0.9223385 0.006889343 0.8308628 0.0321328 0.8156169 0.0321328 0.8308628 0.006889343 0.5564357 0.0321328 0.5411897 0.0321328 0.5564357 0.006889343 0.8613546 0.0321328 0.8461087 0.0321328 0.8613546 0.006889343 0.6479113 0.0321328 0.6631572 0.006889343 0.6631572 0.006889343 0.8156169 0.0321328 0.8003708 0.0321328 0.8156169 0.006889343 0.5869275 0.0321328 0.6021735 0.006889343 0.6021735 0.06672513 0.9680764 0.05416268 0.9528303 0.06672513 0.9528303 0.0393089 0.9528303 0.0321328 0.9375844 0.0393089 0.9375844 0.0393089 0.9223385 0.0321328 0.9375844 0.0321328 0.9223385 0.06672513 0.9833223 0.05416268 0.9985682 0.05416268 0.9833223 0.0393089 0.9680764 0.0321328 0.9833223 0.0321328 0.9680764 0.06672513 0.9680764 0.05416268 0.9833223 0.05416268 0.9680764 0.04567146 0.9985682 0.0393089 0.9833223 0.04567146 0.9833223 0.0393089 0.9833223 0.0321328 0.9985682 0.0321328 0.9833223 0.06672513 0.5259438 0.05416268 0.5106979 0.06672513 0.5106979 0.04567146 0.5259438 0.0393089 0.5106979 0.04567146 0.5106979 0.0393089 0.5259438 0.0321328 0.5106979 0.0393089 0.5106979 0.06672513 0.5259438 0.05416268 0.5411897 0.05416268 0.5259438 0.06672513 0.6479113 0.05416268 0.6326654 0.06672513 0.6326654 0.0393089 0.6326654 0.0321328 0.6174194 0.0393089 0.6174194 0.0393089 0.6174194 0.0321328 0.6021735 0.0393089 0.6021735 0.06672513 0.5716816 0.05416268 0.5869275 0.05416268 0.5716816 0.0393089 0.5716816 0.0321328 0.5564357 0.0393089 0.5564357 0.0393089 0.5564357 0.0321328 0.5411897 0.0393089 0.5411897 0.06672513 0.6631572 0.05416268 0.6479113 0.06672513 0.6479113 0.0393089 0.6021735 0.0321328 0.5869275 0.0393089 0.5869275 0.06672513 0.5869275 0.05416268 0.6021735 0.05416268 0.5869275 0.04567146 0.5716816 0.0393089 0.5869275 0.0393089 0.5716816 0.0393089 0.5716816 0.0321328 0.5869275 0.0321328 0.5716816 0.04567146 0.5869275 0.0393089 0.6021735 0.0393089 0.5869275 0.04567146 0.9680764 0.0393089 0.9528303 0.04567146 0.9528303 0.0393089 0.9528303 0.0321328 0.9680764 0.0321328 0.9528303 0.04567146 0.9833223 0.0393089 0.9680764 0.04567146 0.9680764 0.04567146 0.5411897 0.0393089 0.5259438 0.04567146 0.5259438 0.0393089 0.5411897 0.0321328 0.5259438 0.0393089 0.5259438 0.04567146 0.6021735 0.0393089 0.6174194 0.0393089 0.6021735 0.04567146 0.6479113 0.0393089 0.6326654 0.04567146 0.6326654 0.0393089 0.6479113 0.0321328 0.6326654 0.0393089 0.6326654 0.04567146 0.5564357 0.0393089 0.5411897 0.04567146 0.5411897 0.06672513 0.6174194 0.05416268 0.6326654 0.05416268 0.6174194 0.04567146 0.6174194 0.0393089 0.6326654 0.0393089 0.6174194 0.06672513 0.6174194 0.05416268 0.6021735 0.06672513 0.6021735 0.06672513 0.6936492 0.05416268 0.7088951 0.05416268 0.6936492 0.0393089 0.6784031 0.0321328 0.6936492 0.0321328 0.6784031 0.0393089 0.6784031 0.0321328 0.6631572 0.0393089 0.6631572 0.06672513 0.739387 0.05416268 0.7546331 0.05416268 0.739387 0.0393089 0.7241411 0.0321328 0.739387 0.0321328 0.7241411 0.0393089 0.7088951 0.0321328 0.7241411 0.0321328 0.7088951 0.04567146 0.7088951 0.0393089 0.6936492 0.04567146 0.6936492 0.0393089 0.6936492 0.0321328 0.7088951 0.0321328 0.6936492 0.04567146 0.7241411 0.0393089 0.7088951 0.04567146 0.7088951 0.06672513 0.6784031 0.05416268 0.6936492 0.05416268 0.6784031 0.04567146 0.6784031 0.0393089 0.6936492 0.0393089 0.6784031 0.06672513 0.6631572 0.05416268 0.6784031 0.05416268 0.6631572 0.06672513 0.7851249 0.05416268 0.769879 0.06672513 0.769879 0.0393089 0.7546331 0.0321328 0.769879 0.0321328 0.7546331 0.06672513 0.769879 0.05416268 0.7546331 0.06672513 0.7546331 0.04567146 0.7851249 0.0393089 0.769879 0.04567146 0.769879 0.0393089 0.769879 0.0321328 0.7851249 0.0321328 0.769879 0.06672513 0.8003708 0.05416268 0.7851249 0.06672513 0.7851249 0.06672513 0.8308628 0.05416268 0.8156169 0.06672513 0.8156169 0.0393089 0.8156169 0.0321328 0.8003708 0.0393089 0.8003708 0.06672513 0.8003708 0.05416268 0.8156169 0.05416268 0.8003708 0.06672513 0.8461087 0.05416268 0.8613546 0.05416268 0.8461087 0.0393089 0.8308628 0.0321328 0.8461087 0.0321328 0.8308628 0.06672513 0.8308628 0.05416268 0.8461087 0.05416268 0.8308628 0.04567146 0.8003708 0.0393089 0.7851249 0.04567146 0.7851249 0.0393089 0.7851249 0.0321328 0.8003708 0.0321328 0.7851249 0.04567146 0.8156169 0.0393089 0.8003708 0.04567146 0.8003708 0.06672513 0.7241411 0.05416268 0.739387 0.05416268 0.7241411 0.04567146 0.739387 0.0393089 0.7241411 0.04567146 0.7241411 0.06672513 0.7088951 0.05416268 0.7241411 0.05416268 0.7088951 0.04567146 0.739387 0.0393089 0.7546331 0.0393089 0.739387 0.0393089 0.739387 0.0321328 0.7546331 0.0321328 0.739387 0.04567146 0.769879 0.0393089 0.7546331 0.04567146 0.7546331 0.04567146 0.8156169 0.0393089 0.8308628 0.0393089 0.8156169 0.0393089 0.8308628 0.0321328 0.8156169 0.0393089 0.8156169 0.04567146 0.8308628 0.0393089 0.8461087 0.0393089 0.8308628 0.06672513 0.5716816 0.05416268 0.5564357 0.06672513 0.5564357 0.04567146 0.5716816 0.0393089 0.5564357 0.04567146 0.5564357 0.06672513 0.5564357 0.05416268 0.5411897 0.06672513 0.5411897 0.04567146 0.8461087 0.0393089 0.8613546 0.0393089 0.8461087 0.0393089 0.8461087 0.0321328 0.8613546 0.0321328 0.8461087 0.06672513 0.8613546 0.05416268 0.8766005 0.05416268 0.8613546 0.04567146 0.8613546 0.0393089 0.8766005 0.0393089 0.8613546 0.0393089 0.8766005 0.0321328 0.8613546 0.0393089 0.8613546 0.06672513 0.8918465 0.05416268 0.8766005 0.06672513 0.8766005 0.04567146 0.6479113 0.0393089 0.6631572 0.0393089 0.6479113 0.0393089 0.6479113 0.0321328 0.6631572 0.0321328 0.6479113 0.04567146 0.6631572 0.0393089 0.6784031 0.0393089 0.6631572 0.06672513 0.9528303 0.05416268 0.9375844 0.06672513 0.9375844 0.04567146 0.9528303 0.0393089 0.9375844 0.04567146 0.9375844 0.06672513 0.9375844 0.05416268 0.9223385 0.06672513 0.9223385 0.0393089 0.9070925 0.0321328 0.8918465 0.0393089 0.8918465 0.06672513 0.9070925 0.05416268 0.8918465 0.06672513 0.8918465 0.04567146 0.8918465 0.0393089 0.9070925 0.0393089 0.8918465 0.0393089 0.9223385 0.0321328 0.9070925 0.0393089 0.9070925 0.06672513 0.9070925 0.05416268 0.9223385 0.05416268 0.9070925 0.04567146 0.8766005 0.0393089 0.8918465 0.0393089 0.8766005 0.0393089 0.8918465 0.0321328 0.8766005 0.0393089 0.8766005 0.04567146 0.9070925 0.0393089 0.9223385 0.0393089 0.9070925 0.006889343 0.9375844 0.0321328 0.9528303 0.006889343 0.9528303 0.04567146 0.9375844 0.05416268 0.9528303 0.04567146 0.9528303 0.04567146 0.9833223 0.05416268 0.9680764 0.05416268 0.9833223 0.04567146 0.9985682 0.05416268 0.9833223 0.05416268 0.9985682 0.04567146 0.5259438 0.05416268 0.5106979 0.05416268 0.5259438 0.04567146 0.6326654 0.05416268 0.6174194 0.05416268 0.6326654 0.04567146 0.5564357 0.05416268 0.5716816 0.04567146 0.5716816 0.04567146 0.5869275 0.05416268 0.6021735 0.04567146 0.6021735 0.04567146 0.5869275 0.05416268 0.5716816 0.05416268 0.5869275 0.04567146 0.9680764 0.05416268 0.9528303 0.05416268 0.9680764 0.04567146 0.5259438 0.05416268 0.5411897 0.04567146 0.5411897 0.04567146 0.6479113 0.05416268 0.6326654 0.05416268 0.6479113 0.04567146 0.6021735 0.05416268 0.6174194 0.04567146 0.6174194 0.04567146 0.6784031 0.05416268 0.6936492 0.04567146 0.6936492 0.04567146 0.739387 0.05416268 0.7241411 0.05416268 0.739387 0.04567146 0.6936492 0.05416268 0.7088951 0.04567146 0.7088951 0.04567146 0.6631572 0.05416268 0.6784031 0.04567146 0.6784031 0.04567146 0.7546331 0.05416268 0.769879 0.04567146 0.769879 0.04567146 0.7851249 0.05416268 0.769879 0.05416268 0.7851249 0.04567146 0.8156169 0.05416268 0.8003708 0.05416268 0.8156169 0.04567146 0.8461087 0.05416268 0.8308628 0.05416268 0.8461087 0.04567146 0.7851249 0.05416268 0.8003708 0.04567146 0.8003708 0.04567146 0.7088951 0.05416268 0.7241411 0.04567146 0.7241411 0.04567146 0.739387 0.05416268 0.7546331 0.04567146 0.7546331 0.04567146 0.8156169 0.05416268 0.8308628 0.04567146 0.8308628 0.04567146 0.5564357 0.05416268 0.5411897 0.05416268 0.5564357 0.04567146 0.8461087 0.05416268 0.8613546 0.04567146 0.8613546 0.04567146 0.8613546 0.05416268 0.8766005 0.04567146 0.8766005 0.04567146 0.6479113 0.05416268 0.6631572 0.04567146 0.6631572 0.04567146 0.9375844 0.05416268 0.9223385 0.05416268 0.9375844 0.04567146 0.8918465 0.05416268 0.9070925 0.04567146 0.9070925 0.04567146 0.9223385 0.05416268 0.9070925 0.05416268 0.9223385 0.04567146 0.8766005 0.05416268 0.8918465 0.04567146 0.8918465 0.04567146 0.9223385 0.0393089 0.9375844 0.0393089 0.9223385 0.0756126 0.9375844 0.06672513 0.9528303 0.06672513 0.9375844 0.0756126 0.9680764 0.06672513 0.9833223 0.06672513 0.9680764 0.0756126 0.9985682 0.06672513 0.9833223 0.0756126 0.9833223 0.0756126 0.5106979 0.06672513 0.5259438 0.06672513 0.5106979 0.0756126 0.6326654 0.06672513 0.6174194 0.0756126 0.6174194 0.0756126 0.5564357 0.06672513 0.5716816 0.06672513 0.5564357 0.0756126 0.5869275 0.06672513 0.6021735 0.06672513 0.5869275 0.0756126 0.5869275 0.06672513 0.5716816 0.0756126 0.5716816 0.0756126 0.9680764 0.06672513 0.9528303 0.0756126 0.9528303 0.0756126 0.5411897 0.06672513 0.5259438 0.0756126 0.5259438 0.0756126 0.6326654 0.06672513 0.6479113 0.06672513 0.6326654 0.0756126 0.6021735 0.06672513 0.6174194 0.06672513 0.6021735 0.0756126 0.6936492 0.06672513 0.6784031 0.0756126 0.6784031 0.0756126 0.739387 0.06672513 0.7241411 0.0756126 0.7241411 0.0756126 0.6936492 0.06672513 0.7088951 0.06672513 0.6936492 0.0756126 0.6631572 0.06672513 0.6784031 0.06672513 0.6631572 0.0756126 0.7546331 0.06672513 0.769879 0.06672513 0.7546331 0.0756126 0.7851249 0.06672513 0.769879 0.0756126 0.769879 0.0756126 0.8156169 0.06672513 0.8003708 0.0756126 0.8003708 0.0756126 0.8461087 0.06672513 0.8308628 0.0756126 0.8308628 0.0756126 0.8003708 0.06672513 0.7851249 0.0756126 0.7851249 0.0756126 0.7241411 0.06672513 0.7088951 0.0756126 0.7088951 0.0756126 0.739387 0.06672513 0.7546331 0.06672513 0.739387 0.0756126 0.8308628 0.06672513 0.8156169 0.0756126 0.8156169 0.0756126 0.5411897 0.06672513 0.5564357 0.06672513 0.5411897 0.0756126 0.8461087 0.06672513 0.8613546 0.06672513 0.8461087 0.0756126 0.8766005 0.06672513 0.8613546 0.0756126 0.8613546 0.0756126 0.6631572 0.06672513 0.6479113 0.0756126 0.6479113 0.0756126 0.9375844 0.06672513 0.9223385 0.0756126 0.9223385 0.0756126 0.9070925 0.06672513 0.8918465 0.0756126 0.8918465 0.0756126 0.9070925 0.06672513 0.9223385 0.06672513 0.9070925 0.0756126 0.8918465 0.06672513 0.8766005 0.0756126 0.8766005 0.004478573 0.7437246 0.001723766 0.734316 0.004478573 0.734316 0.004478573 0.7625418 0.001723766 0.7531332 0.004478573 0.7531332 0.004478573 0.7625418 0.001723766 0.7719504 0.001723766 0.7625418 0.004478573 0.7719504 0.001723766 0.781359 0.001723766 0.7719504 0.004478573 0.8472192 0.001723766 0.8378106 0.004478573 0.8378106 0.004478573 0.8095849 0.001723766 0.8001763 0.004478573 0.8001763 0.004478573 0.8284021 0.001723766 0.8189935 0.004478573 0.8189935 0.004478573 0.8095849 0.001723766 0.8189935 0.001723766 0.8095849 0.004478573 0.7531332 0.001723766 0.7437246 0.004478573 0.7437246 0.004478573 0.7907676 0.001723766 0.781359 0.004478573 0.781359 0.004478573 0.8472192 0.001723766 0.8566278 0.001723766 0.8472192 0.004478573 0.8284021 0.001723766 0.8378106 0.001723766 0.8284021 0.004478573 0.8848536 0.001723766 0.875445 0.004478573 0.875445 0.004478573 0.9036709 0.001723766 0.9130795 0.001723766 0.9036709 0.004478573 0.8942623 0.001723766 0.8848536 0.004478573 0.8848536 0.004478573 0.875445 0.001723766 0.8660364 0.004478573 0.8660364 0.004478573 0.9224881 0.001723766 0.9318967 0.001723766 0.9224881 0.004478573 0.9318967 0.001723766 0.9413053 0.001723766 0.9318967 0.004478573 0.9507139 0.001723766 0.9601225 0.001723766 0.9507139 0.004478573 0.9695311 0.001723766 0.9789397 0.001723766 0.9695311 0.004478573 0.9507139 0.001723766 0.9413053 0.004478573 0.9413053 0.004478573 0.9036709 0.001723766 0.8942623 0.004478573 0.8942623 0.004478573 0.9130795 0.001723766 0.9224881 0.001723766 0.9130795 0.004478573 0.9695311 0.001723766 0.9601225 0.004478573 0.9601225 0.004478573 0.8001763 0.001723766 0.7907676 0.004478573 0.7907676 0.004478573 0.9789397 0.001723766 0.9883483 0.001723766 0.9789397 0.004478573 0.9883483 0.001723766 0.9977568 0.001723766 0.9883483 0.004478573 0.8660364 0.001723766 0.8566278 0.004478573 0.8566278 0.004478573 0.7249074 0.001723766 0.734316 0.001723766 0.7249074 0.004478573 0.7154988 0.001723766 0.7060902 0.004478573 0.7060902 0.004478573 0.7154988 0.001723766 0.7249074 0.001723766 0.7154988 0.004478573 0.7060902 0.001723766 0.6966815 0.004478573 0.6966815 0.3420409 0.9312294 0.3516264 0.936635 0.3451 0.9386148 0.3375997 0.9245827 0.3362739 0.9136582 0.3428717 0.9202562 0.3319472 0.9189302 0.3285155 0.9084743 0.3362739 0.9136582 0.3253005 0.9144891 0.3198949 0.9049036 0.3285155 0.9084743 0.270115 0.9312294 0.2692842 0.9202561 0.2745562 0.9245827 0.3020811 0.9098703 0.2922611 0.9049036 0.3014126 0.9030832 0.2868553 0.9144891 0.2758821 0.9136582 0.2836404 0.9084743 0.2942408 0.9114298 0.2836404 0.9084743 0.2922611 0.9049036 0.3375997 0.9245827 0.3480557 0.9280145 0.3420409 0.9312294 0.3179152 0.9114298 0.3107434 0.9030832 0.3198949 0.9049036 0.2670559 0.9386148 0.2641003 0.9280143 0.270115 0.9312294 0.2802088 0.9189302 0.2692842 0.9202561 0.2758821 0.9136582 0.2654964 0.9544489 0.2605296 0.9642689 0.2587091 0.9551173 0.2745562 0.9763212 0.2758821 0.9872456 0.2692842 0.9806478 0.270115 0.9696745 0.2605296 0.9642689 0.2670559 0.9622892 0.2654964 0.9544489 0.2587093 0.9457864 0.2654964 0.9464551 0.2942407 0.989474 0.2836404 0.9924296 0.2868553 0.9864149 0.302081 0.9910335 0.292261 0.9960004 0.2942407 0.989474 0.3179152 0.989474 0.3107434 0.9978208 0.3100749 0.9910335 0.3319472 0.9819737 0.3285155 0.9924296 0.3253005 0.9864149 0.3100749 0.9910335 0.3014125 0.9978207 0.302081 0.9910335 0.270115 0.9696745 0.2692842 0.9806478 0.2641003 0.9728894 0.2868553 0.9864149 0.2758821 0.9872456 0.2802088 0.9819737 0.3253005 0.9864149 0.3198949 0.9960004 0.3179152 0.989474 0.3100749 0.9098703 0.3014126 0.9030832 0.3107434 0.9030832 0.3375997 0.9763213 0.3362737 0.9872456 0.3319472 0.9819737 0.3420409 0.9696745 0.3428717 0.9806478 0.3375997 0.9763213 0.2654964 0.9464551 0.2605296 0.936635 0.2670559 0.9386148 0.3466596 0.9464551 0.3516264 0.936635 0.3534467 0.9457865 0.3466596 0.954449 0.3516264 0.964269 0.3451 0.9622892 0.3466596 0.9464551 0.3534467 0.9551173 0.3466596 0.954449 0.3420409 0.9696745 0.3516264 0.964269 0.3480556 0.9728894 0.09560018 0.8183192 0.07836693 0.811122 0.09560018 0.811122 0.09560018 0.8327139 0.07836693 0.8255165 0.09560018 0.8255165 0.09560018 0.8255165 0.07836693 0.8183192 0.09560018 0.8183192 0.09560018 0.8399112 0.07836693 0.8327139 0.09560018 0.8327139 0.0956003 0.9334766 0.07836705 0.9406738 0.07836705 0.9334766 0.09560018 0.811122 0.07836693 0.8039247 0.09560018 0.8039247 0.09560018 0.7967272 0.07836693 0.8039247 0.07836693 0.7967272 0.0956003 0.8902925 0.07836705 0.8830952 0.09560018 0.8830952 0.09560018 0.7823327 0.07836693 0.7895299 0.07836693 0.7823327 0.0956003 0.9766606 0.07836705 0.983858 0.07836705 0.9766606 0.0956003 0.962266 0.07836705 0.9694632 0.07836705 0.962266 0.09560018 0.7679379 0.07836693 0.7751353 0.07836693 0.7679379 0.09560018 0.7967272 0.07836693 0.7895299 0.09560018 0.7895299 0.09560018 0.7823327 0.07836693 0.7751353 0.09560018 0.7751353 0.0956003 0.9982525 0.07836705 0.9910553 0.0956003 0.9910553 0.0956003 0.9910553 0.07836705 0.983858 0.0956003 0.983858 0.0956003 0.9478713 0.07836705 0.9406738 0.0956003 0.9406738 0.0956003 0.962266 0.07836705 0.9550687 0.0956003 0.9550687 0.0956003 0.9766606 0.07836705 0.9694632 0.0956003 0.9694632 0.0956003 0.9550687 0.07836705 0.9478713 0.0956003 0.9478713 0.0956003 0.9190819 0.07836705 0.9118846 0.0956003 0.9118846 0.0956003 0.9334766 0.07836705 0.9262793 0.0956003 0.9262793 0.09560018 0.8830952 0.07836693 0.8758979 0.09560018 0.8758979 0.09560018 0.8543058 0.07836693 0.8471085 0.09560018 0.8471085 0.0956003 0.9046873 0.07836705 0.89749 0.0956003 0.89749 0.0956003 0.9046873 0.07836705 0.9118846 0.07836705 0.9046873 0.0956003 0.8902925 0.07836705 0.89749 0.07836705 0.8902925 0.0956003 0.9190819 0.07836705 0.9262793 0.07836705 0.9190819 0.09560018 0.8758979 0.07836693 0.8687006 0.09560018 0.8687006 0.09560018 0.8615033 0.07836693 0.8687006 0.07836693 0.8615033 0.09560018 0.8543058 0.07836693 0.8615033 0.07836693 0.8543058 0.09560018 0.8399112 0.07836693 0.8471085 0.07836693 0.8399112 0.0321328 0.9375844 0.006889343 0.9223385 0.006889343 0.9375844 0.0321328 0.7546331 0.006889343 0.739387 0.006889343 0.7546331 0.006889343 0.9833223 0.0321328 0.9680764 0.006889343 0.9680764 0.006889343 0.769879 0.0321328 0.7546331 0.006889343 0.7546331 0.0321328 0.6326654 0.006889343 0.6174194 0.006889343 0.6326654 0.0321328 0.8461087 0.006889343 0.8308628 0.006889343 0.8461087 0.006889343 0.5716816 0.0321328 0.5564357 0.006889343 0.5564357 0.006889343 0.5869275 0.0321328 0.5716816 0.006889343 0.5716816 0.0321328 0.6479113 0.006889343 0.6326654 0.006889343 0.6479113 0.006889343 0.8766005 0.0321328 0.8613546 0.006889343 0.8613546 0.0321328 0.6784031 0.006889343 0.6631572 0.006889343 0.6784031 0.0321328 0.8918465 0.006889343 0.8766005 0.006889343 0.8918465 0.0321328 0.7241411 0.006889343 0.7088951 0.006889343 0.7241411 0.1379944 0.8065038 0.1034348 0.8169872 0.1139181 0.8515469 0.0321328 0.6936492 0.006889343 0.6784031 0.006889343 0.6936492 0.0321328 0.739387 0.006889343 0.7241411 0.006889343 0.739387 0.0321328 0.9985682 0.006889343 0.9833223 0.006889343 0.9985682 0.0321328 0.9680764 0.006889343 0.9528303 0.006889343 0.9680764 0.0321328 0.7088951 0.006889343 0.6936492 0.006889343 0.7088951 0.0321328 0.5259438 0.006889343 0.5106979 0.006889343 0.5259438 0.0321328 0.7851249 0.006889343 0.769879 0.006889343 0.7851249 0.006889343 0.5411897 0.0321328 0.5259438 0.006889343 0.5259438 0.0321328 0.9070925 0.006889343 0.8918465 0.006889343 0.9070925 0.006889343 0.8003708 0.0321328 0.7851249 0.006889343 0.7851249 0.006889343 0.6174194 0.0321328 0.6021735 0.006889343 0.6021735 0.0321328 0.9223385 0.006889343 0.9070925 0.006889343 0.9223385 0.0321328 0.8308628 0.006889343 0.8156169 0.006889343 0.8308628 0.0321328 0.5564357 0.006889343 0.5411897 0.006889343 0.5564357 0.0321328 0.8613546 0.006889343 0.8461087 0.006889343 0.8613546 0.0321328 0.6631572 0.006889343 0.6479113 0.006889343 0.6631572 0.0321328 0.8156169 0.006889343 0.8003708 0.006889343 0.8156169 0.0321328 0.6021735 0.006889343 0.5869275 0.006889343 0.6021735 0.05416268 0.9528303 0.06672513 0.9680764 0.06672513 0.9528303 0.0321328 0.9375844 0.0393089 0.9528303 0.0393089 0.9375844 0.0393089 0.9223385 0.0321328 0.9375844 0.0393089 0.9375844 0.06672513 0.9833223 0.05416268 0.9985682 0.06672513 0.9985682 0.0393089 0.9680764 0.0321328 0.9833223 0.0393089 0.9833223 0.06672513 0.9680764 0.05416268 0.9833223 0.06672513 0.9833223 0.0393089 0.9833223 0.04567146 0.9985682 0.04567146 0.9833223 0.0393089 0.9833223 0.0321328 0.9985682 0.0393089 0.9985682 0.05416268 0.5106979 0.06672513 0.5259438 0.06672513 0.5106979 0.0393089 0.5106979 0.04567146 0.5259438 0.04567146 0.5106979 0.0321328 0.5106979 0.0393089 0.5259438 0.0393089 0.5106979 0.06672513 0.5259438 0.05416268 0.5411897 0.06672513 0.5411897 0.05416268 0.6326654 0.06672513 0.6479113 0.06672513 0.6326654 0.0321328 0.6174194 0.0393089 0.6326654 0.0393089 0.6174194 0.0321328 0.6021735 0.0393089 0.6174194 0.0393089 0.6021735 0.06672513 0.5716816 0.05416268 0.5869275 0.06672513 0.5869275 0.0321328 0.5564357 0.0393089 0.5716816 0.0393089 0.5564357 0.0321328 0.5411897 0.0393089 0.5564357 0.0393089 0.5411897 0.05416268 0.6479113 0.06672513 0.6631572 0.06672513 0.6479113 0.0321328 0.5869275 0.0393089 0.6021735 0.0393089 0.5869275 0.06672513 0.5869275 0.05416268 0.6021735 0.06672513 0.6021735 0.04567146 0.5716816 0.0393089 0.5869275 0.04567146 0.5869275 0.0393089 0.5716816 0.0321328 0.5869275 0.0393089 0.5869275 0.04567146 0.5869275 0.0393089 0.6021735 0.04567146 0.6021735 0.0393089 0.9528303 0.04567146 0.9680764 0.04567146 0.9528303 0.0393089 0.9528303 0.0321328 0.9680764 0.0393089 0.9680764 0.0393089 0.9680764 0.04567146 0.9833223 0.04567146 0.9680764 0.0393089 0.5259438 0.04567146 0.5411897 0.04567146 0.5259438 0.0321328 0.5259438 0.0393089 0.5411897 0.0393089 0.5259438 0.04567146 0.6021735 0.0393089 0.6174194 0.04567146 0.6174194 0.0393089 0.6326654 0.04567146 0.6479113 0.04567146 0.6326654 0.0321328 0.6326654 0.0393089 0.6479113 0.0393089 0.6326654 0.0393089 0.5411897 0.04567146 0.5564357 0.04567146 0.5411897 0.06672513 0.6174194 0.05416268 0.6326654 0.06672513 0.6326654 0.04567146 0.6174194 0.0393089 0.6326654 0.04567146 0.6326654 0.06672513 0.6021735 0.05416268 0.6174194 0.06672513 0.6174194 0.06672513 0.6936492 0.05416268 0.7088951 0.06672513 0.7088951 0.0393089 0.6784031 0.0321328 0.6936492 0.0393089 0.6936492 0.0321328 0.6631572 0.0393089 0.6784031 0.0393089 0.6631572 0.06672513 0.739387 0.05416268 0.7546331 0.06672513 0.7546331 0.0393089 0.7241411 0.0321328 0.739387 0.0393089 0.739387 0.0393089 0.7088951 0.0321328 0.7241411 0.0393089 0.7241411 0.0393089 0.6936492 0.04567146 0.7088951 0.04567146 0.6936492 0.0393089 0.6936492 0.0321328 0.7088951 0.0393089 0.7088951 0.0393089 0.7088951 0.04567146 0.7241411 0.04567146 0.7088951 0.06672513 0.6784031 0.05416268 0.6936492 0.06672513 0.6936492 0.04567146 0.6784031 0.0393089 0.6936492 0.04567146 0.6936492 0.06672513 0.6631572 0.05416268 0.6784031 0.06672513 0.6784031 0.05416268 0.769879 0.06672513 0.7851249 0.06672513 0.769879 0.0393089 0.7546331 0.0321328 0.769879 0.0393089 0.769879 0.05416268 0.7546331 0.06672513 0.769879 0.06672513 0.7546331 0.0393089 0.769879 0.04567146 0.7851249 0.04567146 0.769879 0.0393089 0.769879 0.0321328 0.7851249 0.0393089 0.7851249 0.05416268 0.7851249 0.06672513 0.8003708 0.06672513 0.7851249 0.05416268 0.8156169 0.06672513 0.8308628 0.06672513 0.8156169 0.0321328 0.8003708 0.0393089 0.8156169 0.0393089 0.8003708 0.06672513 0.8003708 0.05416268 0.8156169 0.06672513 0.8156169 0.06672513 0.8461087 0.05416268 0.8613546 0.06672513 0.8613546 0.0393089 0.8308628 0.0321328 0.8461087 0.0393089 0.8461087 0.06672513 0.8308628 0.05416268 0.8461087 0.06672513 0.8461087 0.0393089 0.7851249 0.04567146 0.8003708 0.04567146 0.7851249 0.0393089 0.7851249 0.0321328 0.8003708 0.0393089 0.8003708 0.0393089 0.8003708 0.04567146 0.8156169 0.04567146 0.8003708 0.06672513 0.7241411 0.05416268 0.739387 0.06672513 0.739387 0.0393089 0.7241411 0.04567146 0.739387 0.04567146 0.7241411 0.06672513 0.7088951 0.05416268 0.7241411 0.06672513 0.7241411 0.04567146 0.739387 0.0393089 0.7546331 0.04567146 0.7546331 0.0393089 0.739387 0.0321328 0.7546331 0.0393089 0.7546331 0.0393089 0.7546331 0.04567146 0.769879 0.04567146 0.7546331 0.04567146 0.8156169 0.0393089 0.8308628 0.04567146 0.8308628 0.0321328 0.8156169 0.0393089 0.8308628 0.0393089 0.8156169 0.04567146 0.8308628 0.0393089 0.8461087 0.04567146 0.8461087 0.05416268 0.5564357 0.06672513 0.5716816 0.06672513 0.5564357 0.0393089 0.5564357 0.04567146 0.5716816 0.04567146 0.5564357 0.05416268 0.5411897 0.06672513 0.5564357 0.06672513 0.5411897 0.04567146 0.8461087 0.0393089 0.8613546 0.04567146 0.8613546 0.0393089 0.8461087 0.0321328 0.8613546 0.0393089 0.8613546 0.06672513 0.8613546 0.05416268 0.8766005 0.06672513 0.8766005 0.04567146 0.8613546 0.0393089 0.8766005 0.04567146 0.8766005 0.0321328 0.8613546 0.0393089 0.8766005 0.0393089 0.8613546 0.05416268 0.8766005 0.06672513 0.8918465 0.06672513 0.8766005 0.04567146 0.6479113 0.0393089 0.6631572 0.04567146 0.6631572 0.0321328 0.6479113 0.0393089 0.6631572 0.0393089 0.6479113 0.04567146 0.6631572 0.0393089 0.6784031 0.04567146 0.6784031 0.05416268 0.9375844 0.06672513 0.9528303 0.06672513 0.9375844 0.0393089 0.9375844 0.04567146 0.9528303 0.04567146 0.9375844 0.05416268 0.9223385 0.06672513 0.9375844 0.06672513 0.9223385 0.0321328 0.8918465 0.0393089 0.9070925 0.0393089 0.8918465 0.05416268 0.8918465 0.06672513 0.9070925 0.06672513 0.8918465 0.04567146 0.8918465 0.0393089 0.9070925 0.04567146 0.9070925 0.0321328 0.9070925 0.0393089 0.9223385 0.0393089 0.9070925 0.06672513 0.9070925 0.05416268 0.9223385 0.06672513 0.9223385 0.04567146 0.8766005 0.0393089 0.8918465 0.04567146 0.8918465 0.0321328 0.8766005 0.0393089 0.8918465 0.0393089 0.8766005 0.04567146 0.9070925 0.0393089 0.9223385 0.04567146 0.9223385 0.0321328 0.9528303 0.006889343 0.9375844 0.006889343 0.9528303 0.05416268 0.9528303 0.04567146 0.9375844 0.04567146 0.9528303 0.04567146 0.9833223 0.05416268 0.9680764 0.04567146 0.9680764 0.04567146 0.9985682 0.05416268 0.9833223 0.04567146 0.9833223 0.04567146 0.5259438 0.05416268 0.5106979 0.04567146 0.5106979 0.04567146 0.6326654 0.05416268 0.6174194 0.04567146 0.6174194 0.05416268 0.5716816 0.04567146 0.5564357 0.04567146 0.5716816 0.05416268 0.6021735 0.04567146 0.5869275 0.04567146 0.6021735 0.04567146 0.5869275 0.05416268 0.5716816 0.04567146 0.5716816 0.04567146 0.9680764 0.05416268 0.9528303 0.04567146 0.9528303 0.05416268 0.5411897 0.04567146 0.5259438 0.04567146 0.5411897 0.04567146 0.6479113 0.05416268 0.6326654 0.04567146 0.6326654 0.05416268 0.6174194 0.04567146 0.6021735 0.04567146 0.6174194 0.05416268 0.6936492 0.04567146 0.6784031 0.04567146 0.6936492 0.04567146 0.739387 0.05416268 0.7241411 0.04567146 0.7241411 0.05416268 0.7088951 0.04567146 0.6936492 0.04567146 0.7088951 0.05416268 0.6784031 0.04567146 0.6631572 0.04567146 0.6784031 0.05416268 0.769879 0.04567146 0.7546331 0.04567146 0.769879 0.04567146 0.7851249 0.05416268 0.769879 0.04567146 0.769879 0.04567146 0.8156169 0.05416268 0.8003708 0.04567146 0.8003708 0.04567146 0.8461087 0.05416268 0.8308628 0.04567146 0.8308628 0.05416268 0.8003708 0.04567146 0.7851249 0.04567146 0.8003708 0.05416268 0.7241411 0.04567146 0.7088951 0.04567146 0.7241411 0.05416268 0.7546331 0.04567146 0.739387 0.04567146 0.7546331 0.05416268 0.8308628 0.04567146 0.8156169 0.04567146 0.8308628 0.04567146 0.5564357 0.05416268 0.5411897 0.04567146 0.5411897 0.05416268 0.8613546 0.04567146 0.8461087 0.04567146 0.8613546 0.05416268 0.8766005 0.04567146 0.8613546 0.04567146 0.8766005 0.05416268 0.6631572 0.04567146 0.6479113 0.04567146 0.6631572 0.04567146 0.9375844 0.05416268 0.9223385 0.04567146 0.9223385 0.05416268 0.9070925 0.04567146 0.8918465 0.04567146 0.9070925 0.04567146 0.9223385 0.05416268 0.9070925 0.04567146 0.9070925 0.05416268 0.8918465 0.04567146 0.8766005 0.04567146 0.8918465 0.04567146 0.9223385 0.0393089 0.9375844 0.04567146 0.9375844 0.0756126 0.9375844 0.06672513 0.9528303 0.0756126 0.9528303 0.0756126 0.9680764 0.06672513 0.9833223 0.0756126 0.9833223 0.06672513 0.9833223 0.0756126 0.9985682 0.0756126 0.9833223 0.0756126 0.5106979 0.06672513 0.5259438 0.0756126 0.5259438 0.06672513 0.6174194 0.0756126 0.6326654 0.0756126 0.6174194 0.0756126 0.5564357 0.06672513 0.5716816 0.0756126 0.5716816 0.0756126 0.5869275 0.06672513 0.6021735 0.0756126 0.6021735 0.06672513 0.5716816 0.0756126 0.5869275 0.0756126 0.5716816 0.06672513 0.9528303 0.0756126 0.9680764 0.0756126 0.9528303 0.06672513 0.5259438 0.0756126 0.5411897 0.0756126 0.5259438 0.0756126 0.6326654 0.06672513 0.6479113 0.0756126 0.6479113 0.0756126 0.6021735 0.06672513 0.6174194 0.0756126 0.6174194 0.06672513 0.6784031 0.0756126 0.6936492 0.0756126 0.6784031 0.06672513 0.7241411 0.0756126 0.739387 0.0756126 0.7241411 0.0756126 0.6936492 0.06672513 0.7088951 0.0756126 0.7088951 0.0756126 0.6631572 0.06672513 0.6784031 0.0756126 0.6784031 0.0756126 0.7546331 0.06672513 0.769879 0.0756126 0.769879 0.06672513 0.769879 0.0756126 0.7851249 0.0756126 0.769879 0.06672513 0.8003708 0.0756126 0.8156169 0.0756126 0.8003708 0.06672513 0.8308628 0.0756126 0.8461087 0.0756126 0.8308628 0.06672513 0.7851249 0.0756126 0.8003708 0.0756126 0.7851249 0.06672513 0.7088951 0.0756126 0.7241411 0.0756126 0.7088951 0.0756126 0.739387 0.06672513 0.7546331 0.0756126 0.7546331 0.06672513 0.8156169 0.0756126 0.8308628 0.0756126 0.8156169 0.0756126 0.5411897 0.06672513 0.5564357 0.0756126 0.5564357 0.0756126 0.8461087 0.06672513 0.8613546 0.0756126 0.8613546 0.06672513 0.8613546 0.0756126 0.8766005 0.0756126 0.8613546 0.06672513 0.6479113 0.0756126 0.6631572 0.0756126 0.6479113 0.06672513 0.9223385 0.0756126 0.9375844 0.0756126 0.9223385 0.06672513 0.8918465 0.0756126 0.9070925 0.0756126 0.8918465 0.0756126 0.9070925 0.06672513 0.9223385 0.0756126 0.9223385 0.06672513 0.8766005 0.0756126 0.8918465 0.0756126 0.8766005 0.004478573 0.734316 0.001723766 0.7437246 0.004478573 0.7437246 0.001723766 0.7531332 0.004478573 0.7625418 0.004478573 0.7531332 0.004478573 0.7625418 0.001723766 0.7719504 0.004478573 0.7719504 0.004478573 0.7719504 0.001723766 0.781359 0.004478573 0.781359 0.001723766 0.8378106 0.004478573 0.8472192 0.004478573 0.8378106 0.001723766 0.8001763 0.004478573 0.8095849 0.004478573 0.8001763 0.001723766 0.8189935 0.004478573 0.8284021 0.004478573 0.8189935 0.004478573 0.8095849 0.001723766 0.8189935 0.004478573 0.8189935 0.001723766 0.7437246 0.004478573 0.7531332 0.004478573 0.7437246 0.001723766 0.781359 0.004478573 0.7907676 0.004478573 0.781359 0.004478573 0.8472192 0.001723766 0.8566278 0.004478573 0.8566278 0.004478573 0.8284021 0.001723766 0.8378106 0.004478573 0.8378106 0.001723766 0.875445 0.004478573 0.8848536 0.004478573 0.875445 0.004478573 0.9036709 0.001723766 0.9130795 0.004478573 0.9130795 0.001723766 0.8848536 0.004478573 0.8942623 0.004478573 0.8848536 0.001723766 0.8660364 0.004478573 0.875445 0.004478573 0.8660364 0.004478573 0.9224881 0.001723766 0.9318967 0.004478573 0.9318967 0.004478573 0.9318967 0.001723766 0.9413053 0.004478573 0.9413053 0.004478573 0.9507139 0.001723766 0.9601225 0.004478573 0.9601225 0.004478573 0.9695311 0.001723766 0.9789397 0.004478573 0.9789397 0.001723766 0.9413053 0.004478573 0.9507139 0.004478573 0.9413053 0.001723766 0.8942623 0.004478573 0.9036709 0.004478573 0.8942623 0.004478573 0.9130795 0.001723766 0.9224881 0.004478573 0.9224881 0.001723766 0.9601225 0.004478573 0.9695311 0.004478573 0.9601225 0.001723766 0.7907676 0.004478573 0.8001763 0.004478573 0.7907676 0.004478573 0.9789397 0.001723766 0.9883483 0.004478573 0.9883483 0.004478573 0.9883483 0.001723766 0.9977568 0.004478573 0.9977568 0.001723766 0.8566278 0.004478573 0.8660364 0.004478573 0.8566278 0.004478573 0.7249074 0.001723766 0.734316 0.004478573 0.734316 0.001723766 0.7060902 0.004478573 0.7154988 0.004478573 0.7060902 0.004478573 0.7154988 0.001723766 0.7249074 0.004478573 0.7249074 0.001723766 0.6966815 0.004478573 0.7060902 0.004478573 0.6966815 0.3516264 0.936635 0.3420409 0.9312294 0.3451 0.9386148 0.3375997 0.9245827 0.3362739 0.9136582 0.3319472 0.9189302 0.3319472 0.9189302 0.3285155 0.9084743 0.3253005 0.9144891 0.3253005 0.9144891 0.3198949 0.9049036 0.3179152 0.9114298 0.2692842 0.9202561 0.270115 0.9312294 0.2745562 0.9245827 0.3020811 0.9098703 0.2922611 0.9049036 0.2942408 0.9114298 0.2868553 0.9144891 0.2758821 0.9136582 0.2802088 0.9189302 0.2942408 0.9114298 0.2836404 0.9084743 0.2868553 0.9144891 0.3480557 0.9280145 0.3375997 0.9245827 0.3420409 0.9312294 0.3179152 0.9114298 0.3107434 0.9030832 0.3100749 0.9098703 0.2641003 0.9280143 0.2670559 0.9386148 0.270115 0.9312294 0.2802088 0.9189302 0.2692842 0.9202561 0.2745562 0.9245827 0.2654964 0.9544489 0.2605296 0.9642689 0.2670559 0.9622892 0.2745562 0.9763212 0.2758821 0.9872456 0.2802088 0.9819737 0.2605296 0.9642689 0.270115 0.9696745 0.2670559 0.9622892 0.2587093 0.9457864 0.2654964 0.9544489 0.2654964 0.9464551 0.2836404 0.9924296 0.2942407 0.989474 0.2868553 0.9864149 0.292261 0.9960004 0.302081 0.9910335 0.2942407 0.989474 0.3107434 0.9978208 0.3179152 0.989474 0.3100749 0.9910335 0.3285155 0.9924296 0.3319472 0.9819737 0.3253005 0.9864149 0.3014125 0.9978207 0.3100749 0.9910335 0.302081 0.9910335 0.270115 0.9696745 0.2692842 0.9806478 0.2745562 0.9763212 0.2758821 0.9872456 0.2868553 0.9864149 0.2802088 0.9819737 0.3198949 0.9960004 0.3253005 0.9864149 0.3179152 0.989474 0.3100749 0.9098703 0.3014126 0.9030832 0.3020811 0.9098703 0.3362737 0.9872456 0.3375997 0.9763213 0.3319472 0.9819737 0.3428717 0.9806478 0.3420409 0.9696745 0.3375997 0.9763213 0.2605296 0.936635 0.2654964 0.9464551 0.2670559 0.9386148 0.3466596 0.9464551 0.3516264 0.936635 0.3451 0.9386148 0.3516264 0.964269 0.3466596 0.954449 0.3451 0.9622892 0.3534467 0.9551173 0.3466596 0.9464551 0.3466596 0.954449 0.3420409 0.9696745 0.3516264 0.964269 0.3451 0.9622892 0.07836693 0.811122 0.09560018 0.8183192 0.09560018 0.811122 0.07836693 0.8255165 0.09560018 0.8327139 0.09560018 0.8255165 0.07836693 0.8183192 0.09560018 0.8255165 0.09560018 0.8183192 0.07836693 0.8327139 0.09560018 0.8399112 0.09560018 0.8327139 0.0956003 0.9334766 0.07836705 0.9406738 0.0956003 0.9406738 0.07836693 0.8039247 0.09560018 0.811122 0.09560018 0.8039247 0.09560018 0.7967272 0.07836693 0.8039247 0.09560018 0.8039247 0.07836705 0.8830952 0.0956003 0.8902925 0.09560018 0.8830952 0.09560018 0.7823327 0.07836693 0.7895299 0.09560018 0.7895299 0.0956003 0.9766606 0.07836705 0.983858 0.0956003 0.983858 0.0956003 0.962266 0.07836705 0.9694632 0.0956003 0.9694632 0.09560018 0.7679379 0.07836693 0.7751353 0.09560018 0.7751353 0.07836693 0.7895299 0.09560018 0.7967272 0.09560018 0.7895299 0.07836693 0.7751353 0.09560018 0.7823327 0.09560018 0.7751353 0.07836705 0.9910553 0.0956003 0.9982525 0.0956003 0.9910553 0.07836705 0.983858 0.0956003 0.9910553 0.0956003 0.983858 0.07836705 0.9406738 0.0956003 0.9478713 0.0956003 0.9406738 0.07836705 0.9550687 0.0956003 0.962266 0.0956003 0.9550687 0.07836705 0.9694632 0.0956003 0.9766606 0.0956003 0.9694632 0.07836705 0.9478713 0.0956003 0.9550687 0.0956003 0.9478713 0.07836705 0.9118846 0.0956003 0.9190819 0.0956003 0.9118846 0.07836705 0.9262793 0.0956003 0.9334766 0.0956003 0.9262793 0.07836693 0.8758979 0.09560018 0.8830952 0.09560018 0.8758979 0.07836693 0.8471085 0.09560018 0.8543058 0.09560018 0.8471085 0.07836705 0.89749 0.0956003 0.9046873 0.0956003 0.89749 0.0956003 0.9046873 0.07836705 0.9118846 0.0956003 0.9118846 0.0956003 0.8902925 0.07836705 0.89749 0.0956003 0.89749 0.0956003 0.9190819 0.07836705 0.9262793 0.0956003 0.9262793 0.07836693 0.8687006 0.09560018 0.8758979 0.09560018 0.8687006 0.07836693 0.8615033 0.09560018 0.8687006 0.09560018 0.8615033 0.09560018 0.8543058 0.07836693 0.8615033 0.09560018 0.8615033 0.09560018 0.8399112 0.07836693 0.8471085 0.09560018 0.8471085 0.006889343 0.9223385 0.0321328 0.9223385 0.0321328 0.9375844 0.006889343 0.739387 0.0321328 0.739387 0.0321328 0.7546331 0.006889343 0.9680764 0.0321328 0.9680764 0.0321328 0.9833223 0.006889343 0.7546331 0.0321328 0.7546331 0.0321328 0.769879 0.006889343 0.6326654 0.006889343 0.6174194 0.0321328 0.6174194 0.006889343 0.8308628 0.0321328 0.8308628 0.0321328 0.8461087 0.006889343 0.5564357 0.0321328 0.5564357 0.0321328 0.5716816 0.006889343 0.5716816 0.0321328 0.5716816 0.0321328 0.5869275 0.006889343 0.6326654 0.0321328 0.6326654 0.0321328 0.6479113 0.006889343 0.8613546 0.0321328 0.8613546 0.0321328 0.8766005 0.006889343 0.6631572 0.0321328 0.6631572 0.0321328 0.6784031 0.006889343 0.8766005 0.0321328 0.8766005 0.0321328 0.8918465 0.006889343 0.7088951 0.0321328 0.7088951 0.0321328 0.7241411 0.1513703 0.8315284 0.1503936 0.8364383 0.1484779 0.8410634 0.1484779 0.8410634 0.1456965 0.8452258 0.1513703 0.8315284 0.1456965 0.8452258 0.1421567 0.8487657 0.1513703 0.8315284 0.1421567 0.8487657 0.1379942 0.8515469 0.1333692 0.8534627 0.1333692 0.8534627 0.1284593 0.8544393 0.1234531 0.8544393 0.1234531 0.8544393 0.1185432 0.8534626 0.1139181 0.8515469 0.1139181 0.8515469 0.1097558 0.8487655 0.1062159 0.8452257 0.1062159 0.8452257 0.1034346 0.8410633 0.1015189 0.8364383 0.1015189 0.8364383 0.1005423 0.8315283 0.1062159 0.8452257 0.1005423 0.8315283 0.1005423 0.8265221 0.1062159 0.8452257 0.1005423 0.8265221 0.1015189 0.8216122 0.1034348 0.8169872 0.1034348 0.8169872 0.106216 0.8128249 0.1005423 0.8265221 0.106216 0.8128249 0.1097559 0.8092849 0.1005423 0.8265221 0.1097559 0.8092849 0.1139183 0.8065037 0.1185434 0.804588 0.1185434 0.804588 0.1234533 0.8036113 0.1097559 0.8092849 0.1234533 0.8036113 0.1284594 0.8036113 0.1097559 0.8092849 0.1284594 0.8036113 0.1333693 0.804588 0.1456967 0.8128249 0.1333693 0.804588 0.1379944 0.8065038 0.1456967 0.8128249 0.1379944 0.8065038 0.1421568 0.8092849 0.1456967 0.8128249 0.1456967 0.8128249 0.1484779 0.8169873 0.1503936 0.8216124 0.1503936 0.8216124 0.1513703 0.8265222 0.1513703 0.8315284 0.1421567 0.8487657 0.1333692 0.8534627 0.1513703 0.8315284 0.1333692 0.8534627 0.1234531 0.8544393 0.1513703 0.8315284 0.1234531 0.8544393 0.1139181 0.8515469 0.1005423 0.8265221 0.1139181 0.8515469 0.1062159 0.8452257 0.1005423 0.8265221 0.1456967 0.8128249 0.1503936 0.8216124 0.1284594 0.8036113 0.1503936 0.8216124 0.1513703 0.8315284 0.1284594 0.8036113 0.1005423 0.8265221 0.1097559 0.8092849 0.1284594 0.8036113 0.1513703 0.8315284 0.1234531 0.8544393 0.1284594 0.8036113 0.006889343 0.6784031 0.0321328 0.6784031 0.0321328 0.6936492 0.006889343 0.739387 0.006889343 0.7241411 0.0321328 0.7241411 0.006889343 0.9833223 0.0321328 0.9833223 0.0321328 0.9985682 0.006889343 0.9528303 0.0321328 0.9528303 0.0321328 0.9680764 0.006889343 0.6936492 0.0321328 0.6936492 0.0321328 0.7088951 0.006889343 0.5259438 0.006889343 0.5106979 0.0321328 0.5106979 0.006889343 0.7851249 0.006889343 0.769879 0.0321328 0.769879 0.006889343 0.5259438 0.0321328 0.5259438 0.0321328 0.5411897 0.006889343 0.8918465 0.0321328 0.8918465 0.0321328 0.9070925 0.006889343 0.7851249 0.0321328 0.7851249 0.0321328 0.8003708 0.006889343 0.6021735 0.0321328 0.6021735 0.0321328 0.6174194 0.006889343 0.9070925 0.0321328 0.9070925 0.0321328 0.9223385 0.006889343 0.8308628 0.006889343 0.8156169 0.0321328 0.8156169 0.006889343 0.5564357 0.006889343 0.5411897 0.0321328 0.5411897 0.006889343 0.8613546 0.006889343 0.8461087 0.0321328 0.8461087 0.006889343 0.6479113 0.0321328 0.6479113 0.0321328 0.6631572 0.006889343 0.8156169 0.006889343 0.8003708 0.0321328 0.8003708 0.006889343 0.5869275 0.0321328 0.5869275 0.0321328 0.6021735 0.06672513 0.9680764 0.05416268 0.9680764 0.05416268 0.9528303 0.0393089 0.9528303 0.0321328 0.9528303 0.0321328 0.9375844 0.0393089 0.9223385 0.0393089 0.9375844 0.0321328 0.9375844 0.06672513 0.9833223 0.06672513 0.9985682 0.05416268 0.9985682 0.0393089 0.9680764 0.0393089 0.9833223 0.0321328 0.9833223 0.06672513 0.9680764 0.06672513 0.9833223 0.05416268 0.9833223 0.04567146 0.9985682 0.0393089 0.9985682 0.0393089 0.9833223 0.0393089 0.9833223 0.0393089 0.9985682 0.0321328 0.9985682 0.06672513 0.5259438 0.05416268 0.5259438 0.05416268 0.5106979 0.04567146 0.5259438 0.0393089 0.5259438 0.0393089 0.5106979 0.0393089 0.5259438 0.0321328 0.5259438 0.0321328 0.5106979 0.06672513 0.5259438 0.06672513 0.5411897 0.05416268 0.5411897 0.06672513 0.6479113 0.05416268 0.6479113 0.05416268 0.6326654 0.0393089 0.6326654 0.0321328 0.6326654 0.0321328 0.6174194 0.0393089 0.6174194 0.0321328 0.6174194 0.0321328 0.6021735 0.06672513 0.5716816 0.06672513 0.5869275 0.05416268 0.5869275 0.0393089 0.5716816 0.0321328 0.5716816 0.0321328 0.5564357 0.0393089 0.5564357 0.0321328 0.5564357 0.0321328 0.5411897 0.06672513 0.6631572 0.05416268 0.6631572 0.05416268 0.6479113 0.0393089 0.6021735 0.0321328 0.6021735 0.0321328 0.5869275 0.06672513 0.5869275 0.06672513 0.6021735 0.05416268 0.6021735 0.04567146 0.5716816 0.04567146 0.5869275 0.0393089 0.5869275 0.0393089 0.5716816 0.0393089 0.5869275 0.0321328 0.5869275 0.04567146 0.5869275 0.04567146 0.6021735 0.0393089 0.6021735 0.04567146 0.9680764 0.0393089 0.9680764 0.0393089 0.9528303 0.0393089 0.9528303 0.0393089 0.9680764 0.0321328 0.9680764 0.04567146 0.9833223 0.0393089 0.9833223 0.0393089 0.9680764 0.04567146 0.5411897 0.0393089 0.5411897 0.0393089 0.5259438 0.0393089 0.5411897 0.0321328 0.5411897 0.0321328 0.5259438 0.04567146 0.6021735 0.04567146 0.6174194 0.0393089 0.6174194 0.04567146 0.6479113 0.0393089 0.6479113 0.0393089 0.6326654 0.0393089 0.6479113 0.0321328 0.6479113 0.0321328 0.6326654 0.04567146 0.5564357 0.0393089 0.5564357 0.0393089 0.5411897 0.06672513 0.6174194 0.06672513 0.6326654 0.05416268 0.6326654 0.04567146 0.6174194 0.04567146 0.6326654 0.0393089 0.6326654 0.06672513 0.6174194 0.05416268 0.6174194 0.05416268 0.6021735 0.06672513 0.6936492 0.06672513 0.7088951 0.05416268 0.7088951 0.0393089 0.6784031 0.0393089 0.6936492 0.0321328 0.6936492 0.0393089 0.6784031 0.0321328 0.6784031 0.0321328 0.6631572 0.06672513 0.739387 0.06672513 0.7546331 0.05416268 0.7546331 0.0393089 0.7241411 0.0393089 0.739387 0.0321328 0.739387 0.0393089 0.7088951 0.0393089 0.7241411 0.0321328 0.7241411 0.04567146 0.7088951 0.0393089 0.7088951 0.0393089 0.6936492 0.0393089 0.6936492 0.0393089 0.7088951 0.0321328 0.7088951 0.04567146 0.7241411 0.0393089 0.7241411 0.0393089 0.7088951 0.06672513 0.6784031 0.06672513 0.6936492 0.05416268 0.6936492 0.04567146 0.6784031 0.04567146 0.6936492 0.0393089 0.6936492 0.06672513 0.6631572 0.06672513 0.6784031 0.05416268 0.6784031 0.06672513 0.7851249 0.05416268 0.7851249 0.05416268 0.769879 0.0393089 0.7546331 0.0393089 0.769879 0.0321328 0.769879 0.06672513 0.769879 0.05416268 0.769879 0.05416268 0.7546331 0.04567146 0.7851249 0.0393089 0.7851249 0.0393089 0.769879 0.0393089 0.769879 0.0393089 0.7851249 0.0321328 0.7851249 0.06672513 0.8003708 0.05416268 0.8003708 0.05416268 0.7851249 0.06672513 0.8308628 0.05416268 0.8308628 0.05416268 0.8156169 0.0393089 0.8156169 0.0321328 0.8156169 0.0321328 0.8003708 0.06672513 0.8003708 0.06672513 0.8156169 0.05416268 0.8156169 0.06672513 0.8461087 0.06672513 0.8613546 0.05416268 0.8613546 0.0393089 0.8308628 0.0393089 0.8461087 0.0321328 0.8461087 0.06672513 0.8308628 0.06672513 0.8461087 0.05416268 0.8461087 0.04567146 0.8003708 0.0393089 0.8003708 0.0393089 0.7851249 0.0393089 0.7851249 0.0393089 0.8003708 0.0321328 0.8003708 0.04567146 0.8156169 0.0393089 0.8156169 0.0393089 0.8003708 0.06672513 0.7241411 0.06672513 0.739387 0.05416268 0.739387 0.04567146 0.739387 0.0393089 0.739387 0.0393089 0.7241411 0.06672513 0.7088951 0.06672513 0.7241411 0.05416268 0.7241411 0.04567146 0.739387 0.04567146 0.7546331 0.0393089 0.7546331 0.0393089 0.739387 0.0393089 0.7546331 0.0321328 0.7546331 0.04567146 0.769879 0.0393089 0.769879 0.0393089 0.7546331 0.04567146 0.8156169 0.04567146 0.8308628 0.0393089 0.8308628 0.0393089 0.8308628 0.0321328 0.8308628 0.0321328 0.8156169 0.04567146 0.8308628 0.04567146 0.8461087 0.0393089 0.8461087 0.06672513 0.5716816 0.05416268 0.5716816 0.05416268 0.5564357 0.04567146 0.5716816 0.0393089 0.5716816 0.0393089 0.5564357 0.06672513 0.5564357 0.05416268 0.5564357 0.05416268 0.5411897 0.04567146 0.8461087 0.04567146 0.8613546 0.0393089 0.8613546 0.0393089 0.8461087 0.0393089 0.8613546 0.0321328 0.8613546 0.06672513 0.8613546 0.06672513 0.8766005 0.05416268 0.8766005 0.04567146 0.8613546 0.04567146 0.8766005 0.0393089 0.8766005 0.0393089 0.8766005 0.0321328 0.8766005 0.0321328 0.8613546 0.06672513 0.8918465 0.05416268 0.8918465 0.05416268 0.8766005 0.04567146 0.6479113 0.04567146 0.6631572 0.0393089 0.6631572 0.0393089 0.6479113 0.0393089 0.6631572 0.0321328 0.6631572 0.04567146 0.6631572 0.04567146 0.6784031 0.0393089 0.6784031 0.06672513 0.9528303 0.05416268 0.9528303 0.05416268 0.9375844 0.04567146 0.9528303 0.0393089 0.9528303 0.0393089 0.9375844 0.06672513 0.9375844 0.05416268 0.9375844 0.05416268 0.9223385 0.0393089 0.9070925 0.0321328 0.9070925 0.0321328 0.8918465 0.06672513 0.9070925 0.05416268 0.9070925 0.05416268 0.8918465 0.04567146 0.8918465 0.04567146 0.9070925 0.0393089 0.9070925 0.0393089 0.9223385 0.0321328 0.9223385 0.0321328 0.9070925 0.06672513 0.9070925 0.06672513 0.9223385 0.05416268 0.9223385 0.04567146 0.8766005 0.04567146 0.8918465 0.0393089 0.8918465 0.0393089 0.8918465 0.0321328 0.8918465 0.0321328 0.8766005 0.04567146 0.9070925 0.04567146 0.9223385 0.0393089 0.9223385 0.006889343 0.9375844 0.0321328 0.9375844 0.0321328 0.9528303 0.04567146 0.9375844 0.05416268 0.9375844 0.05416268 0.9528303 0.04567146 0.9833223 0.04567146 0.9680764 0.05416268 0.9680764 0.04567146 0.9985682 0.04567146 0.9833223 0.05416268 0.9833223 0.04567146 0.5259438 0.04567146 0.5106979 0.05416268 0.5106979 0.04567146 0.6326654 0.04567146 0.6174194 0.05416268 0.6174194 0.04567146 0.5564357 0.05416268 0.5564357 0.05416268 0.5716816 0.04567146 0.5869275 0.05416268 0.5869275 0.05416268 0.6021735 0.04567146 0.5869275 0.04567146 0.5716816 0.05416268 0.5716816 0.04567146 0.9680764 0.04567146 0.9528303 0.05416268 0.9528303 0.04567146 0.5259438 0.05416268 0.5259438 0.05416268 0.5411897 0.04567146 0.6479113 0.04567146 0.6326654 0.05416268 0.6326654 0.04567146 0.6021735 0.05416268 0.6021735 0.05416268 0.6174194 0.04567146 0.6784031 0.05416268 0.6784031 0.05416268 0.6936492 0.04567146 0.739387 0.04567146 0.7241411 0.05416268 0.7241411 0.04567146 0.6936492 0.05416268 0.6936492 0.05416268 0.7088951 0.04567146 0.6631572 0.05416268 0.6631572 0.05416268 0.6784031 0.04567146 0.7546331 0.05416268 0.7546331 0.05416268 0.769879 0.04567146 0.7851249 0.04567146 0.769879 0.05416268 0.769879 0.04567146 0.8156169 0.04567146 0.8003708 0.05416268 0.8003708 0.04567146 0.8461087 0.04567146 0.8308628 0.05416268 0.8308628 0.04567146 0.7851249 0.05416268 0.7851249 0.05416268 0.8003708 0.04567146 0.7088951 0.05416268 0.7088951 0.05416268 0.7241411 0.04567146 0.739387 0.05416268 0.739387 0.05416268 0.7546331 0.04567146 0.8156169 0.05416268 0.8156169 0.05416268 0.8308628 0.04567146 0.5564357 0.04567146 0.5411897 0.05416268 0.5411897 0.04567146 0.8461087 0.05416268 0.8461087 0.05416268 0.8613546 0.04567146 0.8613546 0.05416268 0.8613546 0.05416268 0.8766005 0.04567146 0.6479113 0.05416268 0.6479113 0.05416268 0.6631572 0.04567146 0.9375844 0.04567146 0.9223385 0.05416268 0.9223385 0.04567146 0.8918465 0.05416268 0.8918465 0.05416268 0.9070925 0.04567146 0.9223385 0.04567146 0.9070925 0.05416268 0.9070925 0.04567146 0.8766005 0.05416268 0.8766005 0.05416268 0.8918465 0.04567146 0.9223385 0.04567146 0.9375844 0.0393089 0.9375844 0.0756126 0.9375844 0.0756126 0.9528303 0.06672513 0.9528303 0.0756126 0.9680764 0.0756126 0.9833223 0.06672513 0.9833223 0.0756126 0.9985682 0.06672513 0.9985682 0.06672513 0.9833223 0.0756126 0.5106979 0.0756126 0.5259438 0.06672513 0.5259438 0.0756126 0.6326654 0.06672513 0.6326654 0.06672513 0.6174194 0.0756126 0.5564357 0.0756126 0.5716816 0.06672513 0.5716816 0.0756126 0.5869275 0.0756126 0.6021735 0.06672513 0.6021735 0.0756126 0.5869275 0.06672513 0.5869275 0.06672513 0.5716816 0.0756126 0.9680764 0.06672513 0.9680764 0.06672513 0.9528303 0.0756126 0.5411897 0.06672513 0.5411897 0.06672513 0.5259438 0.0756126 0.6326654 0.0756126 0.6479113 0.06672513 0.6479113 0.0756126 0.6021735 0.0756126 0.6174194 0.06672513 0.6174194 0.0756126 0.6936492 0.06672513 0.6936492 0.06672513 0.6784031 0.0756126 0.739387 0.06672513 0.739387 0.06672513 0.7241411 0.0756126 0.6936492 0.0756126 0.7088951 0.06672513 0.7088951 0.0756126 0.6631572 0.0756126 0.6784031 0.06672513 0.6784031 0.0756126 0.7546331 0.0756126 0.769879 0.06672513 0.769879 0.0756126 0.7851249 0.06672513 0.7851249 0.06672513 0.769879 0.0756126 0.8156169 0.06672513 0.8156169 0.06672513 0.8003708 0.0756126 0.8461087 0.06672513 0.8461087 0.06672513 0.8308628 0.0756126 0.8003708 0.06672513 0.8003708 0.06672513 0.7851249 0.0756126 0.7241411 0.06672513 0.7241411 0.06672513 0.7088951 0.0756126 0.739387 0.0756126 0.7546331 0.06672513 0.7546331 0.0756126 0.8308628 0.06672513 0.8308628 0.06672513 0.8156169 0.0756126 0.5411897 0.0756126 0.5564357 0.06672513 0.5564357 0.0756126 0.8461087 0.0756126 0.8613546 0.06672513 0.8613546 0.0756126 0.8766005 0.06672513 0.8766005 0.06672513 0.8613546 0.0756126 0.6631572 0.06672513 0.6631572 0.06672513 0.6479113 0.0756126 0.9375844 0.06672513 0.9375844 0.06672513 0.9223385 0.0756126 0.9070925 0.06672513 0.9070925 0.06672513 0.8918465 0.0756126 0.9070925 0.0756126 0.9223385 0.06672513 0.9223385 0.0756126 0.8918465 0.06672513 0.8918465 0.06672513 0.8766005 0.004478573 0.7437246 0.001723766 0.7437246 0.001723766 0.734316 0.004478573 0.7625418 0.001723766 0.7625418 0.001723766 0.7531332 0.004478573 0.7625418 0.004478573 0.7719504 0.001723766 0.7719504 0.004478573 0.7719504 0.004478573 0.781359 0.001723766 0.781359 0.004478573 0.8472192 0.001723766 0.8472192 0.001723766 0.8378106 0.004478573 0.8095849 0.001723766 0.8095849 0.001723766 0.8001763 0.004478573 0.8284021 0.001723766 0.8284021 0.001723766 0.8189935 0.004478573 0.8095849 0.004478573 0.8189935 0.001723766 0.8189935 0.004478573 0.7531332 0.001723766 0.7531332 0.001723766 0.7437246 0.004478573 0.7907676 0.001723766 0.7907676 0.001723766 0.781359 0.004478573 0.8472192 0.004478573 0.8566278 0.001723766 0.8566278 0.004478573 0.8284021 0.004478573 0.8378106 0.001723766 0.8378106 0.004478573 0.8848536 0.001723766 0.8848536 0.001723766 0.875445 0.004478573 0.9036709 0.004478573 0.9130795 0.001723766 0.9130795 0.004478573 0.8942623 0.001723766 0.8942623 0.001723766 0.8848536 0.004478573 0.875445 0.001723766 0.875445 0.001723766 0.8660364 0.004478573 0.9224881 0.004478573 0.9318967 0.001723766 0.9318967 0.004478573 0.9318967 0.004478573 0.9413053 0.001723766 0.9413053 0.004478573 0.9507139 0.004478573 0.9601225 0.001723766 0.9601225 0.004478573 0.9695311 0.004478573 0.9789397 0.001723766 0.9789397 0.004478573 0.9507139 0.001723766 0.9507139 0.001723766 0.9413053 0.004478573 0.9036709 0.001723766 0.9036709 0.001723766 0.8942623 0.004478573 0.9130795 0.004478573 0.9224881 0.001723766 0.9224881 0.004478573 0.9695311 0.001723766 0.9695311 0.001723766 0.9601225 0.004478573 0.8001763 0.001723766 0.8001763 0.001723766 0.7907676 0.004478573 0.9789397 0.004478573 0.9883483 0.001723766 0.9883483 0.004478573 0.9883483 0.004478573 0.9977568 0.001723766 0.9977568 0.004478573 0.8660364 0.001723766 0.8660364 0.001723766 0.8566278 0.004478573 0.7249074 0.004478573 0.734316 0.001723766 0.734316 0.004478573 0.7154988 0.001723766 0.7154988 0.001723766 0.7060902 0.004478573 0.7154988 0.004478573 0.7249074 0.001723766 0.7249074 0.004478573 0.7060902 0.001723766 0.7060902 0.001723766 0.6966815 0.3420409 0.9312294 0.3480557 0.9280145 0.3516264 0.936635 0.3375997 0.9245827 0.3319472 0.9189302 0.3362739 0.9136582 0.3319472 0.9189302 0.3253005 0.9144891 0.3285155 0.9084743 0.3253005 0.9144891 0.3179152 0.9114298 0.3198949 0.9049036 0.270115 0.9312294 0.2641003 0.9280143 0.2692842 0.9202561 0.3020811 0.9098703 0.2942408 0.9114298 0.2922611 0.9049036 0.2868553 0.9144891 0.2802088 0.9189302 0.2758821 0.9136582 0.2942408 0.9114298 0.2868553 0.9144891 0.2836404 0.9084743 0.3375997 0.9245827 0.3428717 0.9202562 0.3480557 0.9280145 0.3179152 0.9114298 0.3100749 0.9098703 0.3107434 0.9030832 0.2670559 0.9386148 0.2605296 0.936635 0.2641003 0.9280143 0.2802088 0.9189302 0.2745562 0.9245827 0.2692842 0.9202561 0.2654964 0.9544489 0.2670559 0.9622892 0.2605296 0.9642689 0.2745562 0.9763212 0.2802088 0.9819737 0.2758821 0.9872456 0.270115 0.9696745 0.2641003 0.9728894 0.2605296 0.9642689 0.2654964 0.9544489 0.2587091 0.9551173 0.2587093 0.9457864 0.2942407 0.989474 0.292261 0.9960004 0.2836404 0.9924296 0.302081 0.9910335 0.3014125 0.9978207 0.292261 0.9960004 0.3179152 0.989474 0.3198949 0.9960004 0.3107434 0.9978208 0.3319472 0.9819737 0.3362737 0.9872456 0.3285155 0.9924296 0.3100749 0.9910335 0.3107434 0.9978208 0.3014125 0.9978207 0.270115 0.9696745 0.2745562 0.9763212 0.2692842 0.9806478 0.2868553 0.9864149 0.2836404 0.9924296 0.2758821 0.9872456 0.3253005 0.9864149 0.3285155 0.9924296 0.3198949 0.9960004 0.3100749 0.9098703 0.3020811 0.9098703 0.3014126 0.9030832 0.3375997 0.9763213 0.3428717 0.9806478 0.3362737 0.9872456 0.3420409 0.9696745 0.3480556 0.9728894 0.3428717 0.9806478 0.2654964 0.9464551 0.2587093 0.9457864 0.2605296 0.936635 0.3466596 0.9464551 0.3451 0.9386148 0.3516264 0.936635 0.3466596 0.954449 0.3534467 0.9551173 0.3516264 0.964269 0.3466596 0.9464551 0.3534467 0.9457865 0.3534467 0.9551173 0.3420409 0.9696745 0.3451 0.9622892 0.3516264 0.964269 0.09560018 0.8183192 0.07836693 0.8183192 0.07836693 0.811122 0.09560018 0.8327139 0.07836693 0.8327139 0.07836693 0.8255165 0.09560018 0.8255165 0.07836693 0.8255165 0.07836693 0.8183192 0.09560018 0.8399112 0.07836693 0.8399112 0.07836693 0.8327139 0.0956003 0.9334766 0.0956003 0.9406738 0.07836705 0.9406738 0.09560018 0.811122 0.07836693 0.811122 0.07836693 0.8039247 0.09560018 0.7967272 0.09560018 0.8039247 0.07836693 0.8039247 0.0956003 0.8902925 0.07836705 0.8902925 0.07836705 0.8830952 0.09560018 0.7823327 0.09560018 0.7895299 0.07836693 0.7895299 0.0956003 0.9766606 0.0956003 0.983858 0.07836705 0.983858 0.0956003 0.962266 0.0956003 0.9694632 0.07836705 0.9694632 0.09560018 0.7679379 0.09560018 0.7751353 0.07836693 0.7751353 0.09560018 0.7967272 0.07836693 0.7967272 0.07836693 0.7895299 0.09560018 0.7823327 0.07836693 0.7823327 0.07836693 0.7751353 0.0956003 0.9982525 0.07836705 0.9982525 0.07836705 0.9910553 0.0956003 0.9910553 0.07836705 0.9910553 0.07836705 0.983858 0.0956003 0.9478713 0.07836705 0.9478713 0.07836705 0.9406738 0.0956003 0.962266 0.07836705 0.962266 0.07836705 0.9550687 0.0956003 0.9766606 0.07836705 0.9766606 0.07836705 0.9694632 0.0956003 0.9550687 0.07836705 0.9550687 0.07836705 0.9478713 0.0956003 0.9190819 0.07836705 0.9190819 0.07836705 0.9118846 0.0956003 0.9334766 0.07836705 0.9334766 0.07836705 0.9262793 0.09560018 0.8830952 0.07836705 0.8830952 0.07836693 0.8758979 0.09560018 0.8543058 0.07836693 0.8543058 0.07836693 0.8471085 0.0956003 0.9046873 0.07836705 0.9046873 0.07836705 0.89749 0.0956003 0.9046873 0.0956003 0.9118846 0.07836705 0.9118846 0.0956003 0.8902925 0.0956003 0.89749 0.07836705 0.89749 0.0956003 0.9190819 0.0956003 0.9262793 0.07836705 0.9262793 0.09560018 0.8758979 0.07836693 0.8758979 0.07836693 0.8687006 0.09560018 0.8615033 0.09560018 0.8687006 0.07836693 0.8687006 0.09560018 0.8543058 0.09560018 0.8615033 0.07836693 0.8615033 0.09560018 0.8399112 0.09560018 0.8471085 0.07836693 0.8471085 0.0321328 0.9375844 0.0321328 0.9223385 0.006889343 0.9223385 0.0321328 0.7546331 0.0321328 0.739387 0.006889343 0.739387 0.006889343 0.9833223 0.0321328 0.9833223 0.0321328 0.9680764 0.006889343 0.769879 0.0321328 0.769879 0.0321328 0.7546331 0.0321328 0.6326654 0.0321328 0.6174194 0.006889343 0.6174194 0.0321328 0.8461087 0.0321328 0.8308628 0.006889343 0.8308628 0.006889343 0.5716816 0.0321328 0.5716816 0.0321328 0.5564357 0.006889343 0.5869275 0.0321328 0.5869275 0.0321328 0.5716816 0.0321328 0.6479113 0.0321328 0.6326654 0.006889343 0.6326654 0.006889343 0.8766005 0.0321328 0.8766005 0.0321328 0.8613546 0.0321328 0.6784031 0.0321328 0.6631572 0.006889343 0.6631572 0.0321328 0.8918465 0.0321328 0.8766005 0.006889343 0.8766005 0.0321328 0.7241411 0.0321328 0.7088951 0.006889343 0.7088951 0.1484779 0.8410634 0.1503936 0.8364383 0.1513703 0.8315284 0.1513703 0.8315284 0.1513703 0.8265222 0.1484779 0.8410634 0.1513703 0.8265222 0.1503936 0.8216124 0.1484779 0.8410634 0.1503936 0.8216124 0.1484779 0.8169873 0.1456967 0.8128249 0.1456967 0.8128249 0.1421568 0.8092849 0.1503936 0.8216124 0.1421568 0.8092849 0.1379944 0.8065038 0.1503936 0.8216124 0.1379944 0.8065038 0.1333693 0.804588 0.1284594 0.8036113 0.1284594 0.8036113 0.1234533 0.8036113 0.1379944 0.8065038 0.1234533 0.8036113 0.1185434 0.804588 0.1379944 0.8065038 0.1185434 0.804588 0.1139183 0.8065037 0.1097559 0.8092849 0.1097559 0.8092849 0.106216 0.8128249 0.1034348 0.8169872 0.1034348 0.8169872 0.1015189 0.8216122 0.1005423 0.8265221 0.1005423 0.8265221 0.1005423 0.8315283 0.1034348 0.8169872 0.1005423 0.8315283 0.1015189 0.8364383 0.1034348 0.8169872 0.1015189 0.8364383 0.1034346 0.8410633 0.1139181 0.8515469 0.1034346 0.8410633 0.1062159 0.8452257 0.1139181 0.8515469 0.1062159 0.8452257 0.1097558 0.8487655 0.1139181 0.8515469 0.1139181 0.8515469 0.1185432 0.8534626 0.1333692 0.8534627 0.1185432 0.8534626 0.1234531 0.8544393 0.1333692 0.8534627 0.1234531 0.8544393 0.1284593 0.8544393 0.1333692 0.8534627 0.1333692 0.8534627 0.1379942 0.8515469 0.1421567 0.8487657 0.1421567 0.8487657 0.1456965 0.8452258 0.1333692 0.8534627 0.1456965 0.8452258 0.1484779 0.8410634 0.1333692 0.8534627 0.1185434 0.804588 0.1097559 0.8092849 0.1379944 0.8065038 0.1097559 0.8092849 0.1034348 0.8169872 0.1379944 0.8065038 0.1484779 0.8410634 0.1503936 0.8216124 0.1379944 0.8065038 0.1034348 0.8169872 0.1015189 0.8364383 0.1139181 0.8515469 0.1139181 0.8515469 0.1333692 0.8534627 0.1484779 0.8410634 0.1484779 0.8410634 0.1379944 0.8065038 0.1139181 0.8515469 0.0321328 0.6936492 0.0321328 0.6784031 0.006889343 0.6784031 0.0321328 0.739387 0.0321328 0.7241411 0.006889343 0.7241411 0.0321328 0.9985682 0.0321328 0.9833223 0.006889343 0.9833223 0.0321328 0.9680764 0.0321328 0.9528303 0.006889343 0.9528303 0.0321328 0.7088951 0.0321328 0.6936492 0.006889343 0.6936492 0.0321328 0.5259438 0.0321328 0.5106979 0.006889343 0.5106979 0.0321328 0.7851249 0.0321328 0.769879 0.006889343 0.769879 0.006889343 0.5411897 0.0321328 0.5411897 0.0321328 0.5259438 0.0321328 0.9070925 0.0321328 0.8918465 0.006889343 0.8918465 0.006889343 0.8003708 0.0321328 0.8003708 0.0321328 0.7851249 0.006889343 0.6174194 0.0321328 0.6174194 0.0321328 0.6021735 0.0321328 0.9223385 0.0321328 0.9070925 0.006889343 0.9070925 0.0321328 0.8308628 0.0321328 0.8156169 0.006889343 0.8156169 0.0321328 0.5564357 0.0321328 0.5411897 0.006889343 0.5411897 0.0321328 0.8613546 0.0321328 0.8461087 0.006889343 0.8461087 0.0321328 0.6631572 0.0321328 0.6479113 0.006889343 0.6479113 0.0321328 0.8156169 0.0321328 0.8003708 0.006889343 0.8003708 0.0321328 0.6021735 0.0321328 0.5869275 0.006889343 0.5869275 0.05416268 0.9528303 0.05416268 0.9680764 0.06672513 0.9680764 0.0321328 0.9375844 0.0321328 0.9528303 0.0393089 0.9528303 0.0393089 0.9223385 0.0321328 0.9223385 0.0321328 0.9375844 0.06672513 0.9833223 0.05416268 0.9833223 0.05416268 0.9985682 0.0393089 0.9680764 0.0321328 0.9680764 0.0321328 0.9833223 0.06672513 0.9680764 0.05416268 0.9680764 0.05416268 0.9833223 0.0393089 0.9833223 0.0393089 0.9985682 0.04567146 0.9985682 0.0393089 0.9833223 0.0321328 0.9833223 0.0321328 0.9985682 0.05416268 0.5106979 0.05416268 0.5259438 0.06672513 0.5259438 0.0393089 0.5106979 0.0393089 0.5259438 0.04567146 0.5259438 0.0321328 0.5106979 0.0321328 0.5259438 0.0393089 0.5259438 0.06672513 0.5259438 0.05416268 0.5259438 0.05416268 0.5411897 0.05416268 0.6326654 0.05416268 0.6479113 0.06672513 0.6479113 0.0321328 0.6174194 0.0321328 0.6326654 0.0393089 0.6326654 0.0321328 0.6021735 0.0321328 0.6174194 0.0393089 0.6174194 0.06672513 0.5716816 0.05416268 0.5716816 0.05416268 0.5869275 0.0321328 0.5564357 0.0321328 0.5716816 0.0393089 0.5716816 0.0321328 0.5411897 0.0321328 0.5564357 0.0393089 0.5564357 0.05416268 0.6479113 0.05416268 0.6631572 0.06672513 0.6631572 0.0321328 0.5869275 0.0321328 0.6021735 0.0393089 0.6021735 0.06672513 0.5869275 0.05416268 0.5869275 0.05416268 0.6021735 0.04567146 0.5716816 0.0393089 0.5716816 0.0393089 0.5869275 0.0393089 0.5716816 0.0321328 0.5716816 0.0321328 0.5869275 0.04567146 0.5869275 0.0393089 0.5869275 0.0393089 0.6021735 0.0393089 0.9528303 0.0393089 0.9680764 0.04567146 0.9680764 0.0393089 0.9528303 0.0321328 0.9528303 0.0321328 0.9680764 0.0393089 0.9680764 0.0393089 0.9833223 0.04567146 0.9833223 0.0393089 0.5259438 0.0393089 0.5411897 0.04567146 0.5411897 0.0321328 0.5259438 0.0321328 0.5411897 0.0393089 0.5411897 0.04567146 0.6021735 0.0393089 0.6021735 0.0393089 0.6174194 0.0393089 0.6326654 0.0393089 0.6479113 0.04567146 0.6479113 0.0321328 0.6326654 0.0321328 0.6479113 0.0393089 0.6479113 0.0393089 0.5411897 0.0393089 0.5564357 0.04567146 0.5564357 0.06672513 0.6174194 0.05416268 0.6174194 0.05416268 0.6326654 0.04567146 0.6174194 0.0393089 0.6174194 0.0393089 0.6326654 0.06672513 0.6021735 0.05416268 0.6021735 0.05416268 0.6174194 0.06672513 0.6936492 0.05416268 0.6936492 0.05416268 0.7088951 0.0393089 0.6784031 0.0321328 0.6784031 0.0321328 0.6936492 0.0321328 0.6631572 0.0321328 0.6784031 0.0393089 0.6784031 0.06672513 0.739387 0.05416268 0.739387 0.05416268 0.7546331 0.0393089 0.7241411 0.0321328 0.7241411 0.0321328 0.739387 0.0393089 0.7088951 0.0321328 0.7088951 0.0321328 0.7241411 0.0393089 0.6936492 0.0393089 0.7088951 0.04567146 0.7088951 0.0393089 0.6936492 0.0321328 0.6936492 0.0321328 0.7088951 0.0393089 0.7088951 0.0393089 0.7241411 0.04567146 0.7241411 0.06672513 0.6784031 0.05416268 0.6784031 0.05416268 0.6936492 0.04567146 0.6784031 0.0393089 0.6784031 0.0393089 0.6936492 0.06672513 0.6631572 0.05416268 0.6631572 0.05416268 0.6784031 0.05416268 0.769879 0.05416268 0.7851249 0.06672513 0.7851249 0.0393089 0.7546331 0.0321328 0.7546331 0.0321328 0.769879 0.05416268 0.7546331 0.05416268 0.769879 0.06672513 0.769879 0.0393089 0.769879 0.0393089 0.7851249 0.04567146 0.7851249 0.0393089 0.769879 0.0321328 0.769879 0.0321328 0.7851249 0.05416268 0.7851249 0.05416268 0.8003708 0.06672513 0.8003708 0.05416268 0.8156169 0.05416268 0.8308628 0.06672513 0.8308628 0.0321328 0.8003708 0.0321328 0.8156169 0.0393089 0.8156169 0.06672513 0.8003708 0.05416268 0.8003708 0.05416268 0.8156169 0.06672513 0.8461087 0.05416268 0.8461087 0.05416268 0.8613546 0.0393089 0.8308628 0.0321328 0.8308628 0.0321328 0.8461087 0.06672513 0.8308628 0.05416268 0.8308628 0.05416268 0.8461087 0.0393089 0.7851249 0.0393089 0.8003708 0.04567146 0.8003708 0.0393089 0.7851249 0.0321328 0.7851249 0.0321328 0.8003708 0.0393089 0.8003708 0.0393089 0.8156169 0.04567146 0.8156169 0.06672513 0.7241411 0.05416268 0.7241411 0.05416268 0.739387 0.0393089 0.7241411 0.0393089 0.739387 0.04567146 0.739387 0.06672513 0.7088951 0.05416268 0.7088951 0.05416268 0.7241411 0.04567146 0.739387 0.0393089 0.739387 0.0393089 0.7546331 0.0393089 0.739387 0.0321328 0.739387 0.0321328 0.7546331 0.0393089 0.7546331 0.0393089 0.769879 0.04567146 0.769879 0.04567146 0.8156169 0.0393089 0.8156169 0.0393089 0.8308628 0.0321328 0.8156169 0.0321328 0.8308628 0.0393089 0.8308628 0.04567146 0.8308628 0.0393089 0.8308628 0.0393089 0.8461087 0.05416268 0.5564357 0.05416268 0.5716816 0.06672513 0.5716816 0.0393089 0.5564357 0.0393089 0.5716816 0.04567146 0.5716816 0.05416268 0.5411897 0.05416268 0.5564357 0.06672513 0.5564357 0.04567146 0.8461087 0.0393089 0.8461087 0.0393089 0.8613546 0.0393089 0.8461087 0.0321328 0.8461087 0.0321328 0.8613546 0.06672513 0.8613546 0.05416268 0.8613546 0.05416268 0.8766005 0.04567146 0.8613546 0.0393089 0.8613546 0.0393089 0.8766005 0.0321328 0.8613546 0.0321328 0.8766005 0.0393089 0.8766005 0.05416268 0.8766005 0.05416268 0.8918465 0.06672513 0.8918465 0.04567146 0.6479113 0.0393089 0.6479113 0.0393089 0.6631572 0.0321328 0.6479113 0.0321328 0.6631572 0.0393089 0.6631572 0.04567146 0.6631572 0.0393089 0.6631572 0.0393089 0.6784031 0.05416268 0.9375844 0.05416268 0.9528303 0.06672513 0.9528303 0.0393089 0.9375844 0.0393089 0.9528303 0.04567146 0.9528303 0.05416268 0.9223385 0.05416268 0.9375844 0.06672513 0.9375844 0.0321328 0.8918465 0.0321328 0.9070925 0.0393089 0.9070925 0.05416268 0.8918465 0.05416268 0.9070925 0.06672513 0.9070925 0.04567146 0.8918465 0.0393089 0.8918465 0.0393089 0.9070925 0.0321328 0.9070925 0.0321328 0.9223385 0.0393089 0.9223385 0.06672513 0.9070925 0.05416268 0.9070925 0.05416268 0.9223385 0.04567146 0.8766005 0.0393089 0.8766005 0.0393089 0.8918465 0.0321328 0.8766005 0.0321328 0.8918465 0.0393089 0.8918465 0.04567146 0.9070925 0.0393089 0.9070925 0.0393089 0.9223385 0.0321328 0.9528303 0.0321328 0.9375844 0.006889343 0.9375844 0.05416268 0.9528303 0.05416268 0.9375844 0.04567146 0.9375844 0.04567146 0.9833223 0.05416268 0.9833223 0.05416268 0.9680764 0.04567146 0.9985682 0.05416268 0.9985682 0.05416268 0.9833223 0.04567146 0.5259438 0.05416268 0.5259438 0.05416268 0.5106979 0.04567146 0.6326654 0.05416268 0.6326654 0.05416268 0.6174194 0.05416268 0.5716816 0.05416268 0.5564357 0.04567146 0.5564357 0.05416268 0.6021735 0.05416268 0.5869275 0.04567146 0.5869275 0.04567146 0.5869275 0.05416268 0.5869275 0.05416268 0.5716816 0.04567146 0.9680764 0.05416268 0.9680764 0.05416268 0.9528303 0.05416268 0.5411897 0.05416268 0.5259438 0.04567146 0.5259438 0.04567146 0.6479113 0.05416268 0.6479113 0.05416268 0.6326654 0.05416268 0.6174194 0.05416268 0.6021735 0.04567146 0.6021735 0.05416268 0.6936492 0.05416268 0.6784031 0.04567146 0.6784031 0.04567146 0.739387 0.05416268 0.739387 0.05416268 0.7241411 0.05416268 0.7088951 0.05416268 0.6936492 0.04567146 0.6936492 0.05416268 0.6784031 0.05416268 0.6631572 0.04567146 0.6631572 0.05416268 0.769879 0.05416268 0.7546331 0.04567146 0.7546331 0.04567146 0.7851249 0.05416268 0.7851249 0.05416268 0.769879 0.04567146 0.8156169 0.05416268 0.8156169 0.05416268 0.8003708 0.04567146 0.8461087 0.05416268 0.8461087 0.05416268 0.8308628 0.05416268 0.8003708 0.05416268 0.7851249 0.04567146 0.7851249 0.05416268 0.7241411 0.05416268 0.7088951 0.04567146 0.7088951 0.05416268 0.7546331 0.05416268 0.739387 0.04567146 0.739387 0.05416268 0.8308628 0.05416268 0.8156169 0.04567146 0.8156169 0.04567146 0.5564357 0.05416268 0.5564357 0.05416268 0.5411897 0.05416268 0.8613546 0.05416268 0.8461087 0.04567146 0.8461087 0.05416268 0.8766005 0.05416268 0.8613546 0.04567146 0.8613546 0.05416268 0.6631572 0.05416268 0.6479113 0.04567146 0.6479113 0.04567146 0.9375844 0.05416268 0.9375844 0.05416268 0.9223385 0.05416268 0.9070925 0.05416268 0.8918465 0.04567146 0.8918465 0.04567146 0.9223385 0.05416268 0.9223385 0.05416268 0.9070925 0.05416268 0.8918465 0.05416268 0.8766005 0.04567146 0.8766005 0.04567146 0.9223385 0.0393089 0.9223385 0.0393089 0.9375844 0.0756126 0.9375844 0.06672513 0.9375844 0.06672513 0.9528303 0.0756126 0.9680764 0.06672513 0.9680764 0.06672513 0.9833223 0.06672513 0.9833223 0.06672513 0.9985682 0.0756126 0.9985682 0.0756126 0.5106979 0.06672513 0.5106979 0.06672513 0.5259438 0.06672513 0.6174194 0.06672513 0.6326654 0.0756126 0.6326654 0.0756126 0.5564357 0.06672513 0.5564357 0.06672513 0.5716816 0.0756126 0.5869275 0.06672513 0.5869275 0.06672513 0.6021735 0.06672513 0.5716816 0.06672513 0.5869275 0.0756126 0.5869275 0.06672513 0.9528303 0.06672513 0.9680764 0.0756126 0.9680764 0.06672513 0.5259438 0.06672513 0.5411897 0.0756126 0.5411897 0.0756126 0.6326654 0.06672513 0.6326654 0.06672513 0.6479113 0.0756126 0.6021735 0.06672513 0.6021735 0.06672513 0.6174194 0.06672513 0.6784031 0.06672513 0.6936492 0.0756126 0.6936492 0.06672513 0.7241411 0.06672513 0.739387 0.0756126 0.739387 0.0756126 0.6936492 0.06672513 0.6936492 0.06672513 0.7088951 0.0756126 0.6631572 0.06672513 0.6631572 0.06672513 0.6784031 0.0756126 0.7546331 0.06672513 0.7546331 0.06672513 0.769879 0.06672513 0.769879 0.06672513 0.7851249 0.0756126 0.7851249 0.06672513 0.8003708 0.06672513 0.8156169 0.0756126 0.8156169 0.06672513 0.8308628 0.06672513 0.8461087 0.0756126 0.8461087 0.06672513 0.7851249 0.06672513 0.8003708 0.0756126 0.8003708 0.06672513 0.7088951 0.06672513 0.7241411 0.0756126 0.7241411 0.0756126 0.739387 0.06672513 0.739387 0.06672513 0.7546331 0.06672513 0.8156169 0.06672513 0.8308628 0.0756126 0.8308628 0.0756126 0.5411897 0.06672513 0.5411897 0.06672513 0.5564357 0.0756126 0.8461087 0.06672513 0.8461087 0.06672513 0.8613546 0.06672513 0.8613546 0.06672513 0.8766005 0.0756126 0.8766005 0.06672513 0.6479113 0.06672513 0.6631572 0.0756126 0.6631572 0.06672513 0.9223385 0.06672513 0.9375844 0.0756126 0.9375844 0.06672513 0.8918465 0.06672513 0.9070925 0.0756126 0.9070925 0.0756126 0.9070925 0.06672513 0.9070925 0.06672513 0.9223385 0.06672513 0.8766005 0.06672513 0.8918465 0.0756126 0.8918465 0.004478573 0.734316 0.001723766 0.734316 0.001723766 0.7437246 0.001723766 0.7531332 0.001723766 0.7625418 0.004478573 0.7625418 0.004478573 0.7625418 0.001723766 0.7625418 0.001723766 0.7719504 0.004478573 0.7719504 0.001723766 0.7719504 0.001723766 0.781359 0.001723766 0.8378106 0.001723766 0.8472192 0.004478573 0.8472192 0.001723766 0.8001763 0.001723766 0.8095849 0.004478573 0.8095849 0.001723766 0.8189935 0.001723766 0.8284021 0.004478573 0.8284021 0.004478573 0.8095849 0.001723766 0.8095849 0.001723766 0.8189935 0.001723766 0.7437246 0.001723766 0.7531332 0.004478573 0.7531332 0.001723766 0.781359 0.001723766 0.7907676 0.004478573 0.7907676 0.004478573 0.8472192 0.001723766 0.8472192 0.001723766 0.8566278 0.004478573 0.8284021 0.001723766 0.8284021 0.001723766 0.8378106 0.001723766 0.875445 0.001723766 0.8848536 0.004478573 0.8848536 0.004478573 0.9036709 0.001723766 0.9036709 0.001723766 0.9130795 0.001723766 0.8848536 0.001723766 0.8942623 0.004478573 0.8942623 0.001723766 0.8660364 0.001723766 0.875445 0.004478573 0.875445 0.004478573 0.9224881 0.001723766 0.9224881 0.001723766 0.9318967 0.004478573 0.9318967 0.001723766 0.9318967 0.001723766 0.9413053 0.004478573 0.9507139 0.001723766 0.9507139 0.001723766 0.9601225 0.004478573 0.9695311 0.001723766 0.9695311 0.001723766 0.9789397 0.001723766 0.9413053 0.001723766 0.9507139 0.004478573 0.9507139 0.001723766 0.8942623 0.001723766 0.9036709 0.004478573 0.9036709 0.004478573 0.9130795 0.001723766 0.9130795 0.001723766 0.9224881 0.001723766 0.9601225 0.001723766 0.9695311 0.004478573 0.9695311 0.001723766 0.7907676 0.001723766 0.8001763 0.004478573 0.8001763 0.004478573 0.9789397 0.001723766 0.9789397 0.001723766 0.9883483 0.004478573 0.9883483 0.001723766 0.9883483 0.001723766 0.9977568 0.001723766 0.8566278 0.001723766 0.8660364 0.004478573 0.8660364 0.004478573 0.7249074 0.001723766 0.7249074 0.001723766 0.734316 0.001723766 0.7060902 0.001723766 0.7154988 0.004478573 0.7154988 0.004478573 0.7154988 0.001723766 0.7154988 0.001723766 0.7249074 0.001723766 0.6966815 0.001723766 0.7060902 0.004478573 0.7060902 0.3516264 0.936635 0.3480557 0.9280145 0.3420409 0.9312294 0.3375997 0.9245827 0.3428717 0.9202562 0.3362739 0.9136582 0.3319472 0.9189302 0.3362739 0.9136582 0.3285155 0.9084743 0.3253005 0.9144891 0.3285155 0.9084743 0.3198949 0.9049036 0.2692842 0.9202561 0.2641003 0.9280143 0.270115 0.9312294 0.3020811 0.9098703 0.3014126 0.9030832 0.2922611 0.9049036 0.2868553 0.9144891 0.2836404 0.9084743 0.2758821 0.9136582 0.2942408 0.9114298 0.2922611 0.9049036 0.2836404 0.9084743 0.3480557 0.9280145 0.3428717 0.9202562 0.3375997 0.9245827 0.3179152 0.9114298 0.3198949 0.9049036 0.3107434 0.9030832 0.2641003 0.9280143 0.2605296 0.936635 0.2670559 0.9386148 0.2802088 0.9189302 0.2758821 0.9136582 0.2692842 0.9202561 0.2654964 0.9544489 0.2587091 0.9551173 0.2605296 0.9642689 0.2745562 0.9763212 0.2692842 0.9806478 0.2758821 0.9872456 0.2605296 0.9642689 0.2641003 0.9728894 0.270115 0.9696745 0.2587093 0.9457864 0.2587091 0.9551173 0.2654964 0.9544489 0.2836404 0.9924296 0.292261 0.9960004 0.2942407 0.989474 0.292261 0.9960004 0.3014125 0.9978207 0.302081 0.9910335 0.3107434 0.9978208 0.3198949 0.9960004 0.3179152 0.989474 0.3285155 0.9924296 0.3362737 0.9872456 0.3319472 0.9819737 0.3014125 0.9978207 0.3107434 0.9978208 0.3100749 0.9910335 0.270115 0.9696745 0.2641003 0.9728894 0.2692842 0.9806478 0.2758821 0.9872456 0.2836404 0.9924296 0.2868553 0.9864149 0.3198949 0.9960004 0.3285155 0.9924296 0.3253005 0.9864149 0.3100749 0.9098703 0.3107434 0.9030832 0.3014126 0.9030832 0.3362737 0.9872456 0.3428717 0.9806478 0.3375997 0.9763213 0.3428717 0.9806478 0.3480556 0.9728894 0.3420409 0.9696745 0.2605296 0.936635 0.2587093 0.9457864 0.2654964 0.9464551 0.3466596 0.9464551 0.3534467 0.9457865 0.3516264 0.936635 0.3516264 0.964269 0.3534467 0.9551173 0.3466596 0.954449 0.3534467 0.9551173 0.3534467 0.9457865 0.3466596 0.9464551 0.3420409 0.9696745 0.3480556 0.9728894 0.3516264 0.964269 0.07836693 0.811122 0.07836693 0.8183192 0.09560018 0.8183192 0.07836693 0.8255165 0.07836693 0.8327139 0.09560018 0.8327139 0.07836693 0.8183192 0.07836693 0.8255165 0.09560018 0.8255165 0.07836693 0.8327139 0.07836693 0.8399112 0.09560018 0.8399112 0.0956003 0.9334766 0.07836705 0.9334766 0.07836705 0.9406738 0.07836693 0.8039247 0.07836693 0.811122 0.09560018 0.811122 0.09560018 0.7967272 0.07836693 0.7967272 0.07836693 0.8039247 0.07836705 0.8830952 0.07836705 0.8902925 0.0956003 0.8902925 0.09560018 0.7823327 0.07836693 0.7823327 0.07836693 0.7895299 0.0956003 0.9766606 0.07836705 0.9766606 0.07836705 0.983858 0.0956003 0.962266 0.07836705 0.962266 0.07836705 0.9694632 0.09560018 0.7679379 0.07836693 0.7679379 0.07836693 0.7751353 0.07836693 0.7895299 0.07836693 0.7967272 0.09560018 0.7967272 0.07836693 0.7751353 0.07836693 0.7823327 0.09560018 0.7823327 0.07836705 0.9910553 0.07836705 0.9982525 0.0956003 0.9982525 0.07836705 0.983858 0.07836705 0.9910553 0.0956003 0.9910553 0.07836705 0.9406738 0.07836705 0.9478713 0.0956003 0.9478713 0.07836705 0.9550687 0.07836705 0.962266 0.0956003 0.962266 0.07836705 0.9694632 0.07836705 0.9766606 0.0956003 0.9766606 0.07836705 0.9478713 0.07836705 0.9550687 0.0956003 0.9550687 0.07836705 0.9118846 0.07836705 0.9190819 0.0956003 0.9190819 0.07836705 0.9262793 0.07836705 0.9334766 0.0956003 0.9334766 0.07836693 0.8758979 0.07836705 0.8830952 0.09560018 0.8830952 0.07836693 0.8471085 0.07836693 0.8543058 0.09560018 0.8543058 0.07836705 0.89749 0.07836705 0.9046873 0.0956003 0.9046873 0.0956003 0.9046873 0.07836705 0.9046873 0.07836705 0.9118846 0.0956003 0.8902925 0.07836705 0.8902925 0.07836705 0.89749 0.0956003 0.9190819 0.07836705 0.9190819 0.07836705 0.9262793 0.07836693 0.8687006 0.07836693 0.8758979 0.09560018 0.8758979 0.07836693 0.8615033 0.07836693 0.8687006 0.09560018 0.8687006 0.09560018 0.8543058 0.07836693 0.8543058 0.07836693 0.8615033 0.09560018 0.8399112 0.07836693 0.8399112 0.07836693 0.8471085</float_array>
          <technique_common>
            <accessor source="#Wheel_LOD300-mesh-map-0-array" count="3636" stride="2">
              <param name="S" type="float"/>
              <param name="T" type="float"/>
            </accessor>
          </technique_common>
        </source>
        <source id="Wheel_LOD300-mesh-colors-Attribute" name="Attribute">
          <float_array id="Wheel_LOD300-mesh-colors-Attribute-array" count="14544">1 1 1 1 1 1 1 1 1 1 1 1 1 1 1 1 1 1 1 1 1 1 1 1 1 1 1 1 1 1 1 1 1 1 1 1 1 1 1 1 1 1 1 1 1 1 1 1 1 1 1 1 1 1 1 1 1 1 1 1 1 1 1 1 1 1 1 1 1 1 1 1 1 1 1 1 1 1 1 1 1 1 1 1 1 1 1 1 1 1 1 1 1 1 1 1 1 1 1 1 1 1 1 1 1 1 1 1 1 1 1 1 1 1 1 1 1 1 1 1 1 1 1 1 1 1 1 1 1 1 1 1 1 1 1 1 1 1 1 1 1 1 1 1 1 1 1 1 1 1 1 1 1 1 1 1 1 1 1 1 1 1 1 1 1 1 1 1 1 1 1 1 1 1 1 1 1 1 1 1 1 1 1 1 1 1 1 1 1 1 1 1 1 1 1 1 1 1 1 1 1 1 1 1 1 1 1 1 1 1 1 1 1 1 1 1 1 1 1 1 1 1 1 1 1 1 1 1 1 1 1 1 1 1 1 1 1 1 1 1 1 1 1 1 1 1 1 1 1 1 1 1 1 1 1 1 1 1 1 1 1 1 1 1 1 1 1 1 1 1 1 1 1 1 1 1 1 1 1 1 1 1 1 1 1 1 1 1 1 1 1 1 1 1 1 1 1 1 1 1 1 1 1 1 1 1 1 1 1 1 1 1 1 1 1 1 1 1 1 1 1 1 1 1 1 1 1 1 1 1 1 1 1 1 1 1 1 1 1 1 1 1 1 1 1 1 1 1 1 1 1 1 1 1 1 1 1 1 1 1 1 1 1 1 1 1 1 1 1 1 1 1 1 1 1 1 1 1 1 1 1 1 1 1 1 1 1 1 1 1 1 1 1 1 1 1 1 1 1 1 1 1 1 1 1 1 1 1 1 1 1 1 1 1 1 1 1 1 1 1 1 1 1 1 1 1 1 1 1 1 1 1 1 1 1 1 1 1 1 1 1 1 1 1 1 1 1 1 1 1 1 1 1 1 1 1 1 1 1 1 1 1 1 1 1 1 1 1 1 1 1 1 1 1 1 1 1 1 1 1 1 1 1 1 1 1 1 1 1 1 1 1 1 1 1 1 1 1 1 1 1 1 1 1 1 1 1 1 1 1 1 1 1 1 1 1 1 1 1 1 1 1 1 1 1 1 1 1 1 1 1 1 1 1 1 1 1 1 1 1 1 1 1 1 1 1 1 1 1 1 1 1 1 1 1 1 1 1 1 1 1 1 1 1 1 1 1 1 1 1 1 1 1 1 1 1 1 1 1 1 1 1 1 1 1 1 1 1 1 1 1 1 1 1 1 1 1 1 1 1 1 1 1 1 1 1 1 1 1 1 1 1 1 1 1 1 1 1 1 1 1 1 1 1 1 1 1 1 1 1 1 1 1 1 1 1 1 1 1 1 1 1 1 1 1 1 1 1 1 1 1 1 1 1 1 1 1 1 1 1 1 1 1 1 1 1 1 1 1 1 1 1 1 1 1 1 1 1 1 1 1 1 1 1 1 1 1 1 1 1 1 1 1 1 1 1 1 1 1 1 1 1 1 1 1 1 1 1 1 1 1 1 1 1 1 1 1 1 1 1 1 1 1 1 1 1 1 1 1 1 1 1 1 1 1 1 1 1 1 1 1 1 1 1 1 1 1 1 1 1 1 1 1 1 1 1 1 1 1 1 1 1 1 1 1 1 1 1 1 1 1 1 1 1 1 1 1 1 1 1 1 1 1 1 1 1 1 1 1 1 1 1 1 1 1 1 1 1 1 1 1 1 1 1 1 1 1 1 1 1 1 1 1 1 1 1 1 1 1 1 1 1 1 1 1 1 1 1 1 1 1 1 1 1 1 1 1 1 1 1 1 1 1 1 1 1 1 1 1 1 1 1 1 1 1 1 1 1 1 1 1 1 1 1 1 1 1 1 1 1 1 1 1 1 1 1 1 1 1 1 1 1 1 1 1 1 1 1 1 1 1 1 1 1 1 1 1 1 1 1 1 1 1 1 1 1 1 1 1 1 1 1 1 1 1 1 1 1 1 1 1 1 1 1 1 1 1 1 1 1 1 1 1 1 1 1 1 1 1 1 1 1 1 1 1 1 1 1 1 1 1 1 1 1 1 1 1 1 1 1 1 1 1 1 1 1 1 1 1 1 1 1 1 1 1 1 1 1 1 1 1 1 1 1 1 1 1 1 1 1 1 1 1 1 1 1 1 1 1 1 1 1 1 1 1 1 1 1 1 1 1 1 1 1 1 1 1 1 1 1 1 1 1 1 1 1 1 1 1 1 1 1 1 1 1 1 1 1 1 1 1 1 1 1 1 1 1 1 1 1 1 1 1 1 1 1 1 1 1 1 1 1 1 1 1 1 1 1 1 1 1 1 1 1 1 1 1 1 1 1 1 1 1 1 1 1 1 1 1 1 1 1 1 1 1 1 1 1 1 1 1 1 1 1 1 1 1 1 1 1 1 1 1 1 1 1 1 1 1 1 1 1 1 1 1 1 1 1 1 1 1 1 1 1 1 1 1 1 1 1 1 1 1 1 1 1 1 1 1 1 1 1 1 1 1 1 1 1 1 1 1 1 1 1 1 1 1 1 1 1 1 1 1 1 1 1 1 1 1 1 1 1 1 1 1 1 1 1 1 1 1 1 1 1 1 1 1 1 1 1 1 1 1 1 1 1 1 1 1 1 1 1 1 1 1 1 1 1 1 1 1 1 1 1 1 1 1 1 1 1 1 1 1 1 1 1 1 1 1 1 1 1 1 1 1 1 1 1 1 1 1 1 1 1 1 1 1 1 1 1 1 1 1 1 1 1 1 1 1 1 1 1 1 1 1 1 1 1 1 1 1 1 1 1 1 1 1 1 1 1 1 1 1 1 1 1 1 1 1 1 1 1 1 1 1 1 1 1 1 1 1 1 1 1 1 1 1 1 1 1 1 1 1 1 1 1 1 1 1 1 1 1 1 1 1 1 1 1 1 1 1 1 1 1 1 1 1 1 1 1 1 1 1 1 1 1 1 1 1 1 1 1 1 1 1 1 1 1 1 1 1 1 1 1 1 1 1 1 1 1 1 1 1 1 1 1 1 1 1 1 1 1 1 1 1 1 1 1 1 1 1 1 1 1 1 1 1 1 1 1 1 1 1 1 1 1 1 1 1 1 1 1 1 1 1 1 1 1 1 1 1 1 1 1 1 1 1 1 1 1 1 1 1 1 1 1 1 1 1 1 1 1 1 1 1 1 1 1 1 1 1 1 1 1 1 1 1 1 1 1 1 1 1 1 1 1 1 1 1 1 1 1 1 1 1 1 1 1 1 1 1 1 1 1 1 1 1 1 1 1 1 1 1 1 1 1 1 1 1 1 1 1 1 1 1 1 1 1 1 1 1 1 1 1 1 1 1 1 1 1 1 1 1 1 1 1 1 1 1 1 1 1 1 1 1 1 1 1 1 1 1 1 1 1 1 1 1 1 1 1 1 1 1 1 1 1 1 1 1 1 1 1 1 1 1 1 1 1 1 1 1 1 1 1 1 1 1 1 1 1 1 1 1 1 1 1 1 1 1 1 1 1 1 1 1 1 1 1 1 1 1 1 1 1 1 1 1 1 1 1 1 1 1 1 1 1 1 1 1 1 1 1 1 1 1 1 1 1 1 1 1 1 1 1 1 1 1 1 1 1 1 1 1 1 1 1 1 1 1 1 1 1 1 1 1 1 1 1 1 1 1 1 1 1 1 1 1 1 1 1 1 1 1 1 1 1 1 1 1 1 1 1 1 1 1 1 1 1 1 1 1 1 1 1 1 1 1 1 1 1 1 1 1 1 1 1 1 1 1 1 1 1 1 1 1 1 1 1 1 1 1 1 1 1 1 1 1 1 1 1 1 1 1 1 1 1 1 1 1 1 1 1 1 1 1 1 1 1 1 1 1 1 1 1 1 1 1 1 1 1 1 1 1 1 1 1 1 1 1 1 1 1 1 1 1 1 1 1 1 1 1 1 1 1 1 1 1 1 1 1 1 1 1 1 1 1 1 1 1 1 1 1 1 1 1 1 1 1 1 1 1 1 1 1 1 1 1 1 1 1 1 1 1 1 1 1 1 1 1 1 1 1 1 1 1 1 1 1 1 1 1 1 1 1 1 1 1 1 1 1 1 1 1 1 1 1 1 1 1 1 1 1 1 1 1 1 1 1 1 1 1 1 1 1 1 1 1 1 1 1 1 1 1 1 1 1 1 1 1 1 1 1 1 1 1 1 1 1 1 1 1 1 1 1 1 1 1 1 1 1 1 1 1 1 1 1 1 1 1 1 1 1 1 1 1 1 1 1 1 1 1 1 1 1 1 1 1 1 1 1 1 1 1 1 1 1 1 1 1 1 1 1 1 1 1 1 1 1 1 1 1 1 1 1 1 1 1 1 1 1 1 1 1 1 1 1 1 1 1 1 1 1 1 1 1 1 1 1 1 1 1 1 1 1 1 1 1 1 1 1 1 1 1 1 1 1 1 1 1 1 1 1 1 1 1 1 1 1 1 1 1 1 1 1 1 1 1 1 1 1 1 1 1 1 1 1 1 1 1 1 1 1 1 1 1 1 1 1 1 1 1 1 1 1 1 1 1 1 1 1 1 1 1 1 1 1 1 1 1 1 1 1 1 1 1 1 1 1 1 1 1 1 1 1 1 1 1 1 1 1 1 1 1 1 1 1 1 1 1 1 1 1 1 1 1 1 1 1 1 1 1 1 1 1 1 1 1 1 1 1 1 1 1 1 1 1 1 1 1 1 1 1 1 1 1 1 1 1 1 1 1 1 1 1 1 1 1 1 1 1 1 1 1 1 1 1 1 1 1 1 1 1 1 1 1 1 1 1 1 1 1 1 1 1 1 1 1 1 1 1 1 1 1 1 1 1 1 1 1 1 1 1 1 1 1 1 1 1 1 1 1 1 1 1 1 1 1 1 1 1 1 1 1 1 1 1 1 1 1 1 1 1 1 1 1 1 1 1 1 1 1 1 1 1 1 1 1 1 1 1 1 1 1 1 1 1 1 1 1 1 1 1 1 1 1 1 1 1 1 1 1 1 1 1 1 1 1 1 1 1 1 1 1 1 1 1 1 1 1 1 1 1 1 1 1 1 1 1 1 1 1 1 1 1 1 1 1 1 1 1 1 1 1 1 1 1 1 1 1 1 1 1 1 1 1 1 1 1 1 1 1 1 1 1 1 1 1 1 1 1 1 1 1 1 1 1 1 1 1 1 1 1 1 1 1 1 1 1 1 1 1 1 1 1 1 1 1 1 1 1 1 1 1 1 1 1 1 1 1 1 1 1 1 1 1 1 1 1 1 1 1 1 1 1 1 1 1 1 1 1 1 1 1 1 1 1 1 1 1 1 1 1 1 1 1 1 1 1 1 1 1 1 1 1 1 1 1 1 1 1 1 1 1 1 1 1 1 1 1 1 1 1 1 1 1 1 1 1 1 1 1 1 1 1 1 1 1 1 1 1 1 1 1 1 1 1 1 1 1 1 1 1 1 1 1 1 1 1 1 1 1 1 1 1 1 1 1 1 1 1 1 1 1 1 1 1 1 1 1 1 1 1 1 1 1 1 1 1 1 1 1 1 1 1 1 1 1 1 1 1 1 1 1 1 1 1 1 1 1 1 1 1 1 1 1 1 1 1 1 1 1 1 1 1 1 1 1 1 1 1 1 1 1 1 1 1 1 1 1 1 1 1 1 1 1 1 1 1 1 1 1 1 1 1 1 1 1 1 1 1 1 1 1 1 1 1 1 1 1 1 1 1 1 1 1 1 1 1 1 1 1 1 1 1 1 1 1 1 1 1 1 1 1 1 1 1 1 1 1 1 1 1 1 1 1 1 1 1 1 1 1 1 1 1 1 1 1 1 1 1 1 1 1 1 1 1 1 1 1 1 1 1 1 1 1 1 1 1 1 1 1 1 1 1 1 1 1 1 1 1 1 1 1 1 1 1 1 1 1 1 1 1 1 1 1 1 1 1 1 1 1 1 1 1 1 1 1 1 1 1 1 1 1 1 1 1 1 1 1 1 1 1 1 1 1 1 1 1 1 1 1 1 1 1 1 1 1 1 1 1 1 1 1 1 1 1 1 1 1 1 1 1 1 1 1 1 1 1 1 1 1 1 1 1 1 1 1 1 1 1 1 1 1 1 1 1 1 1 1 1 1 1 1 1 1 1 1 1 1 1 1 1 1 1 1 1 1 1 1 1 1 1 1 1 1 1 1 1 1 1 1 1 1 1 1 1 1 1 1 1 1 1 1 1 1 1 1 1 1 1 1 1 1 1 1 1 1 1 1 1 1 1 1 1 1 1 1 1 1 1 1 1 1 1 1 1 1 1 1 1 1 1 1 1 1 1 1 1 1 1 1 1 1 1 1 1 1 1 1 1 1 1 1 1 1 1 1 1 1 1 1 1 1 1 1 1 1 1 1 1 1 1 1 1 1 1 1 1 1 1 1 1 1 1 1 1 1 1 1 1 1 1 1 1 1 1 1 1 1 1 1 1 1 1 1 1 1 1 1 1 1 1 1 1 1 1 1 1 1 1 1 1 1 1 1 1 1 1 1 1 1 1 1 1 1 1 1 1 1 1 1 1 1 1 1 1 1 1 1 1 1 1 1 1 1 1 1 1 1 1 1 1 1 1 1 1 1 1 1 1 1 1 1 1 1 1 1 1 1 1 1 1 1 1 1 1 1 1 1 1 1 1 1 1 1 1 1 1 1 1 1 1 1 1 1 1 1 1 1 1 1 1 1 1 1 1 1 1 1 1 1 1 1 1 1 1 1 1 1 1 1 1 1 1 1 1 1 1 1 1 1 1 1 1 1 1 1 1 1 1 1 1 1 1 1 1 1 1 1 1 1 1 1 1 1 1 1 1 1 1 1 1 1 1 1 1 1 1 1 1 1 1 1 1 1 1 1 1 1 1 1 1 1 1 1 1 1 1 1 1 1 1 1 1 1 1 1 1 1 1 1 1 1 1 1 1 1 1 1 1 1 1 1 1 1 1 1 1 1 1 1 1 1 1 1 1 1 1 1 1 1 1 1 1 1 1 1 1 1 1 1 1 1 1 1 1 1 1 1 1 1 1 1 1 1 1 1 1 1 1 1 1 1 1 1 1 1 1 1 1 1 1 1 1 1 1 1 1 1 1 1 1 1 1 1 1 1 1 1 1 1 1 1 1 1 1 1 1 1 1 1 1 1 1 1 1 1 1 1 1 1 1 1 1 1 1 1 1 1 1 1 1 1 1 1 1 1 1 1 1 1 1 1 1 1 1 1 1 1 1 1 1 1 1 1 1 1 1 1 1 1 1 1 1 1 1 1 1 1 1 1 1 1 1 1 1 1 1 1 1 1 1 1 1 1 1 1 1 1 1 1 1 1 1 1 1 1 1 1 1 1 1 1 1 1 1 1 1 1 1 1 1 1 1 1 1 1 1 1 1 1 1 1 1 1 1 1 1 1 1 1 1 1 1 1 1 1 1 1 1 1 1 1 1 1 1 1 1 1 1 1 1 1 1 1 1 1 1 1 1 1 1 1 1 1 1 1 1 1 1 1 1 1 1 1 1 1 1 1 1 1 1 1 1 1 1 1 1 1 1 1 1 1 1 1 1 1 1 1 1 1 1 1 1 1 1 1 1 1 1 1 1 1 1 1 1 1 1 1 1 1 1 1 1 1 1 1 1 1 1 1 1 1 1 1 1 1 1 1 1 1 1 1 1 1 1 1 1 1 1 1 1 1 1 1 1 1 1 1 1 1 1 1 1 1 1 1 1 1 1 1 1 1 1 1 1 1 1 1 1 1 1 1 1 1 1 1 1 1 1 1 1 1 1 1 1 1 1 1 1 1 1 1 1 1 1 1 1 1 1 1 1 1 1 1 1 1 1 1 1 1 1 1 1 1 1 1 1 1 1 1 1 1 1 1 1 1 1 1 1 1 1 1 1 1 1 1 1 1 1 1 1 1 1 1 1 1 1 1 1 1 1 1 1 1 1 1 1 1 1 1 1 1 1 1 1 1 1 1 1 1 1 1 1 1 1 1 1 1 1 1 1 1 1 1 1 1 1 1 1 1 1 1 1 1 1 1 1 1 1 1 1 1 1 1 1 1 1 1 1 1 1 1 1 1 1 1 1 1 1 1 1 1 1 1 1 1 1 1 1 1 1 1 1 1 1 1 1 1 1 1 1 1 1 1 1 1 1 1 1 1 1 1 1 1 1 1 1 1 1 1 1 1 1 1 1 1 1 1 1 1 1 1 1 1 1 1 1 1 1 1 1 1 1 1 1 1 1 1 1 1 1 1 1 1 1 1 1 1 1 1 1 1 1 1 1 1 1 1 1 1 1 1 1 1 1 1 1 1 1 1 1 1 1 1 1 1 1 1 1 1 1 1 1 1 1 1 1 1 1 1 1 1 1 1 1 1 1 1 1 1 1 1 1 1 1 1 1 1 1 1 1 1 1 1 1 1 1 1 1 1 1 1 1 1 1 1 1 1 1 1 1 1 1 1 1 1 1 1 1 1 1 1 1 1 1 1 1 1 1 1 1 1 1 1 1 1 1 1 1 1 1 1 1 1 1 1 1 1 1 1 1 1 1 1 1 1 1 1 1 1 1 1 1 1 1 1 1 1 1 1 1 1 1 1 1 1 1 1 1 1 1 1 1 1 1 1 1 1 1 1 1 1 1 1 1 1 1 1 1 1 1 1 1 1 1 1 1 1 1 1 1 1 1 1 1 1 1 1 1 1 1 1 1 1 1 1 1 1 1 1 1 1 1 1 1 1 1 1 1 1 1 1 1 1 1 1 1 1 1 1 1 1 1 1 1 1 1 1 1 1 1 1 1 1 1 1 1 1 1 1 1 1 1 1 1 1 1 1 1 1 1 1 1 1 1 1 1 1 1 1 1 1 1 1 1 1 1 1 1 1 1 1 1 1 1 1 1 1 1 1 1 1 1 1 1 1 1 1 1 1 1 1 1 1 1 1 1 1 1 1 1 1 1 1 1 1 1 1 1 1 1 1 1 1 1 1 1 1 1 1 1 1 1 1 1 1 1 1 1 1 1 1 1 1 1 1 1 1 1 1 1 1 1 1 1 1 1 1 1 1 1 1 1 1 1 1 1 1 1 1 1 1 1 1 1 1 1 1 1 1 1 1 1 1 1 1 1 1 1 1 1 1 1 1 1 1 1 1 1 1 1 1 1 1 1 1 1 1 1 1 1 1 1 1 1 1 1 1 1 1 1 1 1 1 1 1 1 1 1 1 1 1 1 1 1 1 1 1 1 1 1 1 1 1 1 1 1 1 1 1 1 1 1 1 1 1 1 1 1 1 1 1 1 1 1 1 1 1 1 1 1 1 1 1 1 1 1 1 1 1 1 1 1 1 1 1 1 1 1 1 1 1 1 1 1 1 1 1 1 1 1 1 1 1 1 1 1 1 1 1 1 1 1 1 1 1 1 1 1 1 1 1 1 1 1 1 1 1 1 1 1 1 1 1 1 1 1 1 1 1 1 1 1 1 1 1 1 1 1 1 1 1 1 1 1 1 1 1 1 1 1 1 1 1 1 1 1 1 1 1 1 1 1 1 1 1 1 1 1 1 1 1 1 1 1 1 1 1 1 1 1 1 1 1 1 1 1 1 1 1 1 1 1 1 1 1 1 1 1 1 1 1 1 1 1 1 1 1 1 1 1 1 1 1 1 1 1 1 1 1 1 1 1 1 1 1 1 1 1 1 1 1 1 1 1 1 1 1 1 1 1 1 1 1 1 1 1 1 1 1 1 1 1 1 1 1 1 1 1 1 1 1 1 1 1 1 1 1 1 1 1 1 1 1 1 1 1 1 1 1 1 1 1 1 1 1 1 1 1 1 1 1 1 1 1 1 1 1 1 1 1 1 1 1 1 1 1 1 1 1 1 1 1 1 1 1 1 1 1 1 1 1 1 1 1 1 1 1 1 1 1 1 1 1 1 1 1 1 1 1 1 1 1 1 1 1 1 1 1 1 1 1 1 1 1 1 1 1 1 1 1 1 1 1 1 1 1 1 1 1 1 1 1 1 1 1 1 1 1 1 1 1 1 1 1 1 1 1 1 1 1 1 1 1 1 1 1 1 1 1 1 1 1 1 1 1 1 1 1 1 1 1 1 1 1 1 1 1 1 1 1 1 1 1 1 1 1 1 1 1 1 1 1 1 1 1 1 1 1 1 1 1 1 1 1 1 1 1 1 1 1 1 1 1 1 1 1 1 1 1 1 1 1 1 1 1 1 1 1 1 1 1 1 1 1 1 1 1 1 1 1 1 1 1 1 1 1 1 1 1 1 1 1 1 1 1 1 1 1 1 1 1 1 1 1 1 1 1 1 1 1 1 1 1 1 1 1 1 1 1 1 1 1 1 1 1 1 1 1 1 1 1 1 1 1 1 1 1 1 1 1 1 1 1 1 1 1 1 1 1 1 1 1 1 1 1 1 1 1 1 1 1 1 1 1 1 1 1 1 1 1 1 1 1 1 1 1 1 1 1 1 1 1 1 1 1 1 1 1 1 1 1 1 1 1 1 1 1 1 1 1 1 1 1 1 1 1 1 1 1 1 1 1 1 1 1 1 1 1 1 1 1 1 1 1 1 1 1 1 1 1 1 1 1 1 1 1 1 1 1 1 1 1 1 1 1 1 1 1 1 1 1 1 1 1 1 1 1 1 1 1 1 1 1 1 1 1 1 1 1 1 1 1 1 1 1 1 1 1 1 1 1 1 1 1 1 1 1 1 1 1 1 1 1 1 1 1 1 1 1 1 1 1 1 1 1 1 1 1 1 1 1 1 1 1 1 1 1 1 1 1 1 1 1 1 1 1 1 1 1 1 1 1 1 1 1 1 1 1 1 1 1 1 1 1 1 1 1 1 1 1 1 1 1 1 1 1 1 1 1 1 1 1 1 1 1 1 1 1 1 1 1 1 1 1 1 1 1 1 1 1 1 1 1 1 1 1 1 1 1 1 1 1 1 1 1 1 1 1 1 1 1 1 1 1 1 1 1 1 1 1 1 1 1 1 1 1 1 1 1 1 1 1 1 1 1 1 1 1 1 1 1 1 1 1 1 1 1 1 1 1 1 1 1 1 1 1 1 1 1 1 1 1 1 1 1 1 1 1 1 1 1 1 1 1 1 1 1 1 1 1 1 1 1 1 1 1 1 1 1 1 1 1 1 1 1 1 1 1 1 1 1 1 1 1 1 1 1 1 1 1 1 1 1 1 1 1 1 1 1 1 1 1 1 1 1 1 1 1 1 1 1 1 1 1 1 1 1 1 1 1 1 1 1 1 1 1 1 1 1 1 1 1 1 1 1 1 1 1 1 1 1 1 1 1 1 1 1 1 1 1 1 1 1 1 1 1 1 1 1 1 1 1 1 1 1 1 1 1 1 1 1 1 1 1 1 1 1 1 1 1 1 1 1 1 1 1 1 1 1 1 1 1 1 1 1 1 1 1 1 1 1 1 1 1 1 1 1 1 1 1 1 1 1 1 1 1 1 1 1 1 1 1 1 1 1 1 1 1 1 1 1 1 1 1 1 1 1 1 1 1 1 1 1 1 1 1 1 1 1 1 1 1 1 1 1 1 1 1 1 1 1 1 1 1 1 1 1 1 1 1 1 1 1 1 1 1 1 1 1 1 1 1 1 1 1 1 1 1 1 1 1 1 1 1 1 1 1 1 1 1 1 1 1 1 1 1 1 1 1 1 1 1 1 1 1 1 1 1 1 1 1 1 1 1 1 1 1 1 1 1 1 1 1 1 1 1 1 1 1 1 1 1 1 1 1 1 1 1 1 1 1 1 1 1 1 1 1 1 1 1 1 1 1 1 1 1 1 1 1 1 1 1 1 1 1 1 1 1 1 1 1 1 1 1 1 1 1 1 1 1 1 1 1 1 1 1 1 1 1 1 1 1 1 1 1 1 1 1 1 1 1 1 1 1 1 1 1 1 1 1 1 1 1 1 1 1 1 1 1 1 1 1 1 1 1 1 1 1 1 1 1 1 1 1 1 1 1 1 1 1 1 1 1 1 1 1 1 1 1 1 1 1 1 1 1 1 1 1 1 1 1 1 1 1 1 1 1 1 1 1 1 1 1 1 1 1 1 1 1 1 1 1 1 1 1 1 1 1 1 1 1 1 1 1 1 1 1 1 1 1 1 1 1 1 1 1 1 1 1 1 1 1 1 1 1 1 1 1 1 1 1 1 1 1 1 1 1 1 1 1 1 1 1 1 1 1 1 1 1 1 1 1 1 1 1 1 1 1 1 1 1 1 1 1 1 1 1 1 1 1 1 1 1 1 1 1 1 1 1 1 1 1 1 1 1 1 1 1 1 1 1 1 1 1 1 1 1 1 1 1 1 1 1 1 1 1 1 1 1 1 1 1 1 1 1 1 1 1 1 1 1 1 1 1 1 1 1 1 1 1 1 1 1 1 1 1 1 1 1 1 1 1 1 1 1 1 1 1 1 1 1 1 1 1 1 1 1 1 1 1 1 1 1 1 1 1 1 1 1 1 1 1 1 1 1 1 1 1 1 1 1 1 1 1 1 1 1 1 1 1 1 1 1 1 1 1 1 1 1 1 1 1 1 1 1 1 1 1 1 1 1 1 1 1 1 1 1 1 1 1 1 1 1 1 1 1 1 1 1 1 1 1 1 1 1 1 1 1 1 1 1 1 1 1 1 1 1 1 1 1 1 1 1 1 1 1 1 1 1 1 1 1 1 1 1 1 1 1 1 1 1 1 1 1 1 1 1 1 1 1 1 1 1 1 1 1 1 1 1 1 1 1 1 1 1 1 1 1 1 1 1 1 1 1 1 1 1 1 1 1 1 1 1 1 1 1 1 1 1 1 1 1 1 1 1 1 1 1 1 1 1 1 1 1 1 1 1 1 1 1 1 1 1 1 1 1 1 1 1 1 1 1 1 1 1 1 1 1 1 1 1 1 1 1 1 1 1 1 1 1 1 1 1 1 1 1 1 1 1 1 1 1 1 1 1 1 1 1 1 1 1 1 1 1 1 1 1 1 1 1 1 1 1 1 1 1 1 1 1 1 1 1 1 1 1 1 1 1 1 1 1 1 1 1 1 1 1 1 1 1 1 1 1 1 1 1 1 1 1 1 1 1 1 1 1 1 1 1 1 1 1 1 1 1 1 1 1 1 1 1 1 1 1 1 1 1 1 1 1 1 1 1 1 1 1 1 1 1 1 1 1 1 1 1 1 1 1 1 1 1 1 1 1 1 1 1 1 1 1 1 1 1 1 1 1 1 1 1 1 1 1 1 1 1 1 1 1 1 1 1 1 1 1 1 1 1 1 1 1 1 1 1 1 1 1 1 1 1 1 1 1 1 1 1 1 1 1 1 1 1 1 1 1 1 1 1 1 1 1 1 1 1 1 1 1 1 1 1 1 1 1 1 1 1 1 1 1 1 1 1 1 1 1 1 1 1 1 1 1 1 1 1 1 1 1 1 1 1 1 1 1 1 1 1 1 1 1 1 1 1 1 1 1 1 1 1 1 1 1 1 1 1 1 1 1 1 1 1 1 1 1 1 1 1 1 1 1 1 1 1 1 1 1 1 1 1 1 1 1 1 1 1 1 1 1 1 1 1 1 1 1 1 1 1 1 1 1 1 1 1 1 1 1 1 1 1 1 1 1 1 1 1 1 1 1 1 1 1 1 1 1 1 1 1 1 1 1 1 1 1 1 1 1 1 1 1 1 1 1 1 1 1 1 1 1 1 1 1 1 1 1 1 1 1 1 1 1 1 1 1 1 1 1 1 1 1 1 1 1 1 1 1 1 1 1 1 1 1 1 1 1 1 1 1 1 1 1 1 1 1 1 1 1 1 1 1 1 1 1 1 1 1 1 1 1 1 1 1 1 1 1 1 1 1 1 1 1 1 1 1 1 1 1 1 1 1 1 1 1 1 1 1 1 1 1 1 1 1 1 1 1 1 1 1 1 1 1 1 1 1 1 1 1 1 1 1 1 1 1 1 1 1 1 1 1 1 1 1 1 1 1 1 1 1 1 1 1 1 1 1 1 1 1 1 1 1 1 1 1 1 1 1 1 1 1 1 1 1 1 1 1 1 1 1 1 1 1 1 1 1 1 1 1 1 1 1 1 1 1 1 1 1 1 1 1 1 1 1 1 1 1 1 1 1 1 1 1 1 1 1 1 1 1 1 1 1 1 1 1 1 1 1 1 1 1 1 1 1 1 1 1 1 1 1 1 1 1 1 1 1 1 1 1 1 1 1 1 1 1 1 1 1 1 1 1 1 1 1 1 1 1 1 1 1 1 1 1 1 1 1 1 1 1 1 1 1 1 1 1 1 1 1 1 1 1 1 1 1 1 1 1 1 1 1 1 1 1 1 1 1 1 1 1 1 1 1 1 1 1 1 1 1 1 1 1 1 1 1 1 1 1 1 1 1 1 1 1 1 1 1 1 1 1 1 1 1 1 1 1 1 1 1 1 1 1 1 1 1 1 1 1 1 1 1 1 1 1 1 1 1 1 1 1 1 1 1 1 1 1 1 1 1 1 1 1 1 1 1 1 1 1 1 1 1 1 1 1 1 1 1 1 1 1 1 1 1 1 1 1 1 1 1 1 1 1 1 1 1 1 1 1 1 1 1 1 1 1 1 1 1 1 1 1 1 1 1 1 1 1 1 1 1 1 1 1 1 1 1 1 1 1 1 1 1 1 1 1 1 1 1 1 1 1 1 1 1 1 1 1 1 1 1 1 1 1 1 1 1 1 1 1 1 1 1 1 1 1 1 1 1 1 1 1 1 1 1 1 1 1 1 1 1 1 1 1 1 1 1 1 1 1 1 1 1 1 1 1 1 1 1 1 1 1 1 1 1 1 1 1 1 1 1 1 1 1 1 1 1 1 1 1 1 1 1 1 1 1 1 1 1 1 1 1 1 1 1 1 1 1 1 1 1 1 1 1 1 1 1 1 1 1 1 1 1 1 1 1 1 1 1 1 1 1 1 1 1 1 1 1 1 1 1 1 1 1 1 1 1 1 1 1 1 1 1 1 1 1 1 1 1 1 1 1 1 1 1 1 1 1 1 1 1 1 1 1 1 1 1 1 1 1 1 1 1 1 1 1 1 1 1 1 1 1 1 1 1 1 1 1 1 1 1 1 1 1 1 1 1 1 1 1 1 1 1 1 1 1 1 1 1 1 1 1 1 1 1 1 1 1 1 1 1 1 1 1 1 1 1 1 1 1 1 1 1 1 1 1 1 1 1 1 1 1 1 1 1 1 1 1 1 1 1 1 1 1 1 1 1 1 1 1 1 1 1 1 1 1 1 1 1 1 1 1 1 1 1 1 1 1 1 1 1 1 1 1 1 1 1 1 1 1 1 1 1 1 1 1 1 1 1 1 1 1 1 1 1 1 1 1 1 1 1 1 1 1 1 1 1 1 1 1 1 1 1 1 1 1 1 1 1 1 1 1 1 1 1 1 1 1 1 1 1 1 1 1 1 1 1 1 1 1 1 1 1 1 1 1 1 1 1 1 1 1 1 1 1 1 1 1 1 1 1 1 1 1 1 1 1 1 1 1 1 1 1 1 1 1 1 1 1 1 1 1 1 1 1 1 1 1 1 1 1 1 1 1 1 1 1 1 1 1 1 1 1 1 1 1 1 1 1 1 1 1 1 1 1 1 1 1 1 1 1 1 1 1 1 1 1 1 1 1 1 1 1 1 1 1 1 1 1 1 1 1 1 1 1 1 1 1 1 1 1 1 1 1 1 1 1 1 1 1 1 1 1 1 1 1 1 1 1 1 1 1 1 1 1 1 1 1 1 1 1 1 1 1 1 1 1 1 1 1 1 1 1 1 1 1 1 1 1 1 1 1 1 1 1 1 1 1 1 1 1 1 1 1 1 1 1 1 1 1 1 1 1 1 1 1 1 1 1 1 1 1 1 1 1 1 1 1 1 1 1 1 1 1 1 1 1 1 1 1 1 1 1 1 1 1 1 1 1 1 1 1 1 1 1 1 1 1 1 1 1 1 1 1 1 1 1 1 1 1 1 1 1 1 1 1 1 1 1 1 1 1 1 1 1 1 1 1 1 1 1 1 1 1 1 1 1 1 1 1 1 1 1 1 1 1 1 1 1 1 1 1 1 1 1 1 1 1 1 1 1 1 1 1 1 1 1 1 1 1 1 1 1 1 1 1 1 1 1 1 1 1 1 1 1 1 1 1 1 1 1 1 1 1 1 1 1 1 1 1 1 1 1 1 1 1 1 1 1 1 1 1 1 1 1 1 1 1 1 1 1 1 1 1 1 1 1 1 1 1 1 1 1 1 1 1 1 1 1 1 1 1 1 1 1 1 1 1 1 1 1 1 1 1 1 1 1 1 1 1 1 1 1 1 1 1 1 1 1 1 1 1 1 1 1 1 1 1 1 1 1 1 1 1 1 1 1 1 1 1 1 1 1 1 1 1 1 1 1 1 1 1 1 1 1 1 1 1 1 1 1 1 1 1 1 1 1 1 1 1 1 1 1 1 1 1 1 1 1 1 1 1 1 1 1 1 1 1 1 1 1 1 1 1 1 1 1 1 1 1 1 1 1 1 1 1 1 1 1 1 1 1 1 1 1 1 1 1 1 1 1 1 1 1 1 1 1 1 1 1 1 1 1 1 1 1 1 1 1 1 1 1 1 1 1 1 1 1 1 1 1 1 1 1 1 1 1 1 1 1 1 1 1 1 1 1 1 1 1 1 1 1 1 1 1 1 1 1 1 1 1 1 1 1 1 1 1 1 1 1 1 1 1 1 1 1 1 1 1 1 1 1 1 1 1 1 1 1 1 1 1 1 1 1 1 1 1 1 1 1 1 1 1 1 1 1 1 1 1 1 1 1 1 1 1 1 1 1 1 1 1 1 1 1 1 1 1 1 1 1 1 1 1 1 1 1 1 1 1 1 1 1 1 1 1 1 1 1 1 1 1 1 1 1 1 1 1 1 1 1 1 1 1 1 1 1 1 1 1 1 1 1 1 1 1 1 1 1 1 1 1 1 1 1 1 1 1 1 1 1 1 1 1 1 1 1 1 1 1 1 1 1 1 1 1 1 1 1 1 1 1 1 1 1 1 1 1 1 1 1 1 1 1 1 1 1 1 1 1 1 1 1 1 1 1 1 1 1 1 1 1 1 1 1 1 1 1 1 1 1 1 1 1 1 1 1 1 1 1 1 1 1 1 1 1 1 1 1 1 1 1 1 1 1 1 1 1 1 1 1 1 1 1 1 1 1 1 1 1 1 1 1 1 1 1 1 1 1 1 1 1 1 1 1 1 1 1 1 1 1 1 1 1 1 1 1 1 1 1 1 1 1 1 1 1 1 1 1 1 1 1 1 1 1 1 1 1 1 1 1 1 1 1 1 1 1 1 1 1 1 1 1 1 1 1 1 1 1 1 1 1 1 1 1 1 1 1 1 1 1 1 1 1 1 1 1 1 1 1 1 1 1 1 1 1 1 1 1 1 1 1 1 1 1 1 1 1 1 1 1 1 1 1 1 1 1 1 1 1 1 1 1 1 1 1 1 1 1 1 1 1 1 1 1 1 1 1 1 1 1 1 1 1 1 1 1 1 1 1 1 1 1 1 1 1 1 1 1 1 1 1 1 1 1 1 1 1 1 1 1 1 1 1 1 1 1 1 1 1 1 1 1 1 1 1 1 1 1 1 1 1 1 1 1 1 1 1 1 1 1 1 1 1 1 1 1 1 1 1 1 1 1 1 1 1 1 1 1 1 1 1 1 1 1 1 1 1 1 1 1 1 1 1 1 1 1 1 1 1 1 1 1 1 1 1 1 1 1 1 1 1 1 1 1 1 1 1 1 1 1 1 1 1 1 1 1 1 1 1 1 1 1 1 1 1 1 1 1 1 1 1 1 1 1 1 1 1 1 1 1 1 1 1 1 1 1 1 1 1 1 1 1 1 1 1 1 1 1 1 1 1 1 1 1 1 1 1 1 1 1 1 1 1 1 1 1 1 1 1 1 1 1 1 1 1 1 1 1 1 1 1 1 1 1 1 1 1 1 1 1 1 1 1 1 1 1 1 1 1 1 1 1 1 1 1 1 1 1 1 1 1 1 1 1 1 1 1 1 1 1 1 1 1 1 1 1 1 1 1 1 1 1 1 1 1 1 1 1 1 1 1 1 1 1 1 1 1 1 1 1 1 1 1 1 1 1 1 1 1 1 1 1 1 1 1 1 1 1 1 1 1 1 1 1 1 1 1 1 1 1 1 1 1 1 1 1 1 1 1 1 1 1 1 1 1 1 1 1 1 1 1 1 1 1 1 1 1 1 1 1 1 1 1 1 1 1 1 1 1 1 1 1 1 1 1 1 1 1 1 1 1 1 1 1 1 1 1 1 1 1 1 1 1 1 1 1 1 1 1 1 1 1 1 1 1 1 1 1 1 1 1 1 1 1 1 1 1 1 1 1 1 1 1 1 1 1 1 1 1 1 1 1 1 1 1 1 1 1 1 1 1 1 1 1 1 1 1 1 1 1 1 1 1 1 1 1 1 1 1 1 1 1 1 1 1 1 1 1 1 1 1 1 1 1 1 1 1 1 1 1 1 1 1 1 1 1 1 1 1 1 1 1 1 1 1 1 1 1 1 1 1 1 1 1 1 1 1 1 1 1 1 1 1 1 1 1 1 1 1 1 1 1 1 1 1 1 1 1 1 1 1 1 1 1 1 1 1 1 1 1 1 1 1 1 1 1 1 1 1 1 1 1 1 1 1 1 1 1 1 1 1 1 1 1 1 1 1 1 1 1 1 1 1 1 1 1 1 1 1 1 1 1 1 1 1 1 1 1 1 1 1 1 1 1 1 1 1 1 1 1 1 1 1 1 1 1 1 1 1 1 1 1 1 1 1 1 1 1 1 1 1 1 1 1 1 1 1 1 1 1 1 1 1 1 1 1 1 1 1 1 1 1 1 1 1 1 1 1 1 1 1 1 1 1 1 1 1 1 1 1 1 1 1 1 1 1 1 1 1 1 1 1 1 1 1 1 1 1 1 1 1 1 1 1 1 1 1 1 1 1 1 1 1 1 1 1 1 1 1 1 1 1 1 1 1 1 1 1 1 1 1 1 1 1 1 1 1 1 1 1 1 1 1 1 1 1 1 1 1 1 1 1 1 1 1 1 1 1 1 1 1 1 1 1 1 1 1 1 1 1 1 1 1 1 1 1 1 1 1 1 1 1 1 1 1 1 1 1 1 1 1 1 1 1 1 1 1 1 1 1 1 1 1 1 1 1 1 1 1 1 1 1 1 1 1 1 1 1 1 1 1 1 1 1 1 1 1 1 1 1 1 1 1 1 1 1 1 1 1 1 1 1 1 1 1 1 1 1 1 1 1 1 1 1 1 1 1 1 1 1 1 1 1 1 1 1 1 1 1 1 1 1 1 1 1 1 1 1 1 1 1 1 1 1 1 1 1 1 1 1 1 1 1 1 1 1 1 1 1 1 1 1 1 1 1 1 1 1 1 1 1 1 1 1 1 1 1 1 1 1 1 1 1 1 1 1 1 1 1 1 1 1 1 1 1 1 1 1 1 1 1 1 1 1 1 1 1 1 1 1 1 1 1 1 1 1 1 1 1 1 1 1 1 1 1 1 1 1 1 1 1 1 1 1 1 1 1 1 1 1 1 1 1 1 1 1 1 1 1 1 1 1 1 1 1 1 1 1 1 1 1 1 1 1 1 1 1 1 1 1 1 1 1 1 1 1 1 1 1 1 1 1 1 1 1 1 1 1 1 1 1 1 1 1 1 1 1 1 1 1 1 1 1 1 1 1 1 1 1 1 1 1 1 1 1 1 1 1 1 1 1 1 1 1 1 1 1 1 1 1 1 1 1 1 1 1 1 1 1 1 1 1 1 1 1 1 1 1 1 1 1 1 1 1 1 1 1 1 1 1 1 1 1 1 1 1 1 1 1 1 1 1 1 1 1 1 1 1 1 1 1 1 1 1 1 1 1 1 1 1 1 1 1 1 1 1 1 1 1 1 1 1 1 1 1 1 1 1 1 1 1 1 1 1 1 1 1 1 1 1 1 1 1 1 1 1 1 1 1 1 1 1 1 1 1 1 1 1 1 1 1 1 1 1 1 1 1 1 1 1 1 1 1 1 1 1 1 1 1 1 1 1 1 1 1 1 1 1 1 1 1 1 1 1 1 1 1 1 1 1 1 1 1 1 1 1 1 1 1 1 1 1 1 1 1 1 1 1 1 1 1 1 1 1 1 1 1 1 1 1 1 1 1 1 1 1 1 1 1 1 1 1 1 1 1 1 1 1 1 1 1 1 1 1 1 1 1 1 1 1 1 1 1 1 1 1 1 1 1 1 1 1 1 1 1 1 1 1 1 1 1 1 1 1 1 1 1 1 1 1 1 1 1 1 1 1 1 1 1 1 1 1 1 1 1 1 1 1 1 1 1 1 1 1 1 1 1 1 1 1 1 1 1 1 1 1 1 1 1 1 1 1 1 1 1 1 1 1 1 1 1 1 1 1 1 1 1 1 1 1 1 1 1 1 1 1 1 1 1 1 1 1 1 1 1 1 1 1 1 1 1 1 1 1 1 1 1 1 1 1 1 1 1 1 1 1 1 1 1 1 1 1 1 1 1 1 1 1 1 1 1 1 1 1 1 1 1 1 1 1 1 1 1 1 1 1 1 1 1 1 1 1 1 1 1 1 1 1 1 1 1 1 1 1 1 1 1 1 1 1 1 1 1 1 1 1 1 1 1 1 1 1 1 1 1 1 1 1 1 1 1 1 1 1 1 1 1 1 1 1 1 1 1 1 1 1 1 1 1 1 1 1 1 1 1 1 1 1 1 1 1 1 1 1 1 1 1 1 1 1 1 1 1 1 1 1 1 1 1 1 1 1 1 1 1 1 1 1 1 1 1 1 1 1 1 1 1 1 1 1 1 1 1 1 1 1 1 1 1 1 1 1 1 1 1 1 1 1 1 1 1 1 1 1 1 1 1 1 1 1 1 1 1 1 1 1 1 1 1 1 1 1 1 1 1 1 1 1 1 1 1 1 1 1 1 1 1 1 1 1 1 1 1 1 1 1 1 1 1 1 1 1 1 1 1 1 1 1 1 1 1 1 1 1 1 1 1 1 1 1 1 1 1 1 1 1 1 1 1 1 1 1 1 1 1 1 1 1 1 1 1 1 1 1 1 1 1 1 1 1 1 1 1 1 1 1 1 1 1 1 1 1 1 1 1 1 1 1 1 1 1 1 1 1 1 1 1 1 1 1 1 1 1 1 1 1 1 1 1 1 1 1 1 1 1 1 1 1 1 1 1 1 1 1 1 1 1 1 1 1 1 1 1 1 1 1 1 1 1 1 1 1 1 1 1 1 1 1 1 1 1 1 1 1 1 1 1 1 1 1 1 1 1 1 1 1 1 1 1 1 1 1 1 1 1 1 1 1 1 1 1 1 1 1 1 1 1 1 1 1 1 1 1 1 1 1 1 1 1 1 1 1 1 1 1 1 1 1 1 1 1 1 1 1 1 1 1 1 1 1 1 1 1 1 1 1 1 1 1 1 1 1 1 1 1 1 1 1 1 1 1 1 1 1 1 1 1 1 1 1 1 1 1 1 1 1 1 1 1 1 1 1 1 1 1 1 1 1 1 1 1 1 1 1 1 1 1 1 1 1 1 1 1 1 1 1 1 1 1 1 1 1 1 1 1 1 1 1 1 1 1 1 1 1 1 1 1 1 1 1 1 1 1 1 1 1 1 1 1 1 1 1 1 1 1 1 1 1 1 1 1 1 1 1 1 1 1 1 1 1 1 1 1 1 1 1 1 1 1 1 1 1 1 1 1 1 1 1 1 1 1 1 1 1 1 1 1 1 1 1 1 1 1 1 1 1 1 1 1 1 1 1 1 1 1 1 1 1 1 1 1 1 1 1 1 1 1 1 1 1 1 1 1 1 1 1 1 1 1 1 1 1 1 1 1 1 1 1 1 1 1 1 1 1 1 1 1 1 1 1 1 1 1 1 1 1 1 1 1 1 1 1 1 1 1 1 1 1 1 1 1 1 1 1 1 1 1 1 1 1 1 1 1 1 1 1 1 1 1 1 1 1 1 1 1 1 1 1 1 1 1 1 1 1 1 1 1 1 1 1 1 1 1 1 1 1 1 1 1 1 1 1 1 1 1 1 1 1 1 1 1 1 1 1 1 1 1 1 1 1 1 1 1 1 1 1 1 1 1 1 1 1 1 1 1 1 1 1 1 1 1 1 1 1 1 1 1 1 1 1 1 1 1 1 1 1 1 1 1 1 1 1 1 1 1 1 1 1 1 1 1 1 1 1 1 1 1 1 1 1 1 1 1 1 1 1 1 1 1 1 1 1 1 1 1 1 1 1 1 1 1 1 1 1 1 1 1 1 1 1 1 1 1 1 1 1 1 1 1 1 1 1 1 1 1 1 1 1 1 1 1 1 1 1 1 1 1 1 1 1 1 1 1 1 1 1 1 1 1 1 1 1 1 1 1 1 1 1 1 1 1 1 1 1 1 1 1 1 1 1 1 1 1 1 1 1 1 1 1 1 1 1 1 1 1 1 1 1 1 1 1 1 1 1 1 1 1 1 1 1 1 1 1 1 1 1 1 1 1 1 1 1 1 1 1 1 1 1 1 1 1 1 1 1 1 1 1 1 1 1 1 1 1 1 1 1 1 1 1 1 1 1 1 1 1 1 1 1 1 1 1 1 1 1 1 1 1 1 1 1 1 1 1 1 1 1 1 1 1 1 1 1 1 1 1 1 1 1 1 1 1 1 1 1 1 1 1 1 1 1 1 1 1 1 1 1 1 1 1 1 1 1 1 1 1 1 1 1 1 1 1 1 1 1 1 1 1 1 1 1 1 1 1 1 1 1 1 1 1 1 1 1 1 1 1 1 1 1 1 1 1 1 1 1 1 1 1 1 1 1 1 1 1 1 1 1 1 1 1 1 1 1 1 1 1 1 1 1 1 1 1 1 1 1 1 1 1 1 1 1 1 1 1 1 1 1 1 1 1 1 1 1 1 1 1 1 1 1 1 1 1 1 1 1 1 1 1 1 1 1 1 1 1 1 1 1 1 1 1 1 1 1 1 1 1 1 1 1 1 1 1 1 1 1 1 1 1 1 1 1 1 1 1 1 1 1 1 1 1 1 1 1 1 1 1 1 1 1 1 1 1 1 1 1 1 1 1 1 1 1 1 1 1 1 1 1 1 1 1 1 1 1 1 1 1 1 1 1 1 1 1 1 1 1 1 1 1 1 1 1 1 1 1 1 1 1 1 1 1 1 1 1 1 1 1 1 1 1 1 1 1 1 1 1 1 1 1 1 1 1 1 1 1 1 1 1 1 1 1 1 1 1 1 1 1 1 1 1 1 1 1 1 1 1 1 1 1 1 1 1 1 1 1 1 1 1 1 1 1 1 1 1 1 1 1 1 1 1 1 1 1 1 1 1 1 1 1 1 1 1 1 1 1 1 1 1 1 1 1 1 1 1 1 1 1 1 1 1 1 1 1 1 1 1 1 1 1 1 1 1 1 1 1 1 1 1 1 1 1 1 1 1 1 1 1 1 1 1 1 1 1 1 1 1 1 1 1 1 1 1 1 1 1 1 1 1 1 1 1 1 1 1 1 1 1 1 1 1 1 1 1 1 1 1 1 1 1 1 1 1 1 1 1 1 1 1 1 1 1 1 1 1 1 1 1 1 1 1 1 1 1 1 1 1 1 1 1 1 1 1 1 1 1 1 1 1 1 1 1 1 1 1 1 1 1 1 1 1 1 1 1 1 1 1 1 1 1 1 1 1 1 1 1 1 1 1 1 1 1 1 1 1 1 1 1 1 1 1 1 1 1 1 1 1 1 1 1 1 1 1 1 1 1 1 1 1 1 1 1 1 1 1 1 1 1 1 1 1 1 1 1 1 1 1 1 1 1 1 1 1 1 1 1 1 1 1 1 1 1 1 1 1 1 1 1 1 1 1 1 1 1 1 1 1 1 1 1 1 1 1 1 1 1 1 1 1 1 1 1 1 1 1 1 1 1 1 1 1 1 1 1 1 1 1 1 1 1 1 1 1 1 1 1 1 1 1 1 1 1 1 1 1 1 1 1 1 1 1 1 1 1 1 1 1 1 1 1 1 1 1 1 1 1 1 1 1 1 1 1 1 1 1 1 1 1 1 1 1 1 1 1 1 1 1 1 1 1 1 1 1 1 1 1 1 1 1 1 1 1 1 1 1 1 1 1 1 1 1 1 1 1 1 1 1 1 1 1 1 1 1 1 1 1 1 1 1 1 1 1 1 1 1 1 1 1 1 1 1 1 1 1 1 1 1 1 1 1 1 1 1 1 1 1 1 1 1 1 1 1 1 1 1 1 1 1 1 1 1 1 1 1 1 1 1 1 1 1 1 1 1 1 1 1 1 1 1 1 1 1 1 1 1 1 1 1 1 1 1 1 1 1 1 1 1 1 1 1 1 1 1 1 1 1 1 1 1 1 1 1 1 1 1 1 1 1 1 1 1 1 1 1 1 1 1 1 1 1 1 1 1 1 1 1 1 1 1 1 1 1 1 1 1 1 1 1 1 1 1 1 1 1 1 1 1 1 1 1 1 1 1 1 1 1 1 1 1 1 1 1 1 1 1 1 1 1 1 1 1 1 1 1 1 1 1 1 1 1 1 1 1 1 1 1 1 1 1 1 1 1 1 1 1 1 1 1 1 1 1 1 1 1 1 1 1 1 1 1 1 1 1 1 1 1 1 1 1 1 1 1 1 1 1 1 1 1 1 1 1 1 1 1 1 1 1 1 1 1 1 1 1 1 1 1 1 1 1 1 1 1 1 1 1 1 1 1 1 1 1 1 1 1 1 1 1 1 1 1 1 1 1 1 1 1 1 1 1 1 1 1 1 1 1 1 1 1 1 1 1 1 1 1 1 1 1 1 1 1 1 1 1 1 1 1 1 1 1 1 1 1 1 1 1 1 1 1 1 1 1 1 1 1 1 1 1 1 1 1 1 1 1 1 1 1 1 1 1 1 1 1 1 1 1 1 1 1 1 1 1 1 1 1 1 1 1 1 1 1 1 1 1 1 1 1 1 1 1 1 1 1 1 1 1 1 1 1 1 1 1 1 1 1 1 1 1 1 1 1 1 1 1 1 1 1 1 1 1 1 1 1 1 1 1 1 1 1 1 1 1 1 1 1 1 1 1 1 1 1 1 1 1 1 1 1 1 1 1 1 1 1 1 1 1 1 1 1 1 1 1 1 1 1 1 1 1 1 1 1 1 1 1 1 1 1 1 1 1 1 1 1 1 1 1 1 1 1 1 1 1 1 1 1 1 1 1 1 1 1 1 1 1 1 1 1 1 1 1 1 1 1 1 1 1 1 1 1 1 1 1 1 1 1 1 1 1 1 1 1 1 1 1 1 1 1 1 1 1 1 1 1 1 1 1 1 1 1 1 1 1 1 1 1 1 1 1 1 1 1 1 1 1 1 1 1 1 1 1 1 1 1 1 1 1 1 1 1 1 1 1 1 1 1 1 1 1 1 1 1 1 1 1 1 1 1 1 1 1 1 1 1 1 1 1 1 1 1 1 1 1 1 1 1 1 1 1 1 1 1 1 1 1 1 1 1 1 1 1 1 1 1 1 1 1 1 1 1 1 1 1 1 1 1 1 1 1 1 1 1 1 1 1 1 1 1 1 1 1 1 1 1 1 1 1 1 1 1 1 1 1 1 1 1 1 1 1 1 1 1 1 1 1 1 1 1 1 1 1 1 1 1 1 1 1 1 1 1 1 1 1 1 1 1 1 1 1 1 1 1 1 1 1 1 1 1 1 1 1 1 1 1 1 1 1 1 1 1 1 1 1 1 1 1 1 1 1 1 1 1 1 1 1 1 1 1 1 1 1 1 1 1 1 1 1 1 1 1 1 1 1 1 1 1 1 1 1 1 1 1 1 1 1 1 1 1 1 1 1 1 1 1 1 1 1 1 1 1 1 1 1 1 1 1 1 1 1 1 1 1 1 1 1 1 1 1 1 1 1 1 1 1 1 1 1 1 1 1 1 1 1 1 1 1 1 1 1 1 1 1 1 1 1 1 1 1 1 1 1 1 1 1 1 1 1 1 1 1 1 1 1 1 1 1 1 1 1 1 1 1 1 1 1 1 1 1 1 1 1 1 1 1 1 1 1 1 1 1 1 1 1 1 1 1 1 1 1 1 1 1 1 1 1 1 1 1 1 1 1 1 1 1 1 1 1 1 1 1 1 1 1 1 1 1 1 1 1 1 1 1 1 1 1 1 1 1 1 1 1 1 1 1 1 1 1 1 1 1 1 1 1 1 1 1 1 1 1 1 1 1 1 1 1 1 1 1 1 1 1 1 1 1 1 1 1 1 1 1 1 1 1 1 1 1 1 1 1 1 1 1 1 1 1 1 1 1 1 1 1 1 1 1 1 1 1 1 1 1 1 1 1 1 1 1 1 1 1 1 1 1 1 1 1 1 1 1 1 1 1 1 1 1 1 1 1 1 1 1 1 1 1 1 1 1 1 1 1 1 1 1 1 1 1 1 1 1 1 1 1 1 1 1 1 1 1 1 1 1 1 1 1 1 1 1 1 1 1 1 1 1 1 1 1 1 1 1 1 1 1 1 1 1 1 1 1 1 1 1 1 1 1 1 1 1 1 1 1 1 1 1 1 1 1 1 1 1 1 1 1 1 1 1 1 1 1 1 1 1 1 1 1 1 1 1 1 1 1 1 1 1 1 1 1 1 1 1 1 1 1 1 1 1 1 1 1 1 1 1 1 1 1 1 1 1 1 1 1 1 1 1 1 1 1 1 1 1 1 1 1 1 1 1 1 1 1 1 1 1 1 1 1 1 1 1 1 1 1 1 1 1 1 1 1 1 1 1 1 1 1 1 1 1 1 1 1 1 1 1 1 1 1 1 1 1 1 1 1 1 1 1 1 1 1 1 1 1 1 1 1 1 1 1 1 1 1 1 1 1 1 1 1 1 1 1 1 1 1 1 1 1 1 1 1 1 1 1 1 1 1 1 1 1 1 1 1 1 1 1 1 1 1 1 1 1 1 1 1 1 1 1 1 1 1 1 1 1 1 1 1 1 1 1 1 1 1 1 1 1 1 1 1 1 1 1 1 1 1 1 1 1 1 1 1 1 1 1 1 1 1 1 1 1 1 1 1 1 1 1 1 1 1 1 1 1 1 1 1 1 1 1 1 1 1 1 1 1 1 1 1 1 1 1 1 1 1 1 1 1 1 1 1 1 1 1 1 1 1 1 1 1 1 1 1 1 1 1 1 1 1 1 1 1 1 1 1 1 1 1 1 1 1 1 1 1 1 1 1 1 1 1 1 1 1 1 1 1 1 1 1 1 1 1 1 1 1 1 1 1 1 1 1 1 1 1 1 1 1 1 1 1 1 1 1 1 1 1 1 1 1 1 1 1 1 1 1 1 1 1 1 1 1 1 1 1 1 1 1 1 1 1 1 1 1 1 1 1 1 1 1 1 1 1 1 1 1 1 1 1 1 1 1 1 1 1 1 1 1 1 1 1 1 1 1 1 1 1 1 1 1 1 1 1 1 1 1 1 1 1 1 1 1 1 1 1 1 1 1 1 1 1 1 1 1 1 1 1 1 1 1 1 1 1 1 1 1 1 1 1 1 1 1 1 1 1 1 1 1 1 1 1 1 1 1 1 1 1 1 1 1 1 1 1 1 1 1 1 1 1 1 1 1 1 1 1 1 1 1 1 1 1 1 1 1 1 1 1 1 1 1 1 1 1 1 1 1 1 1 1 1 1 1 1 1 1 1 1 1 1 1 1 1 1 1 1 1 1 1 1 1 1 1 1 1 1 1 1 1 1 1 1 1 1 1 1 1 1 1 1 1 1 1 1 1 1 1 1 1 1 1 1 1 1 1 1 1 1 1 1 1 1 1 1 1 1 1 1 1 1 1 1 1 1 1 1 1 1 1 1 1 1 1 1 1 1 1 1 1 1 1 1 1 1 1 1 1 1 1 1 1 1 1 1 1 1 1 1 1 1 1 1 1 1 1 1 1 1 1 1 1 1 1 1 1 1 1 1 1 1 1 1 1 1 1 1 1 1 1 1 1 1 1 1 1 1 1 1 1 1 1 1 1 1 1 1 1 1 1 1 1 1 1 1 1 1 1 1 1 1 1 1 1 1 1 1 1 1 1 1 1 1 1 1 1 1 1 1 1 1 1 1 1 1 1 1 1 1 1 1 1 1 1 1 1 1 1 1 1 1 1 1 1 1 1 1 1 1 1 1 1 1 1 1 1 1 1 1 1 1 1 1 1 1 1 1 1 1 1 1 1 1 1 1 1 1 1 1 1 1 1 1 1 1 1 1 1 1 1 1 1 1 1 1 1 1 1 1 1 1 1 1 1 1 1 1 1 1 1 1 1 1 1 1 1 1 1 1 1 1 1 1 1 1 1 1 1 1 1 1 1 1 1 1 1 1 1 1 1 1 1 1 1 1 1 1 1 1 1 1 1 1 1 1 1 1 1 1 1 1 1 1 1 1 1 1 1 1 1 1 1 1 1 1 1 1 1 1 1 1 1 1 1 1 1 1 1 1 1 1 1 1 1 1 1 1 1 1 1 1 1 1 1 1 1 1 1 1 1 1 1 1 1 1 1 1 1 1 1 1 1 1 1 1 1 1 1 1 1 1 1 1 1 1 1 1 1 1 1 1 1 1 1 1 1 1 1 1 1 1 1 1 1 1 1 1 1 1 1 1 1 1 1 1 1 1 1 1 1 1 1 1 1 1 1 1 1 1 1 1 1 1 1 1 1 1 1 1 1 1 1 1 1 1 1 1 1 1 1 1 1 1 1 1 1 1 1 1 1 1 1 1 1 1 1 1 1 1 1 1 1 1 1 1 1 1 1 1 1 1 1 1 1 1 1 1 1 1 1 1 1 1 1 1 1 1 1 1 1 1 1 1 1 1 1 1 1 1 1 1 1 1 1 1 1 1 1 1 1 1 1 1 1 1 1 1 1 1 1 1 1 1 1 1 1 1 1 1 1 1 1 1 1 1 1 1 1 1 1 1 1 1 1 1 1 1 1 1 1 1 1 1 1 1 1 1 1 1 1 1 1 1 1 1 1 1 1 1 1 1 1 1 1 1 1 1 1 1 1 1 1 1 1 1 1 1 1 1 1 1 1 1 1 1 1 1 1 1 1 1 1 1 1 1 1 1 1 1 1 1 1 1 1 1 1 1 1 1 1 1 1 1 1 1 1 1 1 1 1 1 1 1 1 1 1 1 1 1 1 1 1 1 1 1 1 1 1 1 1 1 1 1 1 1 1 1 1 1 1 1 1 1 1 1 1 1 1 1 1 1 1 1 1 1 1 1 1 1 1 1 1 1 1 1 1 1 1 1 1 1 1 1 1 1 1 1 1 1 1 1 1 1 1 1 1 1 1 1 1 1 1 1 1 1 1 1 1 1 1 1 1 1 1 1 1 1 1 1 1 1 1 1 1 1 1 1 1 1 1 1 1 1 1 1 1 1 1 1 1 1 1 1 1 1 1 1 1 1 1 1 1 1 1 1 1 1 1 1 1 1 1 1 1 1 1 1 1 1 1 1 1 1 1 1 1 1 1 1 1 1 1 1 1 1 1 1 1 1 1 1 1 1 1 1 1 1 1 1 1 1 1 1 1 1 1 1 1 1 1 1 1 1 1 1 1 1 1 1 1 1 1 1 1 1 1 1 1 1 1 1 1 1 1 1 1 1 1 1 1 1 1 1 1 1 1 1 1 1 1 1 1 1 1 1 1 1 1 1 1 1 1 1 1 1 1 1 1 1 1 1 1 1 1 1 1 1 1 1 1 1 1 1 1 1 1 1 1 1 1 1 1 1 1 1 1 1 1 1 1 1 1 1 1 1 1 1 1 1 1 1 1 1 1 1 1 1 1 1 1 1 1 1 1 1 1 1 1 1 1 1 1 1 1 1 1 1 1 1 1 1 1 1 1 1 1 1 1 1 1 1 1 1 1 1 1 1 1 1 1 1 1 1 1 1 1 1 1 1 1 1 1 1 1 1 1 1 1 1 1 1 1 1 1 1 1 1 1 1 1 1 1 1 1 1 1 1 1 1 1 1 1 1 1 1 1 1 1 1 1 1 1 1 1 1 1 1 1 1 1 1 1 1 1 1 1 1 1 1 1 1 1 1 1 1 1 1 1 1 1 1 1 1 1 1 1 1 1 1 1 1 1 1 1 1 1 1 1 1 1 1 1 1 1 1 1 1 1 1 1 1 1 1 1 1 1 1 1 1 1 1 1 1 1 1 1 1 1 1 1 1 1 1 1 1 1 1 1 1 1 1 1 1 1 1 1 1 1 1 1 1 1 1 1 1 1 1 1 1 1 1 1 1 1 1 1 1 1 1 1 1 1 1 1 1 1 1 1 1 1 1 1 1 1 1 1 1 1 1 1 1 1 1 1 1 1 1 1 1 1 1 1 1 1 1 1 1 1 1 1 1 1 1 1 1 1 1 1 1 1 1 1 1 1 1 1 1 1 1 1 1 1 1 1 1 1 1 1 1 1 1 1 1 1 1 1 1 1 1 1 1 1 1 1 1 1 1 1 1 1 1 1 1 1 1 1 1 1 1 1 1 1 1 1 1 1 1 1 1 1 1 1 1 1 1 1 1 1 1 1 1 1 1 1 1 1 1 1 1 1 1 1 1 1 1 1 1 1 1 1 1 1 1 1 1 1 1 1 1 1 1 1 1 1 1 1 1 1 1 1 1 1 1 1 1 1 1 1 1 1 1 1 1 1 1 1 1 1 1 1 1 1 1 1 1 1 1 1 1 1 1 1 1 1 1 1 1 1 1 1 1 1 1 1 1 1 1 1 1 1 1 1 1 1 1 1 1 1 1 1 1 1 1 1 1 1 1 1 1 1 1 1 1 1 1 1 1 1 1 1 1 1 1 1 1 1 1 1 1 1 1 1 1 1 1 1 1 1 1 1 1 1 1 1 1 1 1 1 1 1 1 1 1 1 1 1 1 1 1 1 1 1 1 1 1 1 1 1 1 1 1 1 1 1 1 1 1 1 1 1 1 1 1 1 1 1 1 1 1 1 1 1 1 1 1 1 1 1 1 1 1 1 1 1 1 1 1 1 1 1 1 1 1 1 1 1 1 1 1 1 1 1 1 1 1 1 1 1 1 1 1 1 1 1 1 1 1 1 1 1 1 1 1 1 1 1 1 1 1 1 1 1 1 1 1 1 1 1 1 1 1 1 1 1 1 1 1 1 1 1 1 1 1 1 1 1 1 1 1 1 1 1 1 1 1 1 1 1 1 1 1 1 1 1 1 1 1 1 1 1 1 1 1 1 1 1 1 1 1 1 1 1 1 1 1 1 1 1 1 1 1 1 1 1 1 1 1 1 1 1 1 1 1 1 1 1 1 1 1 1 1 1 1 1 1 1 1 1 1 1 1 1 1 1 1 1 1 1 1 1 1 1 1 1 1 1 1 1 1 1 1 1 1 1 1 1 1 1 1 1 1 1 1 1 1 1 1 1 1 1 1 1 1 1 1 1 1 1 1 1 1 1 1 1 1 1 1 1 1 1 1 1 1 1 1 1 1 1 1 1 1 1 1 1 1 1 1 1 1 1 1 1 1 1 1 1 1 1 1 1 1 1 1 1 1 1 1 1 1 1 1 1 1 1 1 1 1 1 1 1 1 1 1 1 1 1 1 1 1 1 1 1 1 1 1 1 1 1 1 1 1 1 1 1 1 1 1 1 1 1 1 1 1 1 1 1 1 1 1 1 1 1 1 1 1 1 1 1 1 1 1 1 1 1 1 1 1 1 1 1 1 1 1 1 1 1 1 1 1 1 1 1 1 1 1 1 1 1 1 1 1 1 1 1 1 1 1 1 1 1 1 1 1 1 1 1 1 1 1 1 1 1 1 1 1 1 1 1 1 1 1 1 1 1 1 1 1 1 1 1 1 1 1 1 1 1 1 1 1 1 1 1 1 1 1 1 1 1 1 1 1 1 1 1 1 1 1 1 1 1 1 1 1 1 1 1 1 1 1 1 1 1 1 1 1 1 1 1 1 1 1 1 1 1 1 1 1 1 1 1 1 1 1 1 1 1 1 1 1 1 1 1 1 1 1 1 1 1 1 1 1 1 1 1 1 1 1 1 1 1 1 1 1 1 1 1 1 1 1 1 1 1 1 1 1 1 1 1 1 1 1 1 1 1 1 1 1 1 1 1 1 1 1 1 1 1 1 1 1 1 1 1 1 1 1 1 1 1 1 1 1 1 1 1 1 1 1 1 1 1 1 1 1 1 1 1 1 1 1 1 1 1 1 1 1 1 1 1 1 1 1 1 1 1 1 1 1 1 1 1 1 1 1 1 1 1 1 1 1 1 1 1 1 1 1 1 1 1 1 1 1 1 1 1 1 1 1 1 1 1 1 1 1 1 1 1 1 1 1 1 1 1 1 1 1 1 1</float_array>
          <technique_common>
            <accessor source="#Wheel_LOD300-mesh-colors-Attribute-array" count="3636" stride="4">
              <param name="R" type="float"/>
              <param name="G" type="float"/>
              <param name="B" type="float"/>
              <param name="A" type="float"/>
            </accessor>
          </technique_common>
        </source>
        <vertices id="Wheel_LOD300-mesh-vertices">
          <input semantic="POSITION" source="#Wheel_LOD300-mesh-positions"/>
        </vertices>
        <triangles material="Ratrod_Body-material" count="1212">
          <input semantic="VERTEX" source="#Wheel_LOD300-mesh-vertices" offset="0"/>
          <input semantic="NORMAL" source="#Wheel_LOD300-mesh-normals" offset="1"/>
          <input semantic="TEXCOORD" source="#Wheel_LOD300-mesh-map-0" offset="2" set="0"/>
          <input semantic="COLOR" source="#Wheel_LOD300-mesh-colors-Attribute" offset="3" set="0"/>
          <p>18 0 0 0 32 1 1 1 19 2 2 2 6 3 3 3 72 4 4 4 7 5 5 5 30 6 6 6 39 7 7 7 29 8 8 8 7 5 9 9 75 9 10 10 8 10 11 11 20 11 12 12 44 12 13 13 47 13 14 14 12 14 15 15 85 15 16 16 13 16 17 17 25 17 18 18 51 18 19 19 24 19 20 20 24 19 21 21 52 20 22 22 23 21 23 23 20 11 24 24 59 22 25 25 0 23 26 26 14 24 27 27 89 25 28 28 15 26 29 29 1 27 30 30 60 28 31 31 2 29 32 32 15 26 33 33 92 30 34 34 16 31 35 35 4 32 36 36 64 33 37 37 5 34 38 38 83 35 39 39 68 36 40 40 53 37 41 41 2 29 42 42 63 38 43 43 3 39 44 44 6 3 45 45 64 33 46 46 67 40 47 47 29 8 48 48 41 41 49 49 28 42 50 50 31 43 51 51 36 44 52 52 30 6 53 53 3 39 54 54 69 45 55 55 4 32 56 56 27 46 57 57 41 41 58 58 43 47 59 59 9 48 60 60 75 9 61 61 77 49 62 62 27 46 63 63 57 50 64 64 26 51 65 65 16 31 66 66 95 52 67 67 17 53 68 68 9 48 69 69 78 54 70 70 10 55 71 71 22 56 72 72 44 12 73 73 21 57 74 74 17 53 75 75 90 58 76 76 18 0 77 77 12 14 78 78 81 59 79 79 82 60 80 80 25 17 81 81 57 50 82 82 48 61 83 83 14 24 84 84 85 15 85 85 87 62 86 86 0 23 87 87 70 63 88 88 1 27 89 89 11 64 90 90 78 54 91 91 81 59 92 92 23 21 93 93 55 65 94 94 22 56 95 95 193 66 96 96 99 67 97 97 205 68 98 98 101 69 99 99 32 1 100 100 96 70 101 101 183 71 102 102 32 1 103 103 90 58 104 104 206 72 105 105 108 73 106 106 105 74 107 107 102 75 108 108 39 7 109 109 36 44 110 110 193 66 111 111 105 74 112 112 104 76 113 113 109 77 114 114 107 78 115 115 106 79 116 116 107 78 117 117 41 41 118 118 39 7 119 119 208 80 120 120 108 73 121 121 207 81 122 122 112 82 123 123 110 83 124 124 109 77 125 125 113 84 126 126 41 41 127 127 110 83 128 128 208 80 129 129 132 85 130 130 111 86 131 131 213 87 132 132 117 88 133 133 209 89 134 134 119 90 135 135 44 12 136 136 114 91 137 137 114 91 138 138 55 65 139 139 131 92 140 140 210 93 141 141 128 94 142 142 123 95 143 143 125 96 144 144 48 61 145 145 120 97 146 146 120 97 147 147 57 50 148 148 134 98 149 149 199 99 150 150 135 100 151 151 213 87 152 152 131 92 153 153 52 20 154 154 126 101 155 155 196 102 156 156 129 103 157 157 128 94 158 158 124 104 159 159 126 101 160 160 125 96 161 161 125 96 162 162 52 20 163 163 51 18 164 164 127 105 165 165 131 92 166 166 126 101 167 167 103 106 168 168 101 69 169 169 100 107 170 170 101 69 171 171 36 44 172 172 35 108 173 173 106 79 174 174 102 75 175 175 103 106 176 176 133 109 177 177 113 84 178 178 112 82 179 179 134 98 180 180 43 47 181 181 113 84 182 182 130 110 183 183 114 91 184 184 131 92 185 185 136 111 186 186 119 90 187 187 118 112 188 188 137 113 189 189 47 13 190 190 119 90 191 191 121 114 192 192 134 98 193 193 133 109 194 194 194 115 195 195 117 88 196 196 116 116 197 197 115 117 198 198 119 90 199 199 114 91 200 200 194 115 201 201 129 103 202 202 211 118 203 203 214 119 204 204 150 120 205 205 141 121 206 206 138 122 207 207 63 38 208 208 60 28 209 209 138 122 210 210 70 63 211 211 153 123 212 212 215 124 213 213 158 125 214 214 147 126 215 215 144 127 216 216 67 40 217 217 64 33 218 218 152 128 219 219 64 33 220 220 69 45 221 221 151 129 222 222 143 130 223 223 142 131 224 224 143 130 225 225 69 45 226 226 63 38 227 227 145 132 228 228 152 128 229 229 151 129 230 230 197 133 231 231 141 121 232 232 140 134 233 233 139 135 234 234 143 130 235 235 138 122 236 236 199 99 237 237 140 134 238 238 155 136 239 239 218 137 240 240 159 138 241 241 217 139 242 242 156 140 243 243 75 9 244 244 72 4 245 245 217 139 246 246 158 125 247 247 200 141 248 248 163 142 249 249 161 143 250 250 160 144 251 251 161 143 252 252 77 49 253 253 75 9 254 254 201 145 255 255 162 146 256 256 218 137 257 257 202 147 258 258 168 148 259 259 219 149 260 260 170 150 261 261 78 54 262 262 165 151 263 263 201 145 264 264 168 148 265 265 167 152 266 266 220 153 267 267 177 154 268 268 174 155 269 269 171 156 270 270 85 15 271 271 82 60 272 272 202 147 273 273 174 155 274 274 173 157 275 275 166 158 276 276 164 159 277 277 163 142 278 278 164 159 279 279 78 54 280 280 77 49 281 281 169 160 282 282 165 151 283 283 166 158 284 284 198 161 285 285 147 126 286 286 146 162 287 287 148 163 288 288 144 127 289 289 145 132 290 290 216 164 291 291 146 162 292 292 150 120 293 293 148 163 294 294 156 140 295 295 149 165 296 296 149 165 297 297 72 4 298 298 67 40 299 299 160 144 300 300 156 140 301 301 157 166 302 302 169 160 303 303 171 156 304 304 170 150 305 305 171 156 306 306 81 59 307 307 170 150 308 308 172 167 309 309 176 168 310 310 171 156 311 311 210 93 312 312 122 169 313 313 195 170 314 314 124 104 315 315 120 97 316 316 121 114 317 317 195 170 318 318 132 85 319 319 212 171 320 320 175 172 321 321 179 173 322 322 176 168 323 323 176 168 324 324 87 62 325 325 85 15 326 326 221 174 327 327 180 175 328 328 177 154 329 329 178 176 330 330 182 177 331 331 179 173 332 332 182 177 333 333 87 62 334 334 179 173 335 335 204 178 336 336 180 175 337 337 222 179 338 338 136 111 339 339 153 123 340 340 137 113 341 341 137 113 342 342 70 63 343 343 59 22 344 344 154 180 345 345 138 122 346 346 153 123 347 347 205 68 348 348 98 181 349 349 192 182 350 350 100 107 351 351 96 70 352 352 97 183 353 353 192 182 354 354 185 184 355 355 203 185 356 356 191 186 357 357 92 30 358 358 186 187 359 359 223 188 360 360 188 189 361 361 204 178 362 362 187 190 363 363 191 186 364 364 186 187 365 365 183 71 366 366 95 52 367 367 191 186 368 368 223 188 369 369 185 184 370 370 189 191 371 371 181 192 372 372 186 187 373 373 182 177 374 374 186 187 375 375 89 25 376 376 182 177 377 377 190 193 378 378 183 71 379 379 191 186 380 380 19 2 381 381 35 108 382 382 31 43 383 383 97 183 384 384 99 67 385 385 100 107 386 386 106 79 387 387 104 76 388 388 105 74 389 389 109 77 390 390 105 74 391 391 108 73 392 392 112 82 393 393 108 73 394 394 111 86 395 395 118 112 396 396 116 116 397 397 117 88 398 398 121 114 399 399 123 95 400 400 124 104 401 401 127 105 402 402 129 103 403 403 130 110 404 404 127 105 405 405 123 95 406 406 128 94 407 407 103 106 408 408 99 67 409 409 104 76 410 410 112 82 411 411 132 85 412 412 133 109 413 413 136 111 414 414 117 88 415 415 135 100 416 416 130 110 417 417 116 116 418 418 115 117 419 419 139 135 420 420 141 121 421 421 142 131 422 422 148 163 423 423 146 162 424 424 147 126 425 425 142 131 426 426 150 120 427 427 151 129 428 428 154 180 429 429 140 134 430 430 139 135 431 431 157 166 432 432 159 138 433 433 160 144 434 434 163 142 435 435 159 138 436 436 162 146 437 437 169 160 438 438 167 152 439 439 168 148 440 440 175 172 441 441 173 157 442 442 174 155 443 443 163 142 444 444 167 152 445 445 166 158 446 446 151 129 447 447 146 162 448 448 145 132 449 449 148 163 450 450 158 125 451 451 157 166 452 452 169 160 453 453 173 157 454 454 172 167 455 455 121 114 456 456 132 85 457 457 122 169 458 458 175 172 459 459 177 154 460 460 178 176 461 461 178 176 462 462 180 175 463 463 181 192 464 464 136 111 465 465 155 136 466 466 154 180 467 467 97 183 468 468 185 184 469 469 98 181 470 470 187 190 471 471 189 191 472 472 190 193 473 473 184 194 474 474 189 191 475 475 185 184 476 476 181 192 477 477 188 189 478 478 187 190 479 479 184 194 480 480 96 70 481 481 183 71 482 482 224 195 483 483 205 68 484 484 192 182 485 485 226 196 486 486 206 72 487 487 193 66 488 488 228 197 489 489 206 72 490 490 227 198 491 491 228 197 492 492 208 80 493 493 207 81 494 494 231 199 495 495 194 115 496 496 230 200 497 497 232 201 498 498 210 93 499 499 195 170 500 500 234 202 501 501 211 118 502 502 196 102 503 503 234 202 504 504 210 93 505 505 233 203 506 506 226 196 507 507 205 68 508 508 225 204 509 509 236 205 510 510 208 80 511 511 229 206 512 512 231 199 513 513 213 87 514 514 209 89 515 515 235 207 516 516 194 115 517 517 211 118 518 518 239 208 519 519 197 133 520 520 238 209 521 521 241 210 522 522 198 161 523 523 240 211 524 524 239 208 525 525 216 164 526 526 214 119 527 527 243 212 528 528 197 133 529 529 199 99 530 530 244 213 531 531 217 139 532 532 200 141 533 533 246 214 534 534 217 139 535 535 245 215 536 536 248 216 537 537 201 145 538 538 247 217 539 539 250 218 540 540 202 147 541 541 249 219 542 542 247 217 543 543 218 137 544 544 246 214 545 545 240 211 546 546 216 164 547 547 242 220 548 548 241 210 549 549 200 141 550 550 215 124 551 551 249 219 552 552 219 149 553 553 248 216 554 554 236 205 555 555 195 170 556 556 212 171 557 557 250 218 558 558 221 174 559 559 220 153 560 560 252 221 561 561 221 174 562 562 251 222 563 563 243 212 564 564 213 87 565 565 237 223 566 566 224 195 567 567 203 185 568 568 253 224 569 569 255 225 570 570 204 178 571 571 254 226 572 572 255 225 573 573 203 185 574 574 223 188 575 575 254 226 576 576 222 179 577 577 252 221 578 578 257 227 579 579 224 228 580 580 256 229 581 581 259 230 582 582 226 231 583 583 258 232 584 584 259 230 585 585 228 233 586 586 227 234 587 587 260 235 588 588 229 236 589 589 228 233 590 590 263 237 591 591 230 238 592 592 262 239 593 593 265 240 594 594 232 241 595 595 264 242 596 596 267 243 597 597 234 244 598 598 266 245 599 599 265 240 600 600 234 244 601 601 233 246 602 602 258 232 603 603 225 247 604 604 257 227 605 605 268 248 606 606 229 236 607 607 261 249 608 608 263 237 609 609 237 250 610 610 231 251 611 611 267 243 612 612 230 238 613 613 235 252 614 614 271 253 615 615 238 254 616 616 270 255 617 617 272 256 618 618 241 257 619 619 240 258 620 620 274 259 621 621 239 260 622 622 271 253 623 623 270 255 624 624 243 261 625 625 275 262 626 626 276 263 627 627 245 264 628 628 244 265 629 629 277 266 630 630 246 267 631 631 245 264 632 632 279 268 633 633 248 269 634 634 247 270 635 635 281 271 636 636 250 272 637 637 249 273 638 638 279 268 639 639 246 267 640 640 278 274 641 641 272 256 642 642 242 275 643 643 274 259 644 644 273 276 645 645 244 265 646 646 241 257 647 647 281 271 648 648 248 269 649 649 280 277 650 650 264 242 651 651 236 278 652 652 268 248 653 653 282 279 654 654 251 280 655 655 250 272 656 656 283 281 657 657 252 282 658 658 251 280 659 659 275 262 660 660 237 250 661 661 269 283 662 662 285 284 663 663 224 228 664 664 253 285 665 665 287 286 666 666 254 287 667 667 286 288 668 668 287 286 669 669 253 285 670 670 255 289 671 671 286 288 672 672 252 282 673 673 284 290 674 674 289 291 675 675 256 292 676 676 288 293 677 677 290 294 678 678 259 295 679 679 258 296 680 680 291 295 681 681 260 295 682 682 259 295 683 683 292 297 684 684 261 298 685 685 260 295 686 686 295 299 687 687 262 300 688 688 294 301 689 689 296 302 690 690 265 303 691 691 264 304 692 692 298 305 693 693 267 306 694 694 266 307 695 695 297 308 696 696 266 307 697 697 265 303 698 698 290 294 699 699 257 309 700 700 289 291 701 701 293 310 702 702 268 311 703 703 261 298 704 704 301 295 705 705 263 295 706 706 295 299 707 707 299 312 708 708 262 300 709 709 267 306 710 710 302 313 711 711 271 314 712 712 270 315 713 713 304 316 714 714 273 317 715 715 272 318 716 716 306 319 717 717 271 314 718 718 303 320 719 719 302 313 720 720 275 321 721 721 307 322 722 722 309 323 723 723 276 324 724 724 308 325 725 725 310 326 726 726 277 327 727 727 309 323 728 728 312 328 729 729 279 329 730 730 311 330 731 731 314 331 732 732 281 332 733 733 313 333 734 734 311 330 735 735 278 334 736 736 310 326 737 737 306 319 738 738 272 318 739 739 274 335 740 740 308 325 741 741 273 317 742 742 305 336 743 743 313 333 744 744 280 337 745 745 312 328 746 746 300 338 747 747 264 304 748 748 268 311 749 749 315 339 750 750 282 340 751 751 314 331 752 752 316 341 753 753 283 342 754 754 315 339 755 755 307 322 756 756 269 343 757 757 301 295 758 758 317 344 759 759 256 292 760 760 285 345 761 761 319 346 762 762 286 347 763 763 318 348 764 764 317 344 765 765 287 295 766 766 319 346 767 767 316 341 768 768 286 347 769 769 284 295 770 770 93 349 771 771 316 350 772 772 88 351 773 773 91 352 774 774 319 353 775 775 94 354 776 776 94 354 777 777 318 355 778 778 93 349 779 779 33 356 780 780 317 357 781 781 91 352 782 782 58 358 783 783 307 359 784 784 301 360 785 785 88 351 786 786 315 361 787 787 86 362 788 788 84 363 789 789 315 361 790 790 314 364 791 791 49 365 792 792 300 366 793 793 56 367 794 794 80 368 795 795 313 369 796 796 312 370 797 797 66 371 798 798 308 372 799 799 305 373 800 800 68 374 801 801 304 375 802 802 306 376 803 803 76 377 804 804 311 378 805 805 310 379 806 806 84 363 807 807 313 369 808 808 83 380 809 809 80 368 810 810 311 378 811 811 79 381 812 812 76 377 813 813 309 382 814 814 74 383 815 815 74 383 816 816 308 372 817 817 73 384 818 818 61 385 819 819 307 359 820 820 71 386 821 821 68 374 822 822 303 387 823 823 62 388 824 824 66 371 825 825 304 375 826 826 65 389 827 827 62 388 828 828 302 390 829 829 61 385 830 830 45 391 831 831 299 392 832 832 54 393 833 833 58 358 834 834 295 394 835 835 46 395 836 836 56 367 837 837 293 396 838 838 42 397 839 839 37 398 840 840 289 399 841 841 34 400 842 842 53 401 843 843 297 402 844 844 50 403 845 845 53 401 846 846 299 392 847 847 298 404 848 848 49 365 849 849 297 402 850 850 296 405 851 851 45 391 852 852 295 394 853 853 294 406 854 854 42 397 855 855 292 407 856 856 40 408 857 857 38 409 858 858 292 407 859 859 291 410 860 860 37 398 861 861 291 410 862 862 290 411 863 863 33 356 864 864 289 399 865 865 288 412 866 866 320 413 867 867 18 0 868 868 19 2 869 869 360 414 870 870 6 3 871 871 7 5 872 872 29 8 873 873 324 415 874 874 30 6 875 875 8 10 876 876 360 414 877 877 7 5 878 878 335 416 879 879 21 57 880 880 20 11 881 881 373 417 882 882 12 14 883 883 13 16 884 884 24 19 885 885 336 418 886 886 25 17 887 887 23 21 888 888 339 419 889 889 24 19 890 890 347 420 891 891 20 11 892 892 0 23 893 893 15 26 894 894 375 421 895 895 14 24 896 896 348 422 897 897 1 27 898 898 2 29 899 899 380 423 900 900 15 26 901 901 16 31 902 902 352 424 903 903 4 32 904 904 5 34 905 905 337 425 906 906 349 426 907 907 367 427 908 908 351 428 909 909 2 29 910 910 3 39 911 911 355 429 912 912 5 34 913 913 6 3 914 914 329 430 915 915 29 8 916 916 28 42 917 917 324 415 918 918 31 43 919 919 30 6 920 920 357 431 921 921 3 39 922 922 4 32 923 923 331 432 924 924 28 42 925 925 27 46 926 926 365 433 927 927 8 10 928 928 9 48 929 929 26 51 930 930 331 432 931 931 27 46 932 932 383 434 933 933 16 31 934 934 17 53 935 935 10 55 936 936 365 433 937 937 9 48 938 938 21 57 939 939 343 435 940 940 22 56 941 941 378 436 942 942 17 53 943 943 18 0 944 944 370 437 945 945 11 64 946 946 12 14 947 947 336 418 948 948 26 51 949 949 25 17 950 950 375 421 951 951 13 16 952 952 14 24 953 953 358 438 954 954 0 23 955 955 1 27 956 956 369 439 957 957 10 55 958 958 11 64 959 959 343 435 960 960 23 21 961 961 22 56 962 962 387 440 963 963 481 441 964 964 493 442 965 965 320 413 966 966 389 443 967 967 384 444 968 968 471 445 969 969 320 413 970 970 384 444 971 971 494 446 972 972 396 447 973 973 495 448 974 974 390 449 975 975 327 450 976 976 395 451 977 977 481 441 978 978 393 452 979 979 494 446 980 980 395 451 981 981 397 453 982 982 394 454 983 983 395 451 984 984 329 430 985 985 398 455 986 986 396 447 987 987 496 456 988 988 495 448 989 989 398 455 990 990 400 457 991 991 397 453 992 992 329 430 993 993 401 458 994 994 398 455 995 995 496 456 996 996 420 459 997 997 500 460 998 998 405 461 999 999 501 462 1000 1000 497 463 1001 1001 332 464 1002 1002 407 465 1003 1003 402 466 1004 1004 343 435 1005 1005 402 466 1006 1006 419 467 1007 1007 498 468 1008 1008 416 469 1009 1009 484 470 1010 1010 336 418 1011 1011 413 471 1012 1012 408 472 1013 1013 345 473 1014 1014 408 472 1015 1015 422 474 1016 1016 423 475 1017 1017 487 476 1018 1018 501 462 1019 1019 340 477 1020 1020 419 467 1021 1021 414 478 1022 1022 484 470 1023 1023 417 479 1024 1024 499 480 1025 1025 412 481 1026 1026 414 478 1027 1027 415 482 1028 1028 413 471 1029 1029 340 477 1030 1030 414 478 1031 1031 415 482 1032 1032 419 467 1033 1033 418 483 1034 1034 389 443 1035 1035 391 484 1036 1036 388 485 1037 1037 389 443 1038 1038 324 415 1039 1039 390 449 1040 1040 390 449 1041 1041 394 454 1042 1042 391 484 1043 1043 401 458 1044 1044 421 486 1045 1045 400 457 1046 1046 331 432 1047 1047 422 474 1048 1048 401 458 1049 1049 418 483 1050 1050 402 466 1051 1051 403 487 1052 1052 407 465 1053 1053 424 488 1054 1054 406 489 1055 1055 335 416 1056 1056 425 490 1057 1057 407 465 1058 1058 422 474 1059 1059 409 491 1060 1060 421 486 1061 1061 482 492 1062 1062 405 461 1063 1063 497 463 1064 1064 403 487 1065 1065 407 465 1066 1066 406 489 1067 1067 499 480 1068 1068 404 493 1069 1069 482 492 1070 1070 502 494 1071 1071 438 495 1072 1072 504 496 1073 1073 426 497 1074 1074 351 428 1075 1075 431 498 1076 1076 358 438 1077 1077 426 497 1078 1078 441 499 1079 1079 503 500 1080 1080 446 501 1081 1081 488 502 1082 1082 432 503 1083 1083 355 429 1084 1084 437 504 1085 1085 440 505 1086 1086 352 424 1087 1087 432 503 1088 1088 431 498 1089 1089 439 506 1090 1090 430 507 1091 1091 431 498 1092 1092 357 431 1093 1093 440 505 1094 1094 440 505 1095 1095 433 508 1096 1096 439 506 1097 1097 485 509 1098 1098 429 510 1099 1099 502 494 1100 1100 427 511 1101 1101 431 498 1102 1102 430 507 1103 1103 487 476 1104 1104 428 512 1105 1105 485 509 1106 1106 447 513 1107 1107 506 514 1108 1108 505 515 1109 1109 444 516 1110 1110 363 517 1111 1111 449 518 1112 1112 446 501 1113 1113 505 515 1114 1114 488 502 1115 1115 449 518 1116 1116 451 519 1117 1117 448 520 1118 1118 449 518 1119 1119 365 433 1120 1120 452 521 1121 1121 450 522 1122 1122 489 523 1123 1123 506 514 1124 1124 456 524 1125 1125 490 525 1126 1126 507 526 1127 1127 366 527 1128 1128 458 528 1129 1129 453 529 1130 1130 489 523 1131 1131 456 524 1132 1132 507 526 1133 1133 508 530 1134 1134 465 531 1135 1135 509 532 1136 1136 459 533 1137 1137 373 417 1138 1138 464 534 1139 1139 490 525 1140 1140 462 535 1141 1141 508 530 1142 1142 452 521 1143 1143 454 536 1144 1144 451 519 1145 1145 452 521 1146 1146 366 527 1147 1147 453 529 1148 1148 453 529 1149 1149 457 537 1150 1150 454 536 1151 1151 486 538 1152 1152 435 539 1153 1153 503 500 1154 1154 432 503 1155 1155 436 540 1156 1156 433 508 1157 1157 504 496 1158 1158 434 541 1159 1159 486 538 1160 1160 436 540 1161 1161 444 516 1162 1162 445 542 1163 1163 437 504 1164 1164 360 414 1165 1165 444 516 1166 1166 444 516 1167 1167 448 520 1168 1168 445 542 1169 1169 457 537 1170 1170 459 533 1171 1171 460 543 1172 1172 369 439 1173 1173 459 533 1174 1174 458 528 1175 1175 460 543 1176 1176 464 534 1177 1177 463 544 1178 1178 410 545 1179 1179 498 468 1180 1180 483 546 1181 1181 408 472 1182 1182 412 481 1183 1183 409 491 1184 1184 420 459 1185 1185 483 546 1186 1186 500 460 1187 1187 463 544 1188 1188 467 547 1189 1189 466 548 1190 1190 464 534 1191 1191 375 421 1192 1192 467 547 1193 1193 509 532 1194 1194 468 549 1195 1195 510 550 1196 1196 466 548 1197 1197 470 551 1198 1198 469 552 1199 1199 375 421 1200 1200 470 551 1201 1201 467 547 1202 1202 468 549 1203 1203 492 553 1204 1204 510 550 1205 1205 424 488 1206 1206 441 499 1207 1207 442 554 1208 1208 347 420 1209 1209 441 499 1210 1210 425 490 1211 1211 442 554 1212 1212 426 497 1213 1213 427 511 1214 1214 386 555 1215 1215 493 442 1216 1216 480 556 1217 1217 384 444 1218 1218 388 485 1219 1219 385 557 1220 1220 473 558 1221 1221 480 556 1222 1222 491 559 1223 1223 380 423 1224 1224 479 560 1225 1225 474 561 1226 1226 476 562 1227 1227 511 563 1228 1228 492 553 1229 1229 475 564 1230 1230 479 560 1231 1231 478 565 1232 1232 383 434 1233 1233 471 445 1234 1234 479 560 1235 1235 511 563 1236 1236 473 558 1237 1237 491 559 1238 1238 469 552 1239 1239 474 561 1240 1240 475 564 1241 1241 377 566 1242 1242 474 561 1243 1243 470 551 1244 1244 478 565 1245 1245 471 445 1246 1246 472 567 1247 1247 323 568 1248 1248 19 2 1249 1249 31 43 1250 1250 387 440 1251 1251 385 557 1252 1252 388 485 1253 1253 394 454 1254 1254 392 569 1255 1255 391 484 1256 1256 397 453 1257 1257 393 452 1258 1258 394 454 1259 1259 400 457 1260 1260 396 447 1261 1261 397 453 1262 1262 406 489 1263 1263 404 493 1264 1264 403 487 1265 1265 411 570 1266 1266 409 491 1267 1267 412 481 1268 1268 417 479 1269 1269 415 482 1270 1270 418 483 1271 1271 415 482 1272 1272 411 570 1273 1273 412 481 1274 1274 391 484 1275 1275 387 440 1276 1276 388 485 1277 1277 420 459 1278 1278 400 457 1279 1279 421 486 1280 1280 424 488 1281 1281 405 461 1282 1282 406 489 1283 1283 404 493 1284 1284 418 483 1285 1285 403 487 1286 1286 429 510 1287 1287 427 511 1288 1288 430 507 1289 1289 436 540 1290 1290 434 541 1291 1291 433 508 1292 1292 438 495 1293 1293 430 507 1294 1294 439 506 1295 1295 428 512 1296 1296 442 554 1297 1297 427 511 1298 1298 447 513 1299 1299 445 542 1300 1300 448 520 1301 1301 451 519 1302 1302 447 513 1303 1303 448 520 1304 1304 457 537 1305 1305 455 571 1306 1306 454 536 1307 1307 463 544 1308 1308 461 572 1309 1309 460 543 1310 1310 455 571 1311 1311 451 519 1312 1312 454 536 1313 1313 434 541 1314 1314 439 506 1315 1315 433 508 1316 1316 446 501 1317 1317 436 540 1318 1318 445 542 1319 1319 461 572 1320 1320 457 537 1321 1321 460 543 1322 1322 409 491 1323 1323 420 459 1324 1324 421 486 1325 1325 465 531 1326 1326 463 544 1327 1327 466 548 1328 1328 468 549 1329 1329 466 548 1330 1330 469 552 1331 1331 443 573 1332 1332 424 488 1333 1333 442 554 1334 1334 385 557 1335 1335 473 558 1336 1336 472 567 1337 1337 477 574 1338 1338 475 564 1339 1339 478 565 1340 1340 472 567 1341 1341 477 574 1342 1342 478 565 1343 1343 476 562 1344 1344 469 552 1345 1345 475 564 1346 1346 472 567 1347 1347 384 444 1348 1348 385 557 1349 1349 512 575 1350 1350 493 442 1351 1351 513 576 1352 1352 514 577 1353 1353 494 446 1354 1354 515 578 1355 1355 494 446 1356 1356 516 579 1357 1357 515 578 1358 1358 516 579 1359 1359 496 456 1360 1360 517 580 1361 1361 482 492 1362 1362 519 581 1363 1363 518 582 1364 1364 520 583 1365 1365 498 468 1366 1366 521 584 1367 1367 522 585 1368 1368 499 480 1369 1369 523 586 1370 1370 498 468 1371 1371 522 585 1372 1372 521 584 1373 1373 493 442 1374 1374 514 577 1375 1375 513 576 1376 1376 496 456 1377 1377 524 587 1378 1378 517 580 1379 1379 519 581 1380 1380 501 462 1381 1381 525 588 1382 1382 523 586 1383 1383 482 492 1384 1384 518 582 1385 1385 485 509 1386 1386 527 589 1387 1387 526 590 1388 1388 486 538 1389 1389 529 591 1390 1390 528 592 1391 1391 527 589 1392 1392 504 496 1393 1393 530 593 1394 1394 531 594 1395 1395 485 509 1396 1396 526 590 1397 1397 532 595 1398 1398 505 515 1399 1399 533 596 1400 1400 505 515 1401 1401 534 597 1402 1402 533 596 1403 1403 489 523 1404 1404 536 598 1405 1405 535 599 1406 1406 490 525 1407 1407 538 600 1408 1408 537 601 1409 1409 506 514 1410 1410 535 599 1411 1411 534 597 1412 1412 504 496 1413 1413 528 592 1414 1414 530 593 1415 1415 529 591 1416 1416 488 502 1417 1417 532 595 1418 1418 507 526 1419 1419 537 601 1420 1420 536 598 1421 1421 524 587 1422 1422 483 546 1423 1423 520 583 1424 1424 538 600 1425 1425 509 532 1426 1426 539 602 1427 1427 509 532 1428 1428 540 603 1429 1429 539 602 1430 1430 501 462 1431 1431 531 594 1432 1432 525 588 1433 1433 491 559 1434 1434 512 575 1435 1435 541 604 1436 1436 492 553 1437 1437 543 605 1438 1438 542 606 1439 1439 543 605 1440 1440 491 559 1441 1441 541 604 1442 1442 510 550 1443 1443 542 606 1444 1444 540 603 1445 1445 544 607 1446 1446 513 608 1447 1447 545 609 1448 1448 514 610 1449 1449 547 611 1450 1450 546 612 1451 1451 547 611 1452 1452 516 613 1453 1453 548 614 1454 1454 548 614 1455 1455 517 615 1456 1456 549 616 1457 1457 518 617 1458 1458 551 618 1459 1459 550 619 1460 1460 520 620 1461 1461 553 621 1462 1462 552 622 1463 1463 522 623 1464 1464 555 624 1465 1465 554 625 1466 1466 553 621 1467 1467 522 623 1468 1468 554 625 1469 1469 513 608 1470 1470 546 612 1471 1471 545 609 1472 1472 517 615 1473 1473 556 626 1474 1474 549 616 1475 1475 551 618 1476 1476 525 627 1477 1477 557 628 1478 1478 555 624 1479 1479 518 617 1480 1480 550 619 1481 1481 526 629 1482 1482 559 630 1483 1483 558 631 1484 1484 560 632 1485 1485 529 633 1486 1486 561 634 1487 1487 527 635 1488 1488 562 636 1489 1489 559 630 1490 1490 531 637 1491 1491 558 631 1492 1492 563 638 1493 1493 564 639 1494 1494 533 640 1495 1495 565 641 1496 1496 565 641 1497 1497 534 642 1498 1498 566 643 1499 1499 567 644 1500 1500 536 645 1501 1501 568 646 1502 1502 569 647 1503 1503 538 648 1504 1504 570 649 1505 1505 534 642 1506 1506 567 644 1507 1507 566 643 1508 1508 530 650 1509 1509 560 632 1510 1510 562 636 1511 1511 561 634 1512 1512 532 651 1513 1513 564 639 1514 1514 536 645 1515 1515 569 647 1516 1516 568 646 1517 1517 524 652 1518 1518 552 622 1519 1519 556 626 1520 1520 570 649 1521 1521 539 653 1522 1522 571 654 1523 1523 571 654 1524 1524 540 655 1525 1525 572 656 1526 1526 525 627 1527 1527 563 638 1528 1528 557 628 1529 1529 573 657 1530 1530 512 658 1531 1531 544 607 1532 1532 542 659 1533 1533 575 660 1534 1534 574 661 1535 1535 575 660 1536 1536 541 662 1537 1537 573 657 1538 1538 540 655 1539 1539 574 661 1540 1540 572 656 1541 1541 544 663 1542 1542 577 664 1543 1543 576 665 1544 1544 578 666 1545 1545 547 667 1546 1546 579 668 1547 1547 579 668 1548 1548 548 669 1549 1549 580 670 1550 1550 580 670 1551 1551 549 671 1552 1552 581 672 1553 1553 550 673 1554 1554 583 674 1555 1555 582 675 1556 1556 584 676 1557 1557 553 677 1558 1558 585 678 1559 1559 586 679 1560 1560 555 680 1561 1561 587 681 1562 1562 585 678 1563 1563 554 682 1564 1564 586 679 1565 1565 545 683 1566 1566 578 666 1567 1567 577 664 1568 1568 581 672 1569 1569 556 684 1570 1570 588 685 1571 1571 551 668 1572 1572 589 668 1573 1573 583 674 1574 1574 587 681 1575 1575 550 673 1576 1576 582 675 1577 1577 590 686 1578 1578 559 687 1579 1579 591 688 1580 1580 592 689 1581 1581 561 690 1582 1582 593 668 1583 1583 559 687 1584 1584 594 691 1585 1585 591 688 1586 1586 563 692 1587 1587 590 686 1588 1588 595 693 1589 1589 564 694 1590 1590 597 695 1591 1591 596 696 1592 1592 565 697 1593 1593 598 698 1594 1594 597 695 1595 1595 567 699 1596 1596 600 700 1597 1597 599 701 1598 1598 569 702 1599 1599 602 703 1600 1600 601 704 1601 1601 566 705 1602 1602 599 701 1603 1603 598 698 1604 1604 594 691 1605 1605 560 706 1606 1606 592 689 1607 1607 561 690 1608 1608 596 696 1609 1609 593 668 1610 1610 568 707 1611 1611 601 704 1612 1612 600 700 1613 1613 588 685 1614 1614 552 708 1615 1615 584 676 1616 1616 570 709 1617 1617 603 710 1618 1618 602 703 1619 1619 571 711 1620 1620 604 712 1621 1621 603 710 1622 1622 557 668 1623 1623 595 693 1624 1624 589 668 1625 1625 605 713 1626 1626 544 663 1627 1627 576 665 1628 1628 574 714 1629 1629 607 715 1630 1630 606 716 1631 1631 575 717 1632 1632 605 713 1633 1633 607 715 1634 1634 604 712 1635 1635 574 714 1636 1636 606 716 1637 1637 604 718 1638 1638 381 719 1639 1639 376 720 1640 1640 607 721 1641 1641 379 722 1642 1642 382 723 1643 1643 606 724 1644 1644 382 723 1645 1645 381 719 1646 1646 605 725 1647 1647 321 726 1648 1648 379 722 1649 1649 346 727 1650 1650 595 728 1651 1651 359 729 1652 1652 603 730 1653 1653 376 720 1654 1654 374 731 1655 1655 372 732 1656 1656 603 730 1657 1657 374 731 1658 1658 588 733 1659 1659 337 734 1660 1660 344 735 1661 1661 368 736 1662 1662 601 737 1663 1663 371 738 1664 1664 354 739 1665 1665 596 740 1666 1666 361 741 1667 1667 356 742 1668 1668 592 743 1669 1669 353 744 1670 1670 364 745 1671 1671 599 746 1672 1672 367 747 1673 1673 601 737 1674 1674 372 732 1675 1675 371 738 1676 1676 599 746 1677 1677 368 736 1678 1678 367 747 1679 1679 597 748 1680 1680 364 745 1681 1681 362 749 1682 1682 596 740 1683 1683 362 749 1684 1684 361 741 1685 1685 595 728 1686 1686 349 750 1687 1687 359 729 1688 1688 591 751 1689 1689 356 742 1690 1690 350 752 1691 1691 592 743 1692 1692 354 739 1693 1693 353 744 1694 1694 590 753 1695 1695 350 752 1696 1696 349 750 1697 1697 587 754 1698 1698 333 755 1699 1699 342 756 1700 1700 583 757 1701 1701 346 727 1702 1702 334 758 1703 1703 581 759 1704 1704 344 735 1705 1705 330 760 1706 1706 577 761 1707 1707 325 762 1708 1708 322 763 1709 1709 585 764 1710 1710 341 765 1711 1711 338 766 1712 1712 341 765 1713 1713 587 754 1714 1714 342 756 1715 1715 337 734 1716 1716 585 764 1717 1717 338 766 1718 1718 333 755 1719 1719 583 757 1720 1720 334 758 1721 1721 580 767 1722 1722 330 760 1723 1723 328 768 1724 1724 579 769 1725 1725 328 768 1726 1726 326 770 1727 1727 325 762 1728 1728 579 769 1729 1729 326 770 1730 1730 321 726 1731 1731 577 761 1732 1732 322 763 1733 1733 18 0 1734 1734 90 58 1735 1735 32 1 1736 1736 6 3 1737 1737 67 40 1738 1738 72 4 1739 1739 30 6 1740 1740 36 44 1741 1741 39 7 1742 1742 7 5 1743 1743 72 4 1744 1744 75 9 1745 1745 20 11 1746 1746 21 57 1747 1747 44 12 1748 1748 12 14 1749 1749 82 60 1750 1750 85 15 1751 1751 25 17 1752 1752 48 61 1753 1753 51 18 1754 1754 24 19 1755 1755 51 18 1756 1756 52 20 1757 1757 20 11 1758 1758 47 13 1759 1759 59 22 1760 1760 14 24 1761 1761 87 62 1762 1762 89 25 1763 1763 1 27 1764 1764 70 63 1765 1765 60 28 1766 1766 15 26 1767 1767 89 25 1768 1768 92 30 1769 1769 4 32 1770 1770 69 45 1771 1771 64 33 1772 1772 34 771 1773 1773 33 772 1774 1774 91 773 1775 1775 91 773 1776 1776 94 774 1777 1777 34 771 1778 1778 94 774 1779 1779 93 775 1780 1780 34 771 1781 1781 93 775 1782 1782 88 776 1783 1783 86 777 1784 1784 86 777 1785 1785 84 778 1786 1786 83 35 1787 1787 83 35 1788 1788 80 779 1789 1789 79 780 1790 1790 79 780 1791 1791 76 781 1792 1792 74 782 1793 1793 74 782 1794 1794 73 783 1795 1795 66 784 1796 1796 66 784 1797 1797 65 295 1798 1798 74 782 1799 1799 65 295 1800 1800 68 36 1801 1801 74 782 1802 1802 68 36 1803 1803 62 785 1804 1804 61 786 1805 1805 61 786 1806 1806 71 787 1807 1807 68 36 1808 1808 71 787 1809 1809 58 788 1810 1810 68 36 1811 1811 58 788 1812 1812 46 789 1813 1813 45 790 1814 1814 45 790 1815 1815 54 791 1816 1816 58 788 1817 1817 54 791 1818 1818 53 37 1819 1819 58 788 1820 1820 53 37 1821 1821 50 792 1822 1822 42 793 1823 1823 50 792 1824 1824 49 794 1825 1825 42 793 1826 1826 49 794 1827 1827 56 795 1828 1828 42 793 1829 1829 42 793 1830 1830 40 796 1831 1831 38 797 1832 1832 38 797 1833 1833 37 798 1834 1834 34 771 1835 1835 93 775 1836 1836 86 777 1837 1837 34 771 1838 1838 86 777 1839 1839 83 35 1840 1840 34 771 1841 1841 83 35 1842 1842 79 780 1843 1843 68 36 1844 1844 79 780 1845 1845 74 782 1846 1846 68 36 1847 1847 42 793 1848 1848 38 797 1849 1849 53 37 1850 1850 38 797 1851 1851 34 771 1852 1852 53 37 1853 1853 68 36 1854 1854 58 788 1855 1855 53 37 1856 1856 34 771 1857 1857 83 35 1858 1858 53 37 1859 1859 2 29 1860 1860 60 28 1861 1861 63 38 1862 1862 6 3 1863 1863 5 34 1864 1864 64 33 1865 1865 29 8 1866 1866 39 7 1867 1867 41 41 1868 1868 31 43 1869 1869 35 108 1870 1870 36 44 1871 1871 3 39 1872 1872 63 38 1873 1873 69 45 1874 1874 27 46 1875 1875 28 42 1876 1876 41 41 1877 1877 9 48 1878 1878 8 10 1879 1879 75 9 1880 1880 27 46 1881 1881 43 47 1882 1882 57 50 1883 1883 16 31 1884 1884 92 30 1885 1885 95 52 1886 1886 9 48 1887 1887 77 49 1888 1888 78 54 1889 1889 22 56 1890 1890 55 65 1891 1891 44 12 1892 1892 17 53 1893 1893 95 52 1894 1894 90 58 1895 1895 12 14 1896 1896 11 64 1897 1897 81 59 1898 1898 25 17 1899 1899 26 51 1900 1900 57 50 1901 1901 14 24 1902 1902 13 16 1903 1903 85 15 1904 1904 0 23 1905 1905 59 22 1906 1906 70 63 1907 1907 11 64 1908 1908 10 55 1909 1909 78 54 1910 1910 23 21 1911 1911 52 20 1912 1912 55 65 1913 1913 193 66 1914 1914 104 76 1915 1915 99 67 1916 1916 101 69 1917 1917 35 108 1918 1918 32 1 1919 1919 183 71 1920 1920 96 70 1921 1921 32 1 1922 1922 206 72 1923 1923 207 81 1924 1924 108 73 1925 1925 102 75 1926 1926 107 78 1927 1927 39 7 1928 1928 193 66 1929 1929 206 72 1930 1930 105 74 1931 1931 109 77 1932 1932 110 83 1933 1933 107 78 1934 1934 107 78 1935 1935 110 83 1936 1936 41 41 1937 1937 208 80 1938 1938 111 86 1939 1939 108 73 1940 1940 112 82 1941 1941 113 84 1942 1942 110 83 1943 1943 113 84 1944 1944 43 47 1945 1945 41 41 1946 1946 208 80 1947 1947 212 171 1948 1948 132 85 1949 1949 213 87 1950 1950 135 100 1951 1951 117 88 1952 1952 119 90 1953 1953 47 13 1954 1954 44 12 1955 1955 114 91 1956 1956 44 12 1957 1957 55 65 1958 1958 210 93 1959 1959 196 102 1960 1960 128 94 1961 1961 125 96 1962 1962 51 18 1963 1963 48 61 1964 1964 120 97 1965 1965 48 61 1966 1966 57 50 1967 1967 199 99 1968 1968 155 136 1969 1969 135 100 1970 1970 131 92 1971 1971 55 65 1972 1972 52 20 1973 1973 196 102 1974 1974 211 118 1975 1975 129 103 1976 1976 124 104 1977 1977 127 105 1978 1978 126 101 1979 1979 125 96 1980 1980 126 101 1981 1981 52 20 1982 1982 127 105 1983 1983 130 110 1984 1984 131 92 1985 1985 103 106 1986 1986 102 75 1987 1987 101 69 1988 1988 101 69 1989 1989 102 75 1990 1990 36 44 1991 1991 106 79 1992 1992 107 78 1993 1993 102 75 1994 1994 133 109 1995 1995 134 98 1996 1996 113 84 1997 1997 134 98 1998 1998 57 50 1999 1999 43 47 2000 2000 130 110 2001 2001 115 117 2002 2002 114 91 2003 2003 136 111 2004 2004 137 113 2005 2005 119 90 2006 2006 137 113 2007 2007 59 22 2008 2008 47 13 2009 2009 121 114 2010 2010 120 97 2011 2011 134 98 2012 2012 194 115 2013 2013 209 89 2014 2014 117 88 2015 2015 115 117 2016 2016 118 112 2017 2017 119 90 2018 2018 194 115 2019 2019 116 116 2020 2020 129 103 2021 2021 214 119 2022 2022 216 164 2023 2023 150 120 2024 2024 138 122 2025 2025 143 130 2026 2026 63 38 2027 2027 138 122 2028 2028 60 28 2029 2029 70 63 2030 2030 215 124 2031 2031 200 141 2032 2032 158 125 2033 2033 144 127 2034 2034 149 165 2035 2035 67 40 2036 2036 152 128 2037 2037 144 127 2038 2038 64 33 2039 2039 151 129 2040 2040 152 128 2041 2041 143 130 2042 2042 143 130 2043 2043 152 128 2044 2044 69 45 2045 2045 145 132 2046 2046 144 127 2047 2047 152 128 2048 2048 197 133 2049 2049 214 119 2050 2050 141 121 2051 2051 139 135 2052 2052 142 131 2053 2053 143 130 2054 2054 199 99 2055 2055 197 133 2056 2056 140 134 2057 2057 218 137 2058 2058 162 146 2059 2059 159 138 2060 2060 156 140 2061 2061 161 143 2062 2062 75 9 2063 2063 217 139 2064 2064 159 138 2065 2065 158 125 2066 2066 163 142 2067 2067 164 159 2068 2068 161 143 2069 2069 161 143 2070 2070 164 159 2071 2071 77 49 2072 2072 201 145 2073 2073 167 152 2074 2074 162 146 2075 2075 202 147 2076 2076 173 157 2077 2077 168 148 2078 2078 170 150 2079 2079 81 59 2080 2080 78 54 2081 2081 201 145 2082 2082 219 149 2083 2083 168 148 2084 2084 220 153 2085 2085 221 174 2086 2086 177 154 2087 2087 171 156 2088 2088 176 168 2089 2089 85 15 2090 2090 202 147 2091 2091 220 153 2092 2092 174 155 2093 2093 166 158 2094 2094 165 151 2095 2095 164 159 2096 2096 164 159 2097 2097 165 151 2098 2098 78 54 2099 2099 169 160 2100 2100 170 150 2101 2101 165 151 2102 2102 198 161 2103 2103 215 124 2104 2104 147 126 2105 2105 148 163 2106 2106 149 165 2107 2107 144 127 2108 2108 216 164 2109 2109 198 161 2110 2110 146 162 2111 2111 148 163 2112 2112 157 166 2113 2113 156 140 2114 2114 149 165 2115 2115 156 140 2116 2116 72 4 2117 2117 160 144 2118 2118 161 143 2119 2119 156 140 2120 2120 169 160 2121 2121 172 167 2122 2122 171 156 2123 2123 171 156 2124 2124 82 60 2125 2125 81 59 2126 2126 172 167 2127 2127 175 172 2128 2128 176 168 2129 2129 210 93 2130 2130 123 95 2131 2131 122 169 2132 2132 124 104 2133 2133 125 96 2134 2134 120 97 2135 2135 195 170 2136 2136 122 169 2137 2137 132 85 2138 2138 175 172 2139 2139 178 176 2140 2140 179 173 2141 2141 176 168 2142 2142 179 173 2143 2143 87 62 2144 2144 221 174 2145 2145 222 179 2146 2146 180 175 2147 2147 178 176 2148 2148 181 192 2149 2149 182 177 2150 2150 182 177 2151 2151 89 25 2152 2152 87 62 2153 2153 204 178 2154 2154 188 189 2155 2155 180 175 2156 2156 136 111 2157 2157 154 180 2158 2158 153 123 2159 2159 137 113 2160 2160 153 123 2161 2161 70 63 2162 2162 154 180 2163 2163 139 135 2164 2164 138 122 2165 2165 205 68 2166 2166 99 67 2167 2167 98 181 2168 2168 100 107 2169 2169 101 69 2170 2170 96 70 2171 2171 192 182 2172 2172 98 181 2173 2173 185 184 2174 2174 191 186 2175 2175 95 52 2176 2176 92 30 2177 2177 223 188 2178 2178 189 191 2179 2179 188 189 2180 2180 187 190 2181 2181 190 193 2182 2182 191 186 2183 2183 183 71 2184 2184 90 58 2185 2185 95 52 2186 2186 223 188 2187 2187 203 185 2188 2188 185 184 2189 2189 181 192 2190 2190 187 190 2191 2191 186 187 2192 2192 186 187 2193 2193 92 30 2194 2194 89 25 2195 2195 190 193 2196 2196 184 194 2197 2197 183 71 2198 2198 19 2 2199 2199 32 1 2200 2200 35 108 2201 2201 97 183 2202 2202 98 181 2203 2203 99 67 2204 2204 106 79 2205 2205 103 106 2206 2206 104 76 2207 2207 109 77 2208 2208 106 79 2209 2209 105 74 2210 2210 112 82 2211 2211 109 77 2212 2212 108 73 2213 2213 118 112 2214 2214 115 117 2215 2215 116 116 2216 2216 121 114 2217 2217 122 169 2218 2218 123 95 2219 2219 127 105 2220 2220 128 94 2221 2221 129 103 2222 2222 127 105 2223 2223 124 104 2224 2224 123 95 2225 2225 103 106 2226 2226 100 107 2227 2227 99 67 2228 2228 112 82 2229 2229 111 86 2230 2230 132 85 2231 2231 136 111 2232 2232 118 112 2233 2233 117 88 2234 2234 130 110 2235 2235 129 103 2236 2236 116 116 2237 2237 139 135 2238 2238 140 134 2239 2239 141 121 2240 2240 148 163 2241 2241 145 132 2242 2242 146 162 2243 2243 142 131 2244 2244 141 121 2245 2245 150 120 2246 2246 154 180 2247 2247 155 136 2248 2248 140 134 2249 2249 157 166 2250 2250 158 125 2251 2251 159 138 2252 2252 163 142 2253 2253 160 144 2254 2254 159 138 2255 2255 169 160 2256 2256 166 158 2257 2257 167 152 2258 2258 175 172 2259 2259 172 167 2260 2260 173 157 2261 2261 163 142 2262 2262 162 146 2263 2263 167 152 2264 2264 151 129 2265 2265 150 120 2266 2266 146 162 2267 2267 148 163 2268 2268 147 126 2269 2269 158 125 2270 2270 169 160 2271 2271 168 148 2272 2272 173 157 2273 2273 121 114 2274 2274 133 109 2275 2275 132 85 2276 2276 175 172 2277 2277 174 155 2278 2278 177 154 2279 2279 178 176 2280 2280 177 154 2281 2281 180 175 2282 2282 136 111 2283 2283 135 100 2284 2284 155 136 2285 2285 97 183 2286 2286 184 194 2287 2287 185 184 2288 2288 187 190 2289 2289 188 189 2290 2290 189 191 2291 2291 184 194 2292 2292 190 193 2293 2293 189 191 2294 2294 181 192 2295 2295 180 175 2296 2296 188 189 2297 2297 184 194 2298 2298 97 183 2299 2299 96 70 2300 2300 224 195 2301 2301 225 204 2302 2302 205 68 2303 2303 226 196 2304 2304 227 198 2305 2305 206 72 2306 2306 228 197 2307 2307 207 81 2308 2308 206 72 2309 2309 228 197 2310 2310 229 206 2311 2311 208 80 2312 2312 231 199 2313 2313 209 89 2314 2314 194 115 2315 2315 232 201 2316 2316 233 203 2317 2317 210 93 2318 2318 234 202 2319 2319 235 207 2320 2320 211 118 2321 2321 234 202 2322 2322 196 102 2323 2323 210 93 2324 2324 226 196 2325 2325 193 66 2326 2326 205 68 2327 2327 236 205 2328 2328 212 171 2329 2329 208 80 2330 2330 231 199 2331 2331 237 223 2332 2332 213 87 2333 2333 235 207 2334 2334 230 200 2335 2335 194 115 2336 2336 239 208 2337 2337 214 119 2338 2338 197 133 2339 2339 241 210 2340 2340 215 124 2341 2341 198 161 2342 2342 239 208 2343 2343 242 220 2344 2344 216 164 2345 2345 243 212 2346 2346 238 209 2347 2347 197 133 2348 2348 244 213 2349 2349 245 215 2350 2350 217 139 2351 2351 246 214 2352 2352 218 137 2353 2353 217 139 2354 2354 248 216 2355 2355 219 149 2356 2356 201 145 2357 2357 250 218 2358 2358 220 153 2359 2359 202 147 2360 2360 247 217 2361 2361 201 145 2362 2362 218 137 2363 2363 240 211 2364 2364 198 161 2365 2365 216 164 2366 2366 241 210 2367 2367 244 213 2368 2368 200 141 2369 2369 249 219 2370 2370 202 147 2371 2371 219 149 2372 2372 236 205 2373 2373 232 201 2374 2374 195 170 2375 2375 250 218 2376 2376 251 222 2377 2377 221 174 2378 2378 252 221 2379 2379 222 179 2380 2380 221 174 2381 2381 243 212 2382 2382 199 99 2383 2383 213 87 2384 2384 224 195 2385 2385 192 182 2386 2386 203 185 2387 2387 255 225 2388 2388 223 188 2389 2389 204 178 2390 2390 255 225 2391 2391 253 224 2392 2392 203 185 2393 2393 254 226 2394 2394 204 178 2395 2395 222 179 2396 2396 257 227 2397 2397 225 247 2398 2398 224 228 2399 2399 259 230 2400 2400 227 234 2401 2401 226 231 2402 2402 259 230 2403 2403 260 235 2404 2404 228 233 2405 2405 260 235 2406 2406 261 249 2407 2407 229 236 2408 2408 263 237 2409 2409 231 251 2410 2410 230 238 2411 2411 265 240 2412 2412 233 246 2413 2413 232 241 2414 2414 267 243 2415 2415 235 252 2416 2416 234 244 2417 2417 265 240 2418 2418 266 245 2419 2419 234 244 2420 2420 258 232 2421 2421 226 231 2422 2422 225 247 2423 2423 268 248 2424 2424 236 278 2425 2425 229 236 2426 2426 263 237 2427 2427 269 283 2428 2428 237 250 2429 2429 267 243 2430 2430 262 239 2431 2431 230 238 2432 2432 271 253 2433 2433 239 260 2434 2434 238 254 2435 2435 272 256 2436 2436 273 276 2437 2437 241 257 2438 2438 274 259 2439 2439 242 275 2440 2440 239 260 2441 2441 270 255 2442 2442 238 254 2443 2443 243 261 2444 2444 276 263 2445 2445 277 266 2446 2446 245 264 2447 2447 277 266 2448 2448 278 274 2449 2449 246 267 2450 2450 279 268 2451 2451 280 277 2452 2452 248 269 2453 2453 281 271 2454 2454 282 279 2455 2455 250 272 2456 2456 279 268 2457 2457 247 270 2458 2458 246 267 2459 2459 272 256 2460 2460 240 258 2461 2461 242 275 2462 2462 273 276 2463 2463 276 263 2464 2464 244 265 2465 2465 281 271 2466 2466 249 273 2467 2467 248 269 2468 2468 264 242 2469 2469 232 241 2470 2470 236 278 2471 2471 282 279 2472 2472 283 281 2473 2473 251 280 2474 2474 283 281 2475 2475 284 290 2476 2476 252 282 2477 2477 275 262 2478 2478 243 261 2479 2479 237 250 2480 2480 285 284 2481 2481 256 229 2482 2482 224 228 2483 2483 287 286 2484 2484 255 289 2485 2485 254 287 2486 2486 287 286 2487 2487 285 284 2488 2488 253 285 2489 2489 286 288 2490 2490 254 287 2491 2491 252 282 2492 2492 289 291 2493 2493 257 309 2494 2494 256 292 2495 2495 290 294 2496 2496 291 295 2497 2497 259 295 2498 2498 291 295 2499 2499 292 297 2500 2500 260 295 2501 2501 292 297 2502 2502 293 310 2503 2503 261 298 2504 2504 295 299 2505 2505 263 295 2506 2506 262 300 2507 2507 296 302 2508 2508 297 308 2509 2509 265 303 2510 2510 298 305 2511 2511 299 312 2512 2512 267 306 2513 2513 297 308 2514 2514 298 305 2515 2515 266 307 2516 2516 290 294 2517 2517 258 296 2518 2518 257 309 2519 2519 293 310 2520 2520 300 338 2521 2521 268 311 2522 2522 301 295 2523 2523 269 343 2524 2524 263 295 2525 2525 299 312 2526 2526 294 301 2527 2527 262 300 2528 2528 302 313 2529 2529 303 320 2530 2530 271 314 2531 2531 304 316 2532 2532 305 336 2533 2533 273 317 2534 2534 306 319 2535 2535 274 335 2536 2536 271 314 2537 2537 302 313 2538 2538 270 315 2539 2539 275 321 2540 2540 309 323 2541 2541 277 327 2542 2542 276 324 2543 2543 310 326 2544 2544 278 334 2545 2545 277 327 2546 2546 312 328 2547 2547 280 337 2548 2548 279 329 2549 2549 314 331 2550 2550 282 340 2551 2551 281 332 2552 2552 311 330 2553 2553 279 329 2554 2554 278 334 2555 2555 306 319 2556 2556 304 316 2557 2557 272 318 2558 2558 308 325 2559 2559 276 324 2560 2560 273 317 2561 2561 313 333 2562 2562 281 332 2563 2563 280 337 2564 2564 300 338 2565 2565 296 302 2566 2566 264 304 2567 2567 315 339 2568 2568 283 342 2569 2569 282 340 2570 2570 316 341 2571 2571 284 295 2572 2572 283 342 2573 2573 307 322 2574 2574 275 321 2575 2575 269 343 2576 2576 317 344 2577 2577 288 293 2578 2578 256 292 2579 2579 319 346 2580 2580 287 295 2581 2581 286 347 2582 2582 317 344 2583 2583 285 345 2584 2584 287 295 2585 2585 316 341 2586 2586 318 348 2587 2587 286 347 2588 2588 93 349 2589 2589 318 355 2590 2590 316 350 2591 2591 91 352 2592 2592 317 357 2593 2593 319 353 2594 2594 94 354 2595 2595 319 353 2596 2596 318 355 2597 2597 33 356 2598 2598 288 412 2599 2599 317 357 2600 2600 58 358 2601 2601 71 386 2602 2602 307 359 2603 2603 88 351 2604 2604 316 350 2605 2605 315 361 2606 2606 84 363 2607 2607 86 362 2608 2608 315 361 2609 2609 49 365 2610 2610 296 405 2611 2611 300 366 2612 2612 80 368 2613 2613 83 380 2614 2614 313 369 2615 2615 66 371 2616 2616 73 384 2617 2617 308 372 2618 2618 68 374 2619 2619 65 389 2620 2620 304 375 2621 2621 76 377 2622 2622 79 381 2623 2623 311 378 2624 2624 84 363 2625 2625 314 364 2626 2626 313 369 2627 2627 80 368 2628 2628 312 370 2629 2629 311 378 2630 2630 76 377 2631 2631 310 379 2632 2632 309 382 2633 2633 74 383 2634 2634 309 382 2635 2635 308 372 2636 2636 61 385 2637 2637 302 390 2638 2638 307 359 2639 2639 68 374 2640 2640 306 376 2641 2641 303 387 2642 2642 66 371 2643 2643 305 373 2644 2644 304 375 2645 2645 62 388 2646 2646 303 387 2647 2647 302 390 2648 2648 45 391 2649 2649 294 406 2650 2650 299 392 2651 2651 58 358 2652 2652 301 360 2653 2653 295 394 2654 2654 56 367 2655 2655 300 366 2656 2656 293 396 2657 2657 37 398 2658 2658 290 411 2659 2659 289 399 2660 2660 53 401 2661 2661 298 404 2662 2662 297 402 2663 2663 53 401 2664 2664 54 393 2665 2665 299 392 2666 2666 49 365 2667 2667 50 403 2668 2668 297 402 2669 2669 45 391 2670 2670 46 395 2671 2671 295 394 2672 2672 42 397 2673 2673 293 396 2674 2674 292 407 2675 2675 38 409 2676 2676 40 408 2677 2677 292 407 2678 2678 37 398 2679 2679 38 409 2680 2680 291 410 2681 2681 33 356 2682 2682 34 400 2683 2683 289 399 2684 2684 320 413 2685 2685 378 436 2686 2686 18 0 2687 2687 360 414 2688 2688 355 429 2689 2689 6 3 2690 2690 29 8 2691 2691 327 450 2692 2692 324 415 2693 2693 8 10 2694 2694 363 517 2695 2695 360 414 2696 2696 335 416 2697 2697 332 464 2698 2698 21 57 2699 2699 373 417 2700 2700 370 437 2701 2701 12 14 2702 2702 24 19 2703 2703 339 419 2704 2704 336 418 2705 2705 23 21 2706 2706 340 477 2707 2707 339 419 2708 2708 347 420 2709 2709 335 416 2710 2710 20 11 2711 2711 15 26 2712 2712 377 566 2713 2713 375 421 2714 2714 348 422 2715 2715 358 438 2716 2716 1 27 2717 2717 380 423 2718 2718 377 566 2719 2719 15 26 2720 2720 352 424 2721 2721 357 431 2722 2722 4 32 2723 2723 379 799 2724 2724 321 800 2725 2725 322 801 2726 2726 322 801 2727 2727 325 802 2728 2728 379 799 2729 2729 325 802 2730 2730 326 803 2731 2731 379 799 2732 2732 326 803 2733 2733 328 804 2734 2734 330 805 2735 2735 330 805 2736 2736 344 806 2737 2737 326 803 2738 2738 344 806 2739 2739 337 425 2740 2740 326 803 2741 2741 337 425 2742 2742 338 807 2743 2743 341 808 2744 2744 341 808 2745 2745 342 809 2746 2746 337 425 2747 2747 342 809 2748 2748 333 810 2749 2749 337 425 2750 2750 333 810 2751 2751 334 811 2752 2752 346 812 2753 2753 346 812 2754 2754 359 813 2755 2755 349 426 2756 2756 349 426 2757 2757 350 814 2758 2758 356 815 2759 2759 356 815 2760 2760 353 816 2761 2761 349 426 2762 2762 353 816 2763 2763 354 817 2764 2764 349 426 2765 2765 354 817 2766 2766 361 818 2767 2767 367 427 2768 2768 361 818 2769 2769 362 819 2770 2770 367 427 2771 2771 362 819 2772 2772 364 820 2773 2773 367 427 2774 2774 367 427 2775 2775 368 821 2776 2776 374 822 2777 2777 368 821 2778 2778 371 823 2779 2779 374 822 2780 2780 371 823 2781 2781 372 824 2782 2782 374 822 2783 2783 374 822 2784 2784 376 668 2785 2785 381 668 2786 2786 381 668 2787 2787 382 668 2788 2788 374 822 2789 2789 382 668 2790 2790 379 799 2791 2791 374 822 2792 2792 333 810 2793 2793 346 812 2794 2794 337 425 2795 2795 346 812 2796 2796 349 426 2797 2797 337 425 2798 2798 379 799 2799 2799 326 803 2800 2800 337 425 2801 2801 349 426 2802 2802 354 817 2803 2803 367 427 2804 2804 367 427 2805 2805 374 822 2806 2806 379 799 2807 2807 379 799 2808 2808 337 425 2809 2809 367 427 2810 2810 351 428 2811 2811 348 422 2812 2812 2 29 2813 2813 355 429 2814 2814 352 424 2815 2815 5 34 2816 2816 329 430 2817 2817 327 450 2818 2818 29 8 2819 2819 324 415 2820 2820 323 568 2821 2821 31 43 2822 2822 357 431 2823 2823 351 428 2824 2824 3 39 2825 2825 331 432 2826 2826 329 430 2827 2827 28 42 2828 2828 365 433 2829 2829 363 517 2830 2830 8 10 2831 2831 26 51 2832 2832 345 473 2833 2833 331 432 2834 2834 383 434 2835 2835 380 423 2836 2836 16 31 2837 2837 10 55 2838 2838 366 527 2839 2839 365 433 2840 2840 21 57 2841 2841 332 464 2842 2842 343 435 2843 2843 378 436 2844 2844 383 434 2845 2845 17 53 2846 2846 370 437 2847 2847 369 439 2848 2848 11 64 2849 2849 336 418 2850 2850 345 473 2851 2851 26 51 2852 2852 375 421 2853 2853 373 417 2854 2854 13 16 2855 2855 358 438 2856 2856 347 420 2857 2857 0 23 2858 2858 369 439 2859 2859 366 527 2860 2860 10 55 2861 2861 343 435 2862 2862 340 477 2863 2863 23 21 2864 2864 387 440 2865 2865 392 569 2866 2866 481 441 2867 2867 320 413 2868 2868 323 568 2869 2869 389 443 2870 2870 471 445 2871 2871 378 436 2872 2872 320 413 2873 2873 494 446 2874 2874 393 452 2875 2875 396 447 2876 2876 390 449 2877 2877 324 415 2878 2878 327 450 2879 2879 481 441 2880 2880 392 569 2881 2881 393 452 2882 2882 395 451 2883 2883 398 455 2884 2884 397 453 2885 2885 395 451 2886 2886 327 450 2887 2887 329 430 2888 2888 396 447 2889 2889 399 825 2890 2890 496 456 2891 2891 398 455 2892 2892 401 458 2893 2893 400 457 2894 2894 329 430 2895 2895 331 432 2896 2896 401 458 2897 2897 496 456 2898 2898 399 825 2899 2899 420 459 2900 2900 405 461 2901 2901 423 475 2902 2902 501 462 2903 2903 332 464 2904 2904 335 416 2905 2905 407 465 2906 2906 343 435 2907 2907 332 464 2908 2908 402 466 2909 2909 498 468 2910 2910 411 570 2911 2911 416 469 2912 2912 336 418 2913 2913 339 419 2914 2914 413 471 2915 2915 345 473 2916 2916 336 418 2917 2917 408 472 2918 2918 423 475 2919 2919 443 573 2920 2920 487 476 2921 2921 340 477 2922 2922 343 435 2923 2923 419 467 2924 2924 484 470 2925 2925 416 469 2926 2926 417 479 2927 2927 412 481 2928 2928 413 471 2929 2929 414 478 2930 2930 413 471 2931 2931 339 419 2932 2932 340 477 2933 2933 415 482 2934 2934 414 478 2935 2935 419 467 2936 2936 389 443 2937 2937 390 449 2938 2938 391 484 2939 2939 389 443 2940 2940 323 568 2941 2941 324 415 2942 2942 390 449 2943 2943 395 451 2944 2944 394 454 2945 2945 401 458 2946 2946 422 474 2947 2947 421 486 2948 2948 331 432 2949 2949 345 473 2950 2950 422 474 2951 2951 418 483 2952 2952 419 467 2953 2953 402 466 2954 2954 407 465 2955 2955 425 490 2956 2956 424 488 2957 2957 335 416 2958 2958 347 420 2959 2959 425 490 2960 2960 422 474 2961 2961 408 472 2962 2962 409 491 2963 2963 482 492 2964 2964 404 493 2965 2965 405 461 2966 2966 403 487 2967 2967 402 466 2968 2968 407 465 2969 2969 499 480 2970 2970 417 479 2971 2971 404 493 2972 2972 502 494 2973 2973 429 510 2974 2974 438 495 2975 2975 426 497 2976 2976 348 422 2977 2977 351 428 2978 2978 358 438 2979 2979 348 422 2980 2980 426 497 2981 2981 503 500 2982 2982 435 539 2983 2983 446 501 2984 2984 432 503 2985 2985 352 424 2986 2986 355 429 2987 2987 440 505 2988 2988 357 431 2989 2989 352 424 2990 2990 431 498 2991 2991 440 505 2992 2992 439 506 2993 2993 431 498 2994 2994 351 428 2995 2995 357 431 2996 2996 440 505 2997 2997 432 503 2998 2998 433 508 2999 2999 485 509 3000 3000 428 512 3001 3001 429 510 3002 3002 427 511 3003 3003 426 497 3004 3004 431 498 3005 3005 487 476 3006 3006 443 573 3007 3007 428 512 3008 3008 447 513 3009 3009 450 522 3010 3010 506 514 3011 3011 444 516 3012 3012 360 414 3013 3013 363 517 3014 3014 446 501 3015 3015 447 513 3016 3016 505 515 3017 3017 449 518 3018 3018 452 521 3019 3019 451 519 3020 3020 449 518 3021 3021 363 517 3022 3022 365 433 3023 3023 450 522 3024 3024 455 571 3025 3025 489 523 3026 3026 456 524 3027 3027 461 572 3028 3028 490 525 3029 3029 366 527 3030 3030 369 439 3031 3031 458 528 3032 3032 489 523 3033 3033 455 571 3034 3034 456 524 3035 3035 508 530 3036 3036 462 535 3037 3037 465 531 3038 3038 459 533 3039 3039 370 437 3040 3040 373 417 3041 3041 490 525 3042 3042 461 572 3043 3043 462 535 3044 3044 452 521 3045 3045 453 529 3046 3046 454 536 3047 3047 452 521 3048 3048 365 433 3049 3049 366 527 3050 3050 453 529 3051 3051 458 528 3052 3052 457 537 3053 3053 486 538 3054 3054 434 541 3055 3055 435 539 3056 3056 432 503 3057 3057 437 504 3058 3058 436 540 3059 3059 504 496 3060 3060 438 495 3061 3061 434 541 3062 3062 436 540 3063 3063 437 504 3064 3064 444 516 3065 3065 437 504 3066 3066 355 429 3067 3067 360 414 3068 3068 444 516 3069 3069 449 518 3070 3070 448 520 3071 3071 457 537 3072 3072 458 528 3073 3073 459 533 3074 3074 369 439 3075 3075 370 437 3076 3076 459 533 3077 3077 460 543 3078 3078 459 533 3079 3079 464 534 3080 3080 410 545 3081 3081 411 570 3082 3082 498 468 3083 3083 408 472 3084 3084 413 471 3085 3085 412 481 3086 3086 420 459 3087 3087 410 545 3088 3088 483 546 3089 3089 463 544 3090 3090 464 534 3091 3091 467 547 3092 3092 464 534 3093 3093 373 417 3094 3094 375 421 3095 3095 509 532 3096 3096 465 531 3097 3097 468 549 3098 3098 466 548 3099 3099 467 547 3100 3100 470 551 3101 3101 375 421 3102 3102 377 566 3103 3103 470 551 3104 3104 468 549 3105 3105 476 562 3106 3106 492 553 3107 3107 424 488 3108 3108 425 490 3109 3109 441 499 3110 3110 347 420 3111 3111 358 438 3112 3112 441 499 3113 3113 442 554 3114 3114 441 499 3115 3115 426 497 3116 3116 386 555 3117 3117 387 440 3118 3118 493 442 3119 3119 384 444 3120 3120 389 443 3121 3121 388 485 3122 3122 473 558 3123 3123 386 555 3124 3124 480 556 3125 3125 380 423 3126 3126 383 434 3127 3127 479 560 3128 3128 476 562 3129 3129 477 574 3130 3130 511 563 3131 3131 475 564 3132 3132 474 561 3133 3133 479 560 3134 3134 383 434 3135 3135 378 436 3136 3136 471 445 3137 3137 511 563 3138 3138 477 574 3139 3139 473 558 3140 3140 469 552 3141 3141 470 551 3142 3142 474 561 3143 3143 377 566 3144 3144 380 423 3145 3145 474 561 3146 3146 478 565 3147 3147 479 560 3148 3148 471 445 3149 3149 323 568 3150 3150 320 413 3151 3151 19 2 3152 3152 387 440 3153 3153 386 555 3154 3154 385 557 3155 3155 394 454 3156 3156 393 452 3157 3157 392 569 3158 3158 397 453 3159 3159 396 447 3160 3160 393 452 3161 3161 400 457 3162 3162 399 825 3163 3163 396 447 3164 3164 406 489 3165 3165 405 461 3166 3166 404 493 3167 3167 411 570 3168 3168 410 545 3169 3169 409 491 3170 3170 417 479 3171 3171 416 469 3172 3172 415 482 3173 3173 415 482 3174 3174 416 469 3175 3175 411 570 3176 3176 391 484 3177 3177 392 569 3178 3178 387 440 3179 3179 420 459 3180 3180 399 825 3181 3181 400 457 3182 3182 424 488 3183 3183 423 475 3184 3184 405 461 3185 3185 404 493 3186 3186 417 479 3187 3187 418 483 3188 3188 429 510 3189 3189 428 512 3190 3190 427 511 3191 3191 436 540 3192 3192 435 539 3193 3193 434 541 3194 3194 438 495 3195 3195 429 510 3196 3196 430 507 3197 3197 428 512 3198 3198 443 573 3199 3199 442 554 3200 3200 447 513 3201 3201 446 501 3202 3202 445 542 3203 3203 451 519 3204 3204 450 522 3205 3205 447 513 3206 3206 457 537 3207 3207 456 524 3208 3208 455 571 3209 3209 463 544 3210 3210 462 535 3211 3211 461 572 3212 3212 455 571 3213 3213 450 522 3214 3214 451 519 3215 3215 434 541 3216 3216 438 495 3217 3217 439 506 3218 3218 446 501 3219 3219 435 539 3220 3220 436 540 3221 3221 461 572 3222 3222 456 524 3223 3223 457 537 3224 3224 409 491 3225 3225 410 545 3226 3226 420 459 3227 3227 465 531 3228 3228 462 535 3229 3229 463 544 3230 3230 468 549 3231 3231 465 531 3232 3232 466 548 3233 3233 443 573 3234 3234 423 475 3235 3235 424 488 3236 3236 385 557 3237 3237 386 555 3238 3238 473 558 3239 3239 477 574 3240 3240 476 562 3241 3241 475 564 3242 3242 472 567 3243 3243 473 558 3244 3244 477 574 3245 3245 476 562 3246 3246 468 549 3247 3247 469 552 3248 3248 472 567 3249 3249 471 445 3250 3250 384 444 3251 3251 512 575 3252 3252 480 556 3253 3253 493 442 3254 3254 514 577 3255 3255 481 441 3256 3256 494 446 3257 3257 494 446 3258 3258 495 448 3259 3259 516 579 3260 3260 516 579 3261 3261 495 448 3262 3262 496 456 3263 3263 482 492 3264 3264 497 463 3265 3265 519 581 3266 3266 520 583 3267 3267 483 546 3268 3268 498 468 3269 3269 522 585 3270 3270 484 470 3271 3271 499 480 3272 3272 498 468 3273 3273 484 470 3274 3274 522 585 3275 3275 493 442 3276 3276 481 441 3277 3277 514 577 3278 3278 496 456 3279 3279 500 460 3280 3280 524 587 3281 3281 519 581 3282 3282 497 463 3283 3283 501 462 3284 3284 523 586 3285 3285 499 480 3286 3286 482 492 3287 3287 485 509 3288 3288 502 494 3289 3289 527 589 3290 3290 486 538 3291 3291 503 500 3292 3292 529 591 3293 3293 527 589 3294 3294 502 494 3295 3295 504 496 3296 3296 531 594 3297 3297 487 476 3298 3298 485 509 3299 3299 532 595 3300 3300 488 502 3301 3301 505 515 3302 3302 505 515 3303 3303 506 514 3304 3304 534 597 3305 3305 489 523 3306 3306 507 526 3307 3307 536 598 3308 3308 490 525 3309 3309 508 530 3310 3310 538 600 3311 3311 506 514 3312 3312 489 523 3313 3313 535 599 3314 3314 504 496 3315 3315 486 538 3316 3316 528 592 3317 3317 529 591 3318 3318 503 500 3319 3319 488 502 3320 3320 507 526 3321 3321 490 525 3322 3322 537 601 3323 3323 524 587 3324 3324 500 460 3325 3325 483 546 3326 3326 538 600 3327 3327 508 530 3328 3328 509 532 3329 3329 509 532 3330 3330 510 550 3331 3331 540 603 3332 3332 501 462 3333 3333 487 476 3334 3334 531 594 3335 3335 491 559 3336 3336 480 556 3337 3337 512 575 3338 3338 492 553 3339 3339 511 563 3340 3340 543 605 3341 3341 543 605 3342 3342 511 563 3343 3343 491 559 3344 3344 510 550 3345 3345 492 553 3346 3346 542 606 3347 3347 544 607 3348 3348 512 658 3349 3349 513 608 3350 3350 514 610 3351 3351 515 826 3352 3352 547 611 3353 3353 547 611 3354 3354 515 826 3355 3355 516 613 3356 3356 548 614 3357 3357 516 613 3358 3358 517 615 3359 3359 518 617 3360 3360 519 827 3361 3361 551 618 3362 3362 520 620 3363 3363 521 828 3364 3364 553 621 3365 3365 522 623 3366 3366 523 829 3367 3367 555 624 3368 3368 553 621 3369 3369 521 828 3370 3370 522 623 3371 3371 513 608 3372 3372 514 610 3373 3373 546 612 3374 3374 517 615 3375 3375 524 652 3376 3376 556 626 3377 3377 551 618 3378 3378 519 827 3379 3379 525 627 3380 3380 555 624 3381 3381 523 829 3382 3382 518 617 3383 3383 526 629 3384 3384 527 635 3385 3385 559 630 3386 3386 560 632 3387 3387 528 830 3388 3388 529 633 3389 3389 527 635 3390 3390 530 650 3391 3391 562 636 3392 3392 531 637 3393 3393 526 629 3394 3394 558 631 3395 3395 564 639 3396 3396 532 651 3397 3397 533 640 3398 3398 565 641 3399 3399 533 640 3400 3400 534 642 3401 3401 567 644 3402 3402 535 831 3403 3403 536 645 3404 3404 569 647 3405 3405 537 832 3406 3406 538 648 3407 3407 534 642 3408 3408 535 831 3409 3409 567 644 3410 3410 530 650 3411 3411 528 830 3412 3412 560 632 3413 3413 561 634 3414 3414 529 633 3415 3415 532 651 3416 3416 536 645 3417 3417 537 832 3418 3418 569 647 3419 3419 524 652 3420 3420 520 620 3421 3421 552 622 3422 3422 570 649 3423 3423 538 648 3424 3424 539 653 3425 3425 571 654 3426 3426 539 653 3427 3427 540 655 3428 3428 525 627 3429 3429 531 637 3430 3430 563 638 3431 3431 573 657 3432 3432 541 662 3433 3433 512 658 3434 3434 542 659 3435 3435 543 833 3436 3436 575 660 3437 3437 575 660 3438 3438 543 833 3439 3439 541 662 3440 3440 540 655 3441 3441 542 659 3442 3442 574 661 3443 3443 544 663 3444 3444 545 683 3445 3445 577 664 3446 3446 578 666 3447 3447 546 834 3448 3448 547 667 3449 3449 579 668 3450 3450 547 667 3451 3451 548 669 3452 3452 580 670 3453 3453 548 669 3454 3454 549 671 3455 3455 550 673 3456 3456 551 668 3457 3457 583 674 3458 3458 584 676 3459 3459 552 708 3460 3460 553 677 3461 3461 586 679 3462 3462 554 682 3463 3463 555 680 3464 3464 585 678 3465 3465 553 677 3466 3466 554 682 3467 3467 545 683 3468 3468 546 834 3469 3469 578 666 3470 3470 581 672 3471 3471 549 671 3472 3472 556 684 3473 3473 551 668 3474 3474 557 668 3475 3475 589 668 3476 3476 587 681 3477 3477 555 680 3478 3478 550 673 3479 3479 590 686 3480 3480 558 835 3481 3481 559 687 3482 3482 592 689 3483 3483 560 706 3484 3484 561 690 3485 3485 559 687 3486 3486 562 836 3487 3487 594 691 3488 3488 563 692 3489 3489 558 835 3490 3490 590 686 3491 3491 564 694 3492 3492 565 697 3493 3493 597 695 3494 3494 565 697 3495 3495 566 705 3496 3496 598 698 3497 3497 567 699 3498 3498 568 707 3499 3499 600 700 3500 3500 569 702 3501 3501 570 709 3502 3502 602 703 3503 3503 566 705 3504 3504 567 699 3505 3505 599 701 3506 3506 594 691 3507 3507 562 836 3508 3508 560 706 3509 3509 561 690 3510 3510 564 694 3511 3511 596 696 3512 3512 568 707 3513 3513 569 702 3514 3514 601 704 3515 3515 588 685 3516 3516 556 684 3517 3517 552 708 3518 3518 570 709 3519 3519 571 711 3520 3520 603 710 3521 3521 571 711 3522 3522 572 837 3523 3523 604 712 3524 3524 557 668 3525 3525 563 692 3526 3526 595 693 3527 3527 605 713 3528 3528 573 838 3529 3529 544 663 3530 3530 574 714 3531 3531 575 717 3532 3532 607 715 3533 3533 575 717 3534 3534 573 838 3535 3535 605 713 3536 3536 604 712 3537 3537 572 837 3538 3538 574 714 3539 3539 604 718 3540 3540 606 724 3541 3541 381 719 3542 3542 607 721 3543 3543 605 725 3544 3544 379 722 3545 3545 606 724 3546 3546 607 721 3547 3547 382 723 3548 3548 605 725 3549 3549 576 839 3550 3550 321 726 3551 3551 346 727 3552 3552 589 840 3553 3553 595 728 3554 3554 603 730 3555 3555 604 718 3556 3556 376 720 3557 3557 372 732 3558 3558 602 841 3559 3559 603 730 3560 3560 588 733 3561 3561 584 842 3562 3562 337 734 3563 3563 368 736 3564 3564 600 843 3565 3565 601 737 3566 3566 354 739 3567 3567 593 844 3568 3568 596 740 3569 3569 356 742 3570 3570 594 845 3571 3571 592 743 3572 3572 364 745 3573 3573 598 846 3574 3574 599 746 3575 3575 601 737 3576 3576 602 841 3577 3577 372 732 3578 3578 599 746 3579 3579 600 843 3580 3580 368 736 3581 3581 597 748 3582 3582 598 846 3583 3583 364 745 3584 3584 596 740 3585 3585 597 748 3586 3586 362 749 3587 3587 595 728 3588 3588 590 753 3589 3589 349 750 3590 3590 591 751 3591 3591 594 845 3592 3592 356 742 3593 3593 592 743 3594 3594 593 844 3595 3595 354 739 3596 3596 590 753 3597 3597 591 751 3598 3598 350 752 3599 3599 587 754 3600 3600 582 847 3601 3601 333 755 3602 3602 583 757 3603 3603 589 840 3604 3604 346 727 3605 3605 581 759 3606 3606 588 733 3607 3607 344 735 3608 3608 577 761 3609 3609 578 848 3610 3610 325 762 3611 3611 585 764 3612 3612 586 849 3613 3613 341 765 3614 3614 341 765 3615 3615 586 849 3616 3616 587 754 3617 3617 337 734 3618 3618 584 842 3619 3619 585 764 3620 3620 333 755 3621 3621 582 847 3622 3622 583 757 3623 3623 580 767 3624 3624 581 759 3625 3625 330 760 3626 3626 579 769 3627 3627 580 767 3628 3628 328 768 3629 3629 325 762 3630 3630 578 848 3631 3631 579 769 3632 3632 321 726 3633 3633 576 839 3634 3634 577 761 3635 3635</p>
        </triangles>
      </mesh>
    </geometry>
  </library_geometries>
  <library_visual_scenes>
    <visual_scene id="Wheel" name="Wheel">
      <node id="nulldetail1" name="nulldetail1" type="NODE">
        <matrix sid="transform">1 0 0 0 0 1 0 0 0 0 1 0 0 0 0 1</matrix>
      </node>
      <node id="collision-1" name="collision-1" type="NODE">
        <matrix sid="transform">1 0 0 0 0 1 0 0 0 0 1 0 0 0 0 1</matrix>
        <instance_geometry url="#collision-1-mesh" name="collision-1"/>
      </node>
      <node id="Wheel_LOD300" name="Wheel_LOD300" type="NODE">
        <matrix sid="transform">1 0 0 0 0 1 0 0 0 0 1 0 0 0 0 1</matrix>
        <instance_geometry url="#Wheel_LOD300-mesh" name="Wheel_LOD300">
          <bind_material>
            <technique_common>
              <instance_material symbol="Ratrod_Body-material" target="#Ratrod_Body-material">
                <bind_vertex_input semantic="UVMap" input_semantic="TEXCOORD" input_set="0"/>
              </instance_material>
            </technique_common>
          </bind_material>
        </instance_geometry>
      </node>
    </visual_scene>
  </library_visual_scenes>
  <scene>
    <instance_visual_scene url="#Wheel"/>
  </scene>
</COLLADA>